ISO-10303-21;
HEADER;
FILE_DESCRIPTION (( 'STEP AP214' ),
    '1' );
FILE_NAME ('connector 0.75 to 0.5 inch.STEP',
    '2025-11-07T11:11:32',
    ( '' ),
    ( '' ),
    'SwSTEP 2.0',
    'SolidWorks 2025',
    '' );
FILE_SCHEMA (( 'AUTOMOTIVE_DESIGN' ));
ENDSEC;

DATA;
#1 = CARTESIAN_POINT ( 'NONE',  ( 0.3937007874015748254, 0.000000000000000000, 0.000000000000000000 ) ) ;
#2 = CARTESIAN_POINT ( 'NONE',  ( -0.1574803149606299191, 0.000000000000000000, 0.000000000000000000 ) ) ;
#3 = VERTEX_POINT ( 'NONE', #318 ) ;
#4 = CARTESIAN_POINT ( 'NONE',  ( -0.9448818897637796255, 0.000000000000000000, -0.3799212598425197318 ) ) ;
#5 = ORIENTED_EDGE ( 'NONE', *, *, #1333, .T. ) ;
#6 = DIRECTION ( 'NONE',  ( 0.000000000000000000, 0.000000000000000000, -1.000000000000000000 ) ) ;
#7 = LINE ( 'NONE', #920, #1351 ) ;
#8 = CARTESIAN_POINT ( 'NONE',  ( -0.5905511811023621549, 0.000000000000000000, -0.3799212598425197318 ) ) ;
#9 = ORIENTED_EDGE ( 'NONE', *, *, #134, .F. ) ;
#10 = DIRECTION ( 'NONE',  ( 0.000000000000000000, 0.000000000000000000, -1.000000000000000000 ) ) ;
#11 = ORIENTED_EDGE ( 'NONE', *, *, #1660, .F. ) ;
#12 = CARTESIAN_POINT ( 'NONE',  ( -0.1574803149606299191, 0.000000000000000000, -0.3799212598425197318 ) ) ;
#13 = VECTOR ( 'NONE', #186, 39.37007874015748143 ) ;
#14 = VERTEX_POINT ( 'NONE', #952 ) ;
#15 = EDGE_CURVE ( 'NONE', #483, #292, #1221, .T. ) ;
#16 = LINE ( 'NONE', #287, #116 ) ;
#17 = AXIS2_PLACEMENT_3D ( 'NONE', #1367, #1496, #90 ) ;
#18 = EDGE_CURVE ( 'NONE', #3, #1472, #1344, .T. ) ;
#19 = FACE_OUTER_BOUND ( 'NONE', #353, .T. ) ;
#20 = VERTEX_POINT ( 'NONE', #1337 ) ;
#21 = DIRECTION ( 'NONE',  ( -1.000000000000000000, -0.000000000000000000, -0.000000000000000000 ) ) ;
#22 = ORIENTED_EDGE ( 'NONE', *, *, #644, .T. ) ;
#23 = FACE_OUTER_BOUND ( 'NONE', #1095, .T. ) ;
#24 = VERTEX_POINT ( 'NONE', #1364 ) ;
#25 = CARTESIAN_POINT ( 'NONE',  ( 1.062992125984252079, 0.000000000000000000, 0.000000000000000000 ) ) ;
#26 = EDGE_CURVE ( 'NONE', #1126, #1243, #185, .T. ) ;
#27 = CYLINDRICAL_SURFACE ( 'NONE', #1624, 0.3799212598425197318 ) ;
#28 = DIRECTION ( 'NONE',  ( 0.000000000000000000, 0.000000000000000000, -1.000000000000000000 ) ) ;
#29 = VERTEX_POINT ( 'NONE', #596 ) ;
#30 = FACE_OUTER_BOUND ( 'NONE', #826, .T. ) ;
#31 = ORIENTED_EDGE ( 'NONE', *, *, #1045, .F. ) ;
#32 = DIRECTION ( 'NONE',  ( -1.000000000000000000, -0.000000000000000000, -0.000000000000000000 ) ) ;
#33 = DIRECTION ( 'NONE',  ( 0.000000000000000000, 0.000000000000000000, -1.000000000000000000 ) ) ;
#34 = EDGE_CURVE ( 'NONE', #1055, #1454, #1350, .T. ) ;
#35 = FACE_OUTER_BOUND ( 'NONE', #1281, .T. ) ;
#36 = VERTEX_POINT ( 'NONE', #1605 ) ;
#37 = FACE_OUTER_BOUND ( 'NONE', #1226, .T. ) ;
#38 = EDGE_LOOP ( 'NONE', ( #1410, #755 ) ) ;
#39 = AXIS2_PLACEMENT_3D ( 'NONE', #683, #444, #1081 ) ;
#40 = AXIS2_PLACEMENT_3D ( 'NONE', #1655, #743, #887 ) ;
#41 = DIRECTION ( 'NONE',  ( 1.000000000000000000, 0.000000000000000000, 0.000000000000000000 ) ) ;
#42 = CIRCLE ( 'NONE', #1599, 0.3543307086614173040 ) ;
#43 = CIRCLE ( 'NONE', #904, 0.3799212598425197318 ) ;
#44 = DIRECTION ( 'NONE',  ( 1.000000000000000000, 0.000000000000000000, 0.000000000000000000 ) ) ;
#45 = DIRECTION ( 'NONE',  ( 1.000000000000000000, 0.000000000000000000, 0.000000000000000000 ) ) ;
#46 = ORIENTED_EDGE ( 'NONE', *, *, #668, .F. ) ;
#47 = CARTESIAN_POINT ( 'NONE',  ( 0.3937007874015748254, 0.000000000000000000, 0.000000000000000000 ) ) ;
#48 = EDGE_CURVE ( 'NONE', #1227, #100, #484, .T. ) ;
#49 = EDGE_CURVE ( 'NONE', #1497, #1538, #1086, .T. ) ;
#50 = ORIENTED_EDGE ( 'NONE', *, *, #554, .T. ) ;
#51 = CARTESIAN_POINT ( 'NONE',  ( -1.023622047244094890, 4.536618777686133549E-17, -0.3684843009365666444 ) ) ;
#52 = ORIENTED_EDGE ( 'NONE', *, *, #1316, .T. ) ;
#53 = CARTESIAN_POINT ( 'NONE',  ( -0.3543307086614173596, 0.000000000000000000, -0.3799212598425197318 ) ) ;
#54 = CARTESIAN_POINT ( 'NONE',  ( 1.062992125984252079, 0.000000000000000000, 0.000000000000000000 ) ) ;
#55 = ORIENTED_EDGE ( 'NONE', *, *, #511, .F. ) ;
#56 = ORIENTED_EDGE ( 'NONE', *, *, #1461, .F. ) ;
#57 = ADVANCED_FACE ( 'NONE', ( #1212 ), #740, .T. ) ;
#58 = EDGE_CURVE ( 'NONE', #992, #1536, #1593, .T. ) ;
#59 = DIRECTION ( 'NONE',  ( -1.000000000000000000, 0.000000000000000000, 0.000000000000000000 ) ) ;
#60 = DIRECTION ( 'NONE',  ( 1.000000000000000000, 0.000000000000000000, 0.000000000000000000 ) ) ;
#61 = CARTESIAN_POINT ( 'NONE',  ( -0.5905511811023615998, 0.000000000000000000, 0.000000000000000000 ) ) ;
#62 = ORIENTED_EDGE ( 'NONE', *, *, #1257, .F. ) ;
#63 = LINE ( 'NONE', #841, #1378 ) ;
#64 = EDGE_LOOP ( 'NONE', ( #555, #907, #298, #692 ) ) ;
#65 = LINE ( 'NONE', #1473, #545 ) ;
#66 = CIRCLE ( 'NONE', #201, 0.1220472440944885273 ) ;
#67 = DIRECTION ( 'NONE',  ( 0.000000000000000000, 0.000000000000000000, -1.000000000000000000 ) ) ;
#68 = CARTESIAN_POINT ( 'NONE',  ( 0.07874015748031501505, 0.000000000000000000, -0.2559055118110235005 ) ) ;
#69 = ADVANCED_FACE ( 'NONE', ( #971 ), #1510, .T. ) ;
#70 = VECTOR ( 'NONE', #964, 39.37007874015748143 ) ;
#71 = CONICAL_SURFACE ( 'NONE', #101, 0.2500000000000000000, 0.07485984771076648059 ) ;
#72 = CARTESIAN_POINT ( 'NONE',  ( 1.059055118110236338, 0.000000000000000000, 0.1181102362204727863 ) ) ;
#73 = ORIENTED_EDGE ( 'NONE', *, *, #1470, .T. ) ;
#74 = TOROIDAL_SURFACE ( 'NONE', #898, 0.1220472440944885273, 0.003937007874015747977 ) ;
#75 = ORIENTED_EDGE ( 'NONE', *, *, #1480, .T. ) ;
#76 = DIRECTION ( 'NONE',  ( 1.000000000000000000, 0.000000000000000000, 0.000000000000000000 ) ) ;
#77 = ORIENTED_EDGE ( 'NONE', *, *, #512, .T. ) ;
#78 = DIRECTION ( 'NONE',  ( 0.9916556173432377053, 0.000000000000000000, -0.1289152302546214823 ) ) ;
#79 = CARTESIAN_POINT ( 'NONE',  ( -0.3937007874015747699, 0.000000000000000000, -0.3799212598425197318 ) ) ;
#80 = EDGE_CURVE ( 'NONE', #1118, #1153, #334, .T. ) ;
#81 = EDGE_CURVE ( 'NONE', #3, #1270, #1195, .T. ) ;
#82 = CARTESIAN_POINT ( 'NONE',  ( 0.07874015748031495954, 5.818415145192841905E-17, 0.4546065111729338248 ) ) ;
#83 = EDGE_LOOP ( 'NONE', ( #1368, #942, #1057, #1209 ) ) ;
#84 = CARTESIAN_POINT ( 'NONE',  ( 0.07874015748031495954, 5.818415145192841905E-17, 0.4546065111729338248 ) ) ;
#85 = DIRECTION ( 'NONE',  ( -1.000000000000000000, -0.000000000000000000, -0.000000000000000000 ) ) ;
#86 = CARTESIAN_POINT ( 'NONE',  ( 0.6299212598425196763, 0.000000000000000000, 0.2421259842519684902 ) ) ;
#87 = CARTESIAN_POINT ( 'NONE',  ( -0.8267716535433067282, 0.000000000000000000, 0.000000000000000000 ) ) ;
#88 = ADVANCED_FACE ( 'NONE', ( #707 ), #173, .T. ) ;
#89 = ORIENTED_EDGE ( 'NONE', *, *, #58, .F. ) ;
#90 = DIRECTION ( 'NONE',  ( 0.000000000000000000, -1.224646799147353947E-16, 1.000000000000000000 ) ) ;
#91 = EDGE_LOOP ( 'NONE', ( #52, #1292, #351, #585 ) ) ;
#92 = ADVANCED_FACE ( 'NONE', ( #577 ), #1618, .T. ) ;
#93 = SURFACE_SIDE_STYLE ('',( #732 ) ) ;
#94 = CARTESIAN_POINT ( 'NONE',  ( -1.023622047244094890, 4.652693547941716653E-17, 0.3799212598425197318 ) ) ;
#95 = SHAPE_DEFINITION_REPRESENTATION ( #1016, #919 ) ;
#96 = CIRCLE ( 'NONE', #378, 0.3346456692913388764 ) ;
#97 = CIRCLE ( 'NONE', #604, 0.3799212598425197318 ) ;
#98 = CYLINDRICAL_SURFACE ( 'NONE', #406, 0.2559055118110235560 ) ;
#99 = AXIS2_PLACEMENT_3D ( 'NONE', #756, #636, #107 ) ;
#100 = VERTEX_POINT ( 'NONE', #86 ) ;
#101 = AXIS2_PLACEMENT_3D ( 'NONE', #155, #508, #1396 ) ;
#102 = EDGE_CURVE ( 'NONE', #1154, #1623, #894, .T. ) ;
#103 = DIRECTION ( 'NONE',  ( 0.000000000000000000, 0.000000000000000000, 1.000000000000000000 ) ) ;
#104 = DIRECTION ( 'NONE',  ( 0.000000000000000000, 0.000000000000000000, 1.000000000000000000 ) ) ;
#105 = DIRECTION ( 'NONE',  ( 0.000000000000000000, 0.000000000000000000, -1.000000000000000000 ) ) ;
#106 = ORIENTED_EDGE ( 'NONE', *, *, #238, .F. ) ;
#107 = DIRECTION ( 'NONE',  ( 0.000000000000000000, 0.000000000000000000, -1.000000000000000000 ) ) ;
#108 = CARTESIAN_POINT ( 'NONE',  ( 0.4724409448818898127, 0.000000000000000000, 0.2559055118110235005 ) ) ;
#109 = FACE_OUTER_BOUND ( 'NONE', #83, .T. ) ;
#110 = VERTEX_POINT ( 'NONE', #79 ) ;
#111 = CARTESIAN_POINT ( 'NONE',  ( 0.07874015748031495954, 0.000000000000000000, 0.000000000000000000 ) ) ;
#112 = ADVANCED_FACE ( 'NONE', ( #733, #988 ), #587, .T. ) ;
#113 = DIRECTION ( 'NONE',  ( 0.000000000000000000, -1.000000000000000000, 0.000000000000000000 ) ) ;
#114 = ORIENTED_EDGE ( 'NONE', *, *, #1340, .F. ) ;
#115 = AXIS2_PLACEMENT_3D ( 'NONE', #481, #1124, #227 ) ;
#116 = VECTOR ( 'NONE', #166, 39.37007874015748143 ) ;
#117 = ORIENTED_EDGE ( 'NONE', *, *, #726, .F. ) ;
#118 = ORIENTED_EDGE ( 'NONE', *, *, #674, .F. ) ;
#119 = CIRCLE ( 'NONE', #1062, 0.2559055118110235005 ) ;
#120 = COLOUR_RGB ( '',0.7921568627450980005, 0.8196078431372548767, 0.9333333333333333481 ) ;
#121 = CIRCLE ( 'NONE', #1066, 0.2559055118110235005 ) ;
#122 = FACE_OUTER_BOUND ( 'NONE', #1550, .T. ) ;
#123 = DIRECTION ( 'NONE',  ( 0.000000000000000000, 0.000000000000000000, -1.000000000000000000 ) ) ;
#124 = ORIENTED_EDGE ( 'NONE', *, *, #1208, .F. ) ;
#125 = ADVANCED_FACE ( 'NONE', ( #880 ), #485, .T. ) ;
#126 = VERTEX_POINT ( 'NONE', #108 ) ;
#127 = FACE_OUTER_BOUND ( 'NONE', #462, .T. ) ;
#128 = ORIENTED_EDGE ( 'NONE', *, *, #910, .T. ) ;
#129 = CARTESIAN_POINT ( 'NONE',  ( 0.07874015748031495954, 0.000000000000000000, 0.000000000000000000 ) ) ;
#130 = DIRECTION ( 'NONE',  ( 0.000000000000000000, 0.000000000000000000, 1.000000000000000000 ) ) ;
#131 = DIRECTION ( 'NONE',  ( -1.000000000000000000, -0.000000000000000000, -0.000000000000000000 ) ) ;
#132 = ORIENTED_EDGE ( 'NONE', *, *, #1077, .F. ) ;
#133 = FACE_OUTER_BOUND ( 'NONE', #435, .T. ) ;
#134 = EDGE_CURVE ( 'NONE', #29, #14, #539, .T. ) ;
#135 = EDGE_LOOP ( 'NONE', ( #1116, #440 ) ) ;
#136 = CARTESIAN_POINT ( 'NONE',  ( 1.062992125984252079, 0.000000000000000000, 0.000000000000000000 ) ) ;
#137 = EDGE_CURVE ( 'NONE', #100, #1227, #763, .T. ) ;
#138 = FACE_OUTER_BOUND ( 'NONE', #950, .T. ) ;
#139 = DIRECTION ( 'NONE',  ( -1.000000000000000000, -0.000000000000000000, -0.000000000000000000 ) ) ;
#140 = EDGE_LOOP ( 'NONE', ( #641, #759 ) ) ;
#141 = VECTOR ( 'NONE', #224, 39.37007874015748143 ) ;
#142 = DIRECTION ( 'NONE',  ( 1.000000000000000000, 0.000000000000000000, 0.000000000000000000 ) ) ;
#143 = ORIENTED_EDGE ( 'NONE', *, *, #190, .F. ) ;
#144 = AXIS2_PLACEMENT_3D ( 'NONE', #1339, #1469, #1607 ) ;
#145 = AXIS2_PLACEMENT_3D ( 'NONE', #1032, #783, #1446 ) ;
#146 = CARTESIAN_POINT ( 'NONE',  ( -1.023622047244094890, 0.000000000000000000, 0.000000000000000000 ) ) ;
#147 = TOROIDAL_SURFACE ( 'NONE', #205, 0.2463472104094229231, 0.003937007874015747977 ) ;
#148 = ORIENTED_EDGE ( 'NONE', *, *, #220, .T. ) ;
#149 = AXIS2_PLACEMENT_3D ( 'NONE', #671, #1184, #703 ) ;
#150 = ADVANCED_FACE ( 'NONE', ( #354 ), #867, .T. ) ;
#151 = CIRCLE ( 'NONE', #178, 0.3307086614173230799 ) ;
#152 = FACE_BOUND ( 'NONE', #1028, .T. ) ;
#153 = VECTOR ( 'NONE', #248, 39.37007874015748143 ) ;
#154 = LINE ( 'NONE', #1161, #153 ) ;
#155 = CARTESIAN_POINT ( 'NONE',  ( 1.062992125984252079, 0.000000000000000000, 0.000000000000000000 ) ) ;
#156 = ORIENTED_EDGE ( 'NONE', *, *, #1576, .F. ) ;
#157 = CARTESIAN_POINT ( 'NONE',  ( 1.062992125984252079, 3.040922930669502487E-17, 0.2463472104094229231 ) ) ;
#158 = EDGE_LOOP ( 'NONE', ( #1554, #684 ) ) ;
#159 = DIRECTION ( 'NONE',  ( 1.000000000000000000, 0.000000000000000000, 0.000000000000000000 ) ) ;
#160 = ADVANCED_FACE ( 'NONE', ( #246 ), #999, .T. ) ;
#161 = CARTESIAN_POINT ( 'NONE',  ( 1.059055118110236338, 0.000000000000000000, 0.000000000000000000 ) ) ;
#162 = CARTESIAN_POINT ( 'NONE',  ( -0.07874015748031502893, 0.000000000000000000, -0.3799212598425197318 ) ) ;
#163 = ORIENTED_EDGE ( 'NONE', *, *, #1340, .T. ) ;
#164 = LINE ( 'NONE', #1067, #255 ) ;
#165 = ORIENTED_EDGE ( 'NONE', *, *, #591, .T. ) ;
#166 = DIRECTION ( 'NONE',  ( -1.000000000000000000, -0.000000000000000000, -0.000000000000000000 ) ) ;
#167 = UNCERTAINTY_MEASURE_WITH_UNIT (LENGTH_MEASURE( 1.000000000000000082E-05 ), #217, 'distance_accuracy_value', 'NONE');
#168 = DIRECTION ( 'NONE',  ( 1.000000000000000000, 0.000000000000000000, 0.000000000000000000 ) ) ;
#169 = EDGE_CURVE ( 'NONE', #36, #548, #1247, .T. ) ;
#170 = FACE_OUTER_BOUND ( 'NONE', #253, .T. ) ;
#171 = VERTEX_POINT ( 'NONE', #362 ) ;
#172 = ORIENTED_EDGE ( 'NONE', *, *, #1085, .F. ) ;
#173 = CONICAL_SURFACE ( 'NONE', #1456, 0.3799212598425197318, 0.09966865249116099723 ) ;
#174 = AXIS2_PLACEMENT_3D ( 'NONE', #1098, #557, #1204 ) ;
#175 = DIRECTION ( 'NONE',  ( 0.9950371902099891530, 1.218569110023226714E-17, 0.09950371902099788834 ) ) ;
#176 = AXIS2_PLACEMENT_3D ( 'NONE', #998, #1369, #613 ) ;
#177 = ORIENTED_EDGE ( 'NONE', *, *, #260, .F. ) ;
#178 = AXIS2_PLACEMENT_3D ( 'NONE', #839, #1352, #180 ) ;
#179 = CARTESIAN_POINT ( 'NONE',  ( -0.5905511811023621549, 0.000000000000000000, 0.000000000000000000 ) ) ;
#180 = DIRECTION ( 'NONE',  ( 0.000000000000000000, 0.000000000000000000, 1.000000000000000000 ) ) ;
#181 = ORIENTED_EDGE ( 'NONE', *, *, #1134, .F. ) ;
#182 = EDGE_CURVE ( 'NONE', #1270, #1106, #346, .T. ) ;
#183 = ORIENTED_EDGE ( 'NONE', *, *, #81, .F. ) ;
#184 = CARTESIAN_POINT ( 'NONE',  ( 0.6299212598425196763, 2.965188116045756233E-17, -0.2421259842519684902 ) ) ;
#185 = LINE ( 'NONE', #94, #276 ) ;
#186 = DIRECTION ( 'NONE',  ( 1.000000000000000000, 0.000000000000000000, 0.000000000000000000 ) ) ;
#187 = DIRECTION ( 'NONE',  ( -1.000000000000000000, -0.000000000000000000, -0.000000000000000000 ) ) ;
#188 = ORIENTED_EDGE ( 'NONE', *, *, #924, .T. ) ;
#189 = ORIENTED_EDGE ( 'NONE', *, *, #1523, .F. ) ;
#190 = EDGE_CURVE ( 'NONE', #997, #1074, #1386, .T. ) ;
#191 = CARTESIAN_POINT ( 'NONE',  ( -0.07874015748031502893, 0.000000000000000000, 0.000000000000000000 ) ) ;
#192 = DIRECTION ( 'NONE',  ( -1.000000000000000000, -0.000000000000000000, -0.000000000000000000 ) ) ;
#193 = CARTESIAN_POINT ( 'NONE',  ( 0.2559055118110236671, 0.000000000000000000, 0.2490944881889764206 ) ) ;
#194 = CARTESIAN_POINT ( 'NONE',  ( 0.07874015748031495954, -1.322954436817065102E-32, -0.4546065111729338248 ) ) ;
#195 = EDGE_LOOP ( 'NONE', ( #229, #1347, #728, #214 ) ) ;
#196 = CARTESIAN_POINT ( 'NONE',  ( -0.1574803149606299191, 0.000000000000000000, 0.000000000000000000 ) ) ;
#197 = ORIENTED_EDGE ( 'NONE', *, *, #190, .T. ) ;
#198 = DIRECTION ( 'NONE',  ( 0.000000000000000000, 0.000000000000000000, -1.000000000000000000 ) ) ;
#199 = AXIS2_PLACEMENT_3D ( 'NONE', #859, #192, #1457 ) ;
#200 = EDGE_CURVE ( 'NONE', #1623, #1154, #1427, .T. ) ;
#201 = AXIS2_PLACEMENT_3D ( 'NONE', #54, #694, #1476 ) ;
#202 = AXIS2_PLACEMENT_3D ( 'NONE', #691, #595, #439 ) ;
#203 = CARTESIAN_POINT ( 'NONE',  ( 0.2559055118110236671, 0.000000000000000000, 0.2490944881889764206 ) ) ;
#204 = CARTESIAN_POINT ( 'NONE',  ( -1.023622047244094890, 0.000000000000000000, 0.000000000000000000 ) ) ;
#205 = AXIS2_PLACEMENT_3D ( 'NONE', #161, #1442, #33 ) ;
#206 = AXIS2_PLACEMENT_3D ( 'NONE', #136, #1050, #419 ) ;
#207 = CARTESIAN_POINT ( 'NONE',  ( 0.4724409448818898127, 0.000000000000000000, 0.000000000000000000 ) ) ;
#208 = CIRCLE ( 'NONE', #466, 0.2490944881889764206 ) ;
#209 = ORIENTED_EDGE ( 'NONE', *, *, #1532, .F. ) ;
#210 = DIRECTION ( 'NONE',  ( 0.000000000000000000, 0.000000000000000000, -1.000000000000000000 ) ) ;
#211 = CARTESIAN_POINT ( 'NONE',  ( -1.023622047244094890, 0.000000000000000000, 0.000000000000000000 ) ) ;
#212 = EDGE_CURVE ( 'NONE', #126, #1074, #403, .T. ) ;
#213 = CARTESIAN_POINT ( 'NONE',  ( 0.07874015748031501505, 0.000000000000000000, 0.000000000000000000 ) ) ;
#214 = ORIENTED_EDGE ( 'NONE', *, *, #910, .F. ) ;
#215 = CARTESIAN_POINT ( 'NONE',  ( 1.059349566725360958, 0.000000000000000000, 0.000000000000000000 ) ) ;
#216 = DIRECTION ( 'NONE',  ( 0.000000000000000000, 0.000000000000000000, -1.000000000000000000 ) ) ;
#217 =( CONVERSION_BASED_UNIT ( 'INCH', #1273 ) LENGTH_UNIT ( ) NAMED_UNIT ( #1232 ) );
#218 = DIRECTION ( 'NONE',  ( 0.000000000000000000, 0.000000000000000000, -1.000000000000000000 ) ) ;
#219 = EDGE_CURVE ( 'NONE', #1536, #992, #1646, .T. ) ;
#220 = EDGE_CURVE ( 'NONE', #1556, #1538, #1324, .T. ) ;
#221 = CARTESIAN_POINT ( 'NONE',  ( -1.023622047244094890, 0.000000000000000000, -0.3799212598425197318 ) ) ;
#222 = ORIENTED_EDGE ( 'NONE', *, *, #749, .T. ) ;
#223 = AXIS2_PLACEMENT_3D ( 'NONE', #605, #60, #699 ) ;
#224 = DIRECTION ( 'NONE',  ( -0.9971993098884563977, 9.159127072251311134E-18, -0.07478994824163384680 ) ) ;
#225 = CIRCLE ( 'NONE', #1459, 0.2463472104094229231 ) ;
#226 = AXIS2_PLACEMENT_3D ( 'NONE', #550, #32, #422 ) ;
#227 = DIRECTION ( 'NONE',  ( 0.000000000000000000, 0.000000000000000000, -1.000000000000000000 ) ) ;
#228 = CIRCLE ( 'NONE', #871, 0.2550000000000000044 ) ;
#229 = ORIENTED_EDGE ( 'NONE', *, *, #685, .T. ) ;
#230 = AXIS2_PLACEMENT_3D ( 'NONE', #1176, #21, #526 ) ;
#231 = CARTESIAN_POINT ( 'NONE',  ( 0.3937007874015748254, 3.133938659235351720E-17, 0.2559055118110235005 ) ) ;
#232 = DIRECTION ( 'NONE',  ( 0.000000000000000000, 0.000000000000000000, -1.000000000000000000 ) ) ;
#233 = CARTESIAN_POINT ( 'NONE',  ( -0.8267716535433067282, 0.000000000000000000, -0.3543307086614173040 ) ) ;
#234 = ORIENTED_EDGE ( 'NONE', *, *, #1372, .F. ) ;
#235 = ORIENTED_EDGE ( 'NONE', *, *, #365, .T. ) ;
#236 = CARTESIAN_POINT ( 'NONE',  ( 0.9842519685039370358, 0.000000000000000000, 0.000000000000000000 ) ) ;
#237 = ADVANCED_FACE ( 'NONE', ( #504 ), #1648, .T. ) ;
#238 = EDGE_CURVE ( 'NONE', #1255, #949, #1393, .T. ) ;
#239 = DIRECTION ( 'NONE',  ( 1.000000000000000000, 0.000000000000000000, 0.000000000000000000 ) ) ;
#240 = DIRECTION ( 'NONE',  ( 0.000000000000000000, 0.000000000000000000, 1.000000000000000000 ) ) ;
#241 = VERTEX_POINT ( 'NONE', #1381 ) ;
#242 = ORIENTED_EDGE ( 'NONE', *, *, #726, .T. ) ;
#243 = ORIENTED_EDGE ( 'NONE', *, *, #18, .T. ) ;
#244 = FACE_BOUND ( 'NONE', #1314, .T. ) ;
#245 = APPLICATION_PROTOCOL_DEFINITION ( 'draft international standard', 'automotive_design', 1998, #402 ) ;
#246 = FACE_OUTER_BOUND ( 'NONE', #1650, .T. ) ;
#247 = ADVANCED_FACE ( 'NONE', ( #122 ), #1024, .T. ) ;
#248 = DIRECTION ( 'NONE',  ( 1.000000000000000000, 0.000000000000000000, 0.000000000000000000 ) ) ;
#249 = VECTOR ( 'NONE', #239, 39.37007874015748143 ) ;
#250 = AXIS2_PLACEMENT_3D ( 'NONE', #598, #489, #1009 ) ;
#251 = ORIENTED_EDGE ( 'NONE', *, *, #1563, .F. ) ;
#252 = DIRECTION ( 'NONE',  ( 0.000000000000000000, 1.000000000000000000, 0.000000000000000000 ) ) ;
#253 = EDGE_LOOP ( 'NONE', ( #666, #1591, #840, #1319 ) ) ;
#254 = AXIS2_PLACEMENT_3D ( 'NONE', #1151, #1123, #734 ) ;
#255 = VECTOR ( 'NONE', #645, 39.37007874015748143 ) ;
#256 = CARTESIAN_POINT ( 'NONE',  ( 0.8661417322834645827, 3.133938659235352336E-17, 0.2559055118110235560 ) ) ;
#257 = DIRECTION ( 'NONE',  ( 0.000000000000000000, -0.5000000000000001110, -0.8660254037844385966 ) ) ;
#258 = EDGE_CURVE ( 'NONE', #973, #1243, #97, .T. ) ;
#259 = CARTESIAN_POINT ( 'NONE',  ( -1.023622047244094890, 0.000000000000000000, 0.000000000000000000 ) ) ;
#260 = EDGE_CURVE ( 'NONE', #1495, #1362, #956, .T. ) ;
#261 = ORIENTED_EDGE ( 'NONE', *, *, #1328, .F. ) ;
#262 = CARTESIAN_POINT ( 'NONE',  ( 0.6299212598425196763, 0.000000000000000000, 0.000000000000000000 ) ) ;
#263 = ORIENTED_EDGE ( 'NONE', *, *, #1168, .F. ) ;
#264 = LINE ( 'NONE', #12, #931 ) ;
#265 = ORIENTED_EDGE ( 'NONE', *, *, #373, .T. ) ;
#266 = FACE_OUTER_BOUND ( 'NONE', #960, .T. ) ;
#267 = DIRECTION ( 'NONE',  ( 0.000000000000000000, 0.000000000000000000, -1.000000000000000000 ) ) ;
#268 = VERTEX_POINT ( 'NONE', #993 ) ;
#269 = DIRECTION ( 'NONE',  ( 1.000000000000000000, 0.000000000000000000, 0.000000000000000000 ) ) ;
#270 = ORIENTED_EDGE ( 'NONE', *, *, #1278, .T. ) ;
#271 = EDGE_CURVE ( 'NONE', #1362, #582, #1058, .T. ) ;
#272 = CARTESIAN_POINT ( 'NONE',  ( 0.07874015748031495954, -0.3937007874015748254, -0.2273032555864669124 ) ) ;
#273 = ORIENTED_EDGE ( 'NONE', *, *, #944, .T. ) ;
#274 = CYLINDRICAL_SURFACE ( 'NONE', #407, 0.3799212598425197318 ) ;
#275 = FACE_OUTER_BOUND ( 'NONE', #1249, .T. ) ;
#276 = VECTOR ( 'NONE', #1114, 39.37007874015748143 ) ;
#277 = DIRECTION ( 'NONE',  ( 0.000000000000000000, 0.000000000000000000, 1.000000000000000000 ) ) ;
#278 = EDGE_LOOP ( 'NONE', ( #517, #22, #128, #89 ) ) ;
#279 = AXIS2_PLACEMENT_3D ( 'NONE', #1109, #1000, #616 ) ;
#280 = CIRCLE ( 'NONE', #687, 0.3799212598425197318 ) ;
#281 = ADVANCED_FACE ( 'NONE', ( #1071, #513 ), #401, .T. ) ;
#282 = DIRECTION ( 'NONE',  ( -1.000000000000000000, -0.000000000000000000, -0.000000000000000000 ) ) ;
#283 = AXIS2_PLACEMENT_3D ( 'NONE', #1338, #1433, #1345 ) ;
#284 = ORIENTED_EDGE ( 'NONE', *, *, #821, .T. ) ;
#285 = CONICAL_SURFACE ( 'NONE', #412, 0.2490944881889764206, 0.03332099587824699505 ) ;
#286 = CIRCLE ( 'NONE', #230, 0.3307086614173231909 ) ;
#287 = CARTESIAN_POINT ( 'NONE',  ( -1.023622047244094890, 0.000000000000000000, 0.3307086614173231909 ) ) ;
#288 = CARTESIAN_POINT ( 'NONE',  ( 0.8661417322834645827, 0.000000000000000000, 0.2421259842519685179 ) ) ;
#289 = DIRECTION ( 'NONE',  ( 1.000000000000000000, 0.000000000000000000, 0.000000000000000000 ) ) ;
#290 = ORIENTED_EDGE ( 'NONE', *, *, #578, .F. ) ;
#291 = DIRECTION ( 'NONE',  ( 0.000000000000000000, 0.000000000000000000, 1.000000000000000000 ) ) ;
#292 = VERTEX_POINT ( 'NONE', #1580 ) ;
#293 = FACE_OUTER_BOUND ( 'NONE', #195, .T. ) ;
#294 = EDGE_CURVE ( 'NONE', #515, #677, #959, .T. ) ;
#295 = CARTESIAN_POINT ( 'NONE',  ( -1.020076786295358584, 4.606649953266909673E-17, 0.3724017701893618804 ) ) ;
#296 = EDGE_LOOP ( 'NONE', ( #251, #1562, #611, #914 ) ) ;
#297 = DIRECTION ( 'NONE',  ( 0.000000000000000000, 0.5000000000000002220, 0.8660254037844385966 ) ) ;
#298 = ORIENTED_EDGE ( 'NONE', *, *, #1219, .T. ) ;
#299 = CARTESIAN_POINT ( 'NONE',  ( -1.023622047244094890, 0.000000000000000000, 0.000000000000000000 ) ) ;
#300 = ORIENTED_EDGE ( 'NONE', *, *, #897, .T. ) ;
#301 = DIRECTION ( 'NONE',  ( 0.000000000000000000, 0.000000000000000000, 1.000000000000000000 ) ) ;
#302 = FACE_BOUND ( 'NONE', #1353, .T. ) ;
#303 = ORIENTED_EDGE ( 'NONE', *, *, #80, .F. ) ;
#304 = FACE_OUTER_BOUND ( 'NONE', #519, .T. ) ;
#305 = ORIENTED_EDGE ( 'NONE', *, *, #480, .T. ) ;
#306 = VECTOR ( 'NONE', #725, 39.37007874015748143 ) ;
#307 = VECTOR ( 'NONE', #1604, 39.37007874015748143 ) ;
#308 = DIRECTION ( 'NONE',  ( 0.000000000000000000, 0.000000000000000000, -1.000000000000000000 ) ) ;
#309 = VECTOR ( 'NONE', #1390, 39.37007874015748143 ) ;
#310 = CARTESIAN_POINT ( 'NONE',  ( -1.023622047244094890, 4.652693547941716653E-17, 0.3799212598425197318 ) ) ;
#311 = AXIS2_PLACEMENT_3D ( 'NONE', #262, #269, #1286 ) ;
#312 = CARTESIAN_POINT ( 'NONE',  ( 0.3937007874015748254, 0.000000000000000000, 0.2353149606299213270 ) ) ;
#313 = ADVANCED_FACE ( 'NONE', ( #138 ), #680, .T. ) ;
#314 = FACE_OUTER_BOUND ( 'NONE', #856, .T. ) ;
#315 = ADVANCED_FACE ( 'NONE', ( #523 ), #394, .F. ) ;
#316 = EDGE_LOOP ( 'NONE', ( #391, #371 ) ) ;
#317 = CARTESIAN_POINT ( 'NONE',  ( -0.3543307086614169710, 0.3543307086614173040, 0.000000000000000000 ) ) ;
#318 = CARTESIAN_POINT ( 'NONE',  ( 1.059349566725360958, 0.000000000000000000, 0.2502731919444168285 ) ) ;
#319 = DIRECTION ( 'NONE',  ( 0.000000000000000000, 0.000000000000000000, -1.000000000000000000 ) ) ;
#320 = DIRECTION ( 'NONE',  ( 0.000000000000000000, 0.8660254037844385966, 0.5000000000000001110 ) ) ;
#321 = ORIENTED_EDGE ( 'NONE', *, *, #1341, .F. ) ;
#322 = DIRECTION ( 'NONE',  ( 0.000000000000000000, 0.000000000000000000, -1.000000000000000000 ) ) ;
#323 = EDGE_CURVE ( 'NONE', #1395, #748, #16, .T. ) ;
#324 = EDGE_LOOP ( 'NONE', ( #501, #563, #857, #46 ) ) ;
#325 = DIRECTION ( 'NONE',  ( 1.000000000000000000, 0.000000000000000000, 0.000000000000000000 ) ) ;
#326 = CARTESIAN_POINT ( 'NONE',  ( -0.9448818897637796255, 0.000000000000000000, 0.000000000000000000 ) ) ;
#327 = CARTESIAN_POINT ( 'NONE',  ( -0.9448818897637796255, 4.652693547941716653E-17, 0.3799212598425197318 ) ) ;
#328 = VERTEX_POINT ( 'NONE', #817 ) ;
#329 = ORIENTED_EDGE ( 'NONE', *, *, #897, .F. ) ;
#330 = ADVANCED_FACE ( 'NONE', ( #266 ), #1061, .T. ) ;
#331 = CARTESIAN_POINT ( 'NONE',  ( 1.062992125984252079, 0.000000000000000000, -0.2463472104094229231 ) ) ;
#332 = CIRCLE ( 'NONE', #1434, 0.3799212598425197318 ) ;
#333 = CIRCLE ( 'NONE', #1034, 0.3799212598425197318 ) ;
#334 = LINE ( 'NONE', #310, #1138 ) ;
#335 = CIRCLE ( 'NONE', #1274, 0.3543307086614173040 ) ;
#336 = AXIS2_PLACEMENT_3D ( 'NONE', #564, #862, #868 ) ;
#337 = AXIS2_PLACEMENT_3D ( 'NONE', #617, #482, #1639 ) ;
#338 = EDGE_LOOP ( 'NONE', ( #1609, #1356 ) ) ;
#339 = CARTESIAN_POINT ( 'NONE',  ( -0.3937007874015747699, 0.000000000000000000, -0.3799212598425197318 ) ) ;
#340 = DIRECTION ( 'NONE',  ( 0.000000000000000000, 0.000000000000000000, -1.000000000000000000 ) ) ;
#341 = EDGE_CURVE ( 'NONE', #1321, #1055, #943, .T. ) ;
#342 = FACE_BOUND ( 'NONE', #506, .T. ) ;
#343 = ORIENTED_EDGE ( 'NONE', *, *, #137, .F. ) ;
#344 = ORIENTED_EDGE ( 'NONE', *, *, #1189, .T. ) ;
#345 = LENGTH_MEASURE_WITH_UNIT ( LENGTH_MEASURE( 0.02539999999999999897 ), #361 );
#346 = LINE ( 'NONE', #1636, #141 ) ;
#347 =( NAMED_UNIT ( * ) SI_UNIT ( $, .STERADIAN. ) SOLID_ANGLE_UNIT ( ) );
#348 = EDGE_CURVE ( 'NONE', #20, #400, #467, .T. ) ;
#349 = CARTESIAN_POINT ( 'NONE',  ( -0.9448818897637796255, 0.000000000000000000, 0.000000000000000000 ) ) ;
#350 = CARTESIAN_POINT ( 'NONE',  ( -0.07874015748031530648, 0.000000000000000000, 0.000000000000000000 ) ) ;
#351 = ORIENTED_EDGE ( 'NONE', *, *, #1439, .F. ) ;
#352 = DIRECTION ( 'NONE',  ( 0.000000000000000000, 0.000000000000000000, -1.000000000000000000 ) ) ;
#353 = EDGE_LOOP ( 'NONE', ( #1079, #601, #1294, #11 ) ) ;
#354 = FACE_OUTER_BOUND ( 'NONE', #64, .T. ) ;
#355 = VECTOR ( 'NONE', #1486, 39.37007874015748854 ) ;
#356 = STYLED_ITEM ( 'NONE', ( #602 ), #651 ) ;
#357 = DIRECTION ( 'NONE',  ( -1.000000000000000000, 0.000000000000000000, -0.000000000000000000 ) ) ;
#358 = AXIS2_PLACEMENT_3D ( 'NONE', #562, #593, #1464 ) ;
#359 = ORIENTED_EDGE ( 'NONE', *, *, #1077, .T. ) ;
#360 = EDGE_CURVE ( 'NONE', #14, #1175, #7, .T. ) ;
#361 =( LENGTH_UNIT ( ) NAMED_UNIT ( * ) SI_UNIT ( $, .METRE. ) );
#362 = CARTESIAN_POINT ( 'NONE',  ( -0.5905511811023621549, 4.652693547941716653E-17, 0.3799212598425197318 ) ) ;
#363 = PLANE ( 'NONE',  #1298 ) ;
#364 = EDGE_LOOP ( 'NONE', ( #1049, #398, #426, #411, #695, #810 ) ) ;
#365 = EDGE_CURVE ( 'NONE', #1528, #1118, #1308, .T. ) ;
#366 = DIRECTION ( 'NONE',  ( -1.000000000000000000, -0.000000000000000000, -0.000000000000000000 ) ) ;
#367 = DIRECTION ( 'NONE',  ( -1.000000000000000000, -0.000000000000000000, -0.000000000000000000 ) ) ;
#368 = DIRECTION ( 'NONE',  ( 1.000000000000000000, 0.000000000000000000, 0.000000000000000000 ) ) ;
#369 = EDGE_LOOP ( 'NONE', ( #1026, #1465 ) ) ;
#370 = CARTESIAN_POINT ( 'NONE',  ( -0.3543307086614173596, 4.652693547941716653E-17, 0.3799212598425197318 ) ) ;
#371 = ORIENTED_EDGE ( 'NONE', *, *, #719, .F. ) ;
#372 = FACE_OUTER_BOUND ( 'NONE', #723, .T. ) ;
#373 = EDGE_CURVE ( 'NONE', #1588, #1112, #655, .T. ) ;
#374 = CARTESIAN_POINT ( 'NONE',  ( -0.07874015748031502893, 0.000000000000000000, 0.000000000000000000 ) ) ;
#375 = ADVANCED_FACE ( 'NONE', ( #811 ), #1568, .T. ) ;
#376 = DIRECTION ( 'NONE',  ( 1.000000000000000000, 0.000000000000000000, 0.000000000000000000 ) ) ;
#377 = VECTOR ( 'NONE', #458, 39.37007874015748143 ) ;
#378 = AXIS2_PLACEMENT_3D ( 'NONE', #1573, #947, #1087 ) ;
#379 = CIRCLE ( 'NONE', #487, 0.2421259842519685179 ) ;
#380 = ORIENTED_EDGE ( 'NONE', *, *, #1189, .F. ) ;
#381 = LINE ( 'NONE', #1422, #1038 ) ;
#382 = ORIENTED_EDGE ( 'NONE', *, *, #373, .F. ) ;
#383 = VECTOR ( 'NONE', #1521, 39.37007874015748143 ) ;
#384 = DIRECTION ( 'NONE',  ( 1.000000000000000000, 0.000000000000000000, 0.000000000000000000 ) ) ;
#385 = DIRECTION ( 'NONE',  ( 0.9916556173432377053, 0.000000000000000000, -0.1289152302546213991 ) ) ;
#386 = ADVANCED_FACE ( 'NONE', ( #1542 ), #1540, .T. ) ;
#387 = CARTESIAN_POINT ( 'NONE',  ( -1.023622047244094890, 0.000000000000000000, 0.000000000000000000 ) ) ;
#388 = EDGE_LOOP ( 'NONE', ( #418, #423 ) ) ;
#389 = ORIENTED_EDGE ( 'NONE', *, *, #26, .F. ) ;
#390 = DIRECTION ( 'NONE',  ( 1.000000000000000000, 0.000000000000000000, 0.000000000000000000 ) ) ;
#391 = ORIENTED_EDGE ( 'NONE', *, *, #1316, .F. ) ;
#392 = DIRECTION ( 'NONE',  ( 0.000000000000000000, 0.000000000000000000, -1.000000000000000000 ) ) ;
#393 = ORIENTED_EDGE ( 'NONE', *, *, #348, .T. ) ;
#394 = CYLINDRICAL_SURFACE ( 'NONE', #226, 0.1181102362204727863 ) ;
#395 = DIRECTION ( 'NONE',  ( 0.000000000000000000, 0.000000000000000000, -1.000000000000000000 ) ) ;
#396 = ADVANCED_FACE ( 'NONE', ( #293 ), #274, .T. ) ;
#397 = DIRECTION ( 'NONE',  ( 0.000000000000000000, 0.000000000000000000, -1.000000000000000000 ) ) ;
#398 = ORIENTED_EDGE ( 'NONE', *, *, #1502, .T. ) ;
#399 = FACE_BOUND ( 'NONE', #1388, .T. ) ;
#400 = VERTEX_POINT ( 'NONE', #1315 ) ;
#401 = PLANE ( 'NONE',  #869 ) ;
#402 = APPLICATION_CONTEXT ( 'automotive_design' ) ;
#403 = CIRCLE ( 'NONE', #1117, 0.2559055118110235005 ) ;
#404 = PLANE ( 'NONE',  #664 ) ;
#405 = ORIENTED_EDGE ( 'NONE', *, *, #323, .T. ) ;
#406 = AXIS2_PLACEMENT_3D ( 'NONE', #213, #1622, #1246 ) ;
#407 = AXIS2_PLACEMENT_3D ( 'NONE', #299, #792, #1412 ) ;
#408 = CARTESIAN_POINT ( 'NONE',  ( -0.3937007874015747699, 0.000000000000000000, 0.000000000000000000 ) ) ;
#409 = ADVANCED_FACE ( 'NONE', ( #152, #667 ), #1170, .T. ) ;
#410 = AXIS2_PLACEMENT_3D ( 'NONE', #639, #113, #1025 ) ;
#411 = ORIENTED_EDGE ( 'NONE', *, *, #15, .T. ) ;
#412 = AXIS2_PLACEMENT_3D ( 'NONE', #1498, #366, #103 ) ;
#413 = CIRCLE ( 'NONE', #1145, 0.2559055118110235560 ) ;
#414 = DIRECTION ( 'NONE',  ( 1.000000000000000000, 0.000000000000000000, 0.000000000000000000 ) ) ;
#415 = AXIS2_PLACEMENT_3D ( 'NONE', #259, #368, #1527 ) ;
#416 = DIRECTION ( 'NONE',  ( 1.000000000000000000, 0.000000000000000000, 0.000000000000000000 ) ) ;
#417 = DIRECTION ( 'NONE',  ( 0.000000000000000000, 0.000000000000000000, -1.000000000000000000 ) ) ;
#418 = ORIENTED_EDGE ( 'NONE', *, *, #294, .T. ) ;
#419 = DIRECTION ( 'NONE',  ( 0.000000000000000000, 0.000000000000000000, 1.000000000000000000 ) ) ;
#420 = EDGE_LOOP ( 'NONE', ( #905, #729, #1640, #273 ) ) ;
#421 = EDGE_CURVE ( 'NONE', #1183, #1082, #464, .T. ) ;
#422 = DIRECTION ( 'NONE',  ( 0.000000000000000000, 0.000000000000000000, 1.000000000000000000 ) ) ;
#423 = ORIENTED_EDGE ( 'NONE', *, *, #1500, .T. ) ;
#424 = FACE_OUTER_BOUND ( 'NONE', #1230, .T. ) ;
#425 = CARTESIAN_POINT ( 'NONE',  ( 0.07874015748031495954, -0.3937007874015748254, -0.2273032555864669124 ) ) ;
#426 = ORIENTED_EDGE ( 'NONE', *, *, #842, .T. ) ;
#427 = ORIENTED_EDGE ( 'NONE', *, *, #258, .F. ) ;
#428 = DIRECTION ( 'NONE',  ( 0.000000000000000000, 0.000000000000000000, 1.000000000000000000 ) ) ;
#429 = ADVANCED_FACE ( 'NONE', ( #449 ), #706, .T. ) ;
#430 = DIRECTION ( 'NONE',  ( 1.000000000000000000, 0.000000000000000000, 0.000000000000000000 ) ) ;
#431 = CARTESIAN_POINT ( 'NONE',  ( 0.07874015748031495954, 0.3937007874015748254, 0.2273032555864669124 ) ) ;
#432 = EDGE_CURVE ( 'NONE', #1070, #241, #1513, .T. ) ;
#433 = DIRECTION ( 'NONE',  ( 0.000000000000000000, 0.000000000000000000, -1.000000000000000000 ) ) ;
#434 = CLOSED_SHELL ( 'NONE', ( #1159, #994, #1630, #57, #768, #1360, #614, #375, #429, #861, #396, #860, #92, #1309, #150, #1266, #237, #1210, #1511, #1405, #975, #542, #125, #313, #987, #877, #160, #790, #1188, #112, #621, #612, #696, #1265, #865, #945, #1101, #1220, #1147, #247, #409, #767, #88, #1310, #1440, #330, #491, #1069, #1030, #281, #1644, #386, #885, #1425, #315, #652, #705, #1156, #1288, #820, #69 ) ) ;
#435 = EDGE_LOOP ( 'NONE', ( #892, #785, #1488, #1348 ) ) ;
#436 = AXIS2_PLACEMENT_3D ( 'NONE', #646, #1253, #1631 ) ;
#437 =( GEOMETRIC_REPRESENTATION_CONTEXT ( 3 ) GLOBAL_UNCERTAINTY_ASSIGNED_CONTEXT ( ( #167 ) ) GLOBAL_UNIT_ASSIGNED_CONTEXT ( ( #217, #637, #347 ) ) REPRESENTATION_CONTEXT ( 'NONE', 'WORKASPACE' ) );
#438 = AXIS2_PLACEMENT_3D ( 'NONE', #1023, #1661, #624 ) ;
#439 = DIRECTION ( 'NONE',  ( 0.000000000000000000, 1.224646799147352961E-16, 1.000000000000000000 ) ) ;
#440 = ORIENTED_EDGE ( 'NONE', *, *, #886, .T. ) ;
#441 = AXIS2_PLACEMENT_3D ( 'NONE', #1612, #974, #1478 ) ;
#442 = CARTESIAN_POINT ( 'NONE',  ( -1.023622047244094890, 1.446433227339397771E-17, -0.1181102362204727863 ) ) ;
#443 = EDGE_CURVE ( 'NONE', #3, #677, #1401, .T. ) ;
#444 = DIRECTION ( 'NONE',  ( -1.000000000000000000, 0.000000000000000000, 0.000000000000000000 ) ) ;
#445 = EDGE_LOOP ( 'NONE', ( #781, #290, #468, #731 ) ) ;
#446 = ORIENTED_EDGE ( 'NONE', *, *, #787, .F. ) ;
#447 = LINE ( 'NONE', #1584, #1332 ) ;
#448 = VERTEX_POINT ( 'NONE', #51 ) ;
#449 = FACE_OUTER_BOUND ( 'NONE', #1110, .T. ) ;
#450 = CARTESIAN_POINT ( 'NONE',  ( -0.07874015748031495954, 5.818415145192841905E-17, 0.4546065111729338248 ) ) ;
#451 = CARTESIAN_POINT ( 'NONE',  ( 0.07874015748031495954, 3.122849337825751159E-17, -0.2550000000000000044 ) ) ;
#452 = CARTESIAN_POINT ( 'NONE',  ( 0.2559055118110236671, 3.050527676458781841E-17, -0.2490944881889764206 ) ) ;
#453 = VERTEX_POINT ( 'NONE', #716 ) ;
#454 = EDGE_CURVE ( 'NONE', #1243, #973, #333, .T. ) ;
#455 = DIRECTION ( 'NONE',  ( 0.000000000000000000, 0.000000000000000000, -1.000000000000000000 ) ) ;
#456 = ORIENTED_EDGE ( 'NONE', *, *, #1219, .F. ) ;
#457 = LINE ( 'NONE', #339, #1485 ) ;
#458 = DIRECTION ( 'NONE',  ( -0.9971993098884563977, 0.000000000000000000, 0.07478994824163384680 ) ) ;
#459 = LINE ( 'NONE', #762, #900 ) ;
#460 = CARTESIAN_POINT ( 'NONE',  ( 1.059349566725360958, 3.099450646753282102E-17, -0.2502731919444168285 ) ) ;
#461 = ORIENTED_EDGE ( 'NONE', *, *, #532, .T. ) ;
#462 = EDGE_LOOP ( 'NONE', ( #1506, #1092, #1051, #1201 ) ) ;
#463 = EDGE_CURVE ( 'NONE', #1227, #1074, #976, .T. ) ;
#464 = LINE ( 'NONE', #1592, #657 ) ;
#465 = AXIS2_PLACEMENT_3D ( 'NONE', #872, #1264, #1128 ) ;
#466 = AXIS2_PLACEMENT_3D ( 'NONE', #995, #1361, #105 ) ;
#467 = CIRCLE ( 'NONE', #145, 0.3543307086614173040 ) ;
#468 = ORIENTED_EDGE ( 'NONE', *, *, #1384, .T. ) ;
#469 = DIRECTION ( 'NONE',  ( 0.000000000000000000, 0.000000000000000000, -1.000000000000000000 ) ) ;
#470 = CIRCLE ( 'NONE', #176, 0.003937007874015741038 ) ;
#471 = CIRCLE ( 'NONE', #853, 0.3724017701893618804 ) ;
#472 = DIRECTION ( 'NONE',  ( 1.000000000000000000, 0.000000000000000000, 0.000000000000000000 ) ) ;
#473 = ORIENTED_EDGE ( 'NONE', *, *, #260, .T. ) ;
#474 = EDGE_LOOP ( 'NONE', ( #456, #599, #148, #1083 ) ) ;
#475 = DIRECTION ( 'NONE',  ( 1.000000000000000000, 0.000000000000000000, 0.000000000000000000 ) ) ;
#476 = DIRECTION ( 'NONE',  ( 0.000000000000000000, 0.000000000000000000, -1.000000000000000000 ) ) ;
#477 = FACE_OUTER_BOUND ( 'NONE', #1445, .T. ) ;
#478 = ORIENTED_EDGE ( 'NONE', *, *, #803, .T. ) ;
#479 = CARTESIAN_POINT ( 'NONE',  ( 0.6299212598425196763, 0.000000000000000000, 0.000000000000000000 ) ) ;
#480 = EDGE_CURVE ( 'NONE', #1118, #949, #280, .T. ) ;
#481 = CARTESIAN_POINT ( 'NONE',  ( 1.059055118110236338, 0.000000000000000000, -0.1220472440944885273 ) ) ;
#482 = DIRECTION ( 'NONE',  ( 1.000000000000000000, 0.000000000000000000, 0.000000000000000000 ) ) ;
#483 = VERTEX_POINT ( 'NONE', #1237 ) ;
#484 = CIRCLE ( 'NONE', #847, 0.2421259842519684902 ) ;
#485 = PLANE ( 'NONE',  #955 ) ;
#486 = CIRCLE ( 'NONE', #1428, 0.2559055118110235005 ) ;
#487 = AXIS2_PLACEMENT_3D ( 'NONE', #586, #1107, #1586 ) ;
#488 = AXIS2_PLACEMENT_3D ( 'NONE', #204, #597, #469 ) ;
#489 = DIRECTION ( 'NONE',  ( 1.000000000000000000, 0.000000000000000000, 0.000000000000000000 ) ) ;
#490 = EDGE_CURVE ( 'NONE', #672, #1472, #65, .T. ) ;
#491 = ADVANCED_FACE ( 'NONE', ( #843, #1233 ), #1078, .T. ) ;
#492 = CIRCLE ( 'NONE', #607, 0.2559055118110235005 ) ;
#493 = CARTESIAN_POINT ( 'NONE',  ( 0.8661417322834645827, 0.000000000000000000, 0.000000000000000000 ) ) ;
#494 = ORIENTED_EDGE ( 'NONE', *, *, #591, .F. ) ;
#495 = AXIS2_PLACEMENT_3D ( 'NONE', #965, #1073, #1462 ) ;
#496 = DIRECTION ( 'NONE',  ( 0.000000000000000000, 0.000000000000000000, -1.000000000000000000 ) ) ;
#497 = DIRECTION ( 'NONE',  ( 0.000000000000000000, 0.000000000000000000, 1.000000000000000000 ) ) ;
#498 = LINE ( 'NONE', #1017, #658 ) ;
#499 = ORIENTED_EDGE ( 'NONE', *, *, #578, .T. ) ;
#500 = FACE_OUTER_BOUND ( 'NONE', #923, .T. ) ;
#501 = ORIENTED_EDGE ( 'NONE', *, *, #896, .F. ) ;
#502 = EDGE_CURVE ( 'NONE', #1495, #110, #457, .T. ) ;
#503 = PRODUCT_CONTEXT ( 'NONE', #402, 'mechanical' ) ;
#504 = FACE_OUTER_BOUND ( 'NONE', #1296, .T. ) ;
#505 = CARTESIAN_POINT ( 'NONE',  ( -0.07874015748031530648, 0.000000000000000000, 0.3307086614173230799 ) ) ;
#506 = EDGE_LOOP ( 'NONE', ( #802, #1260 ) ) ;
#507 = ORIENTED_EDGE ( 'NONE', *, *, #1208, .T. ) ;
#508 = DIRECTION ( 'NONE',  ( -1.000000000000000000, -0.000000000000000000, -0.000000000000000000 ) ) ;
#509 = VERTEX_POINT ( 'NONE', #698 ) ;
#510 = DIRECTION ( 'NONE',  ( 1.000000000000000000, 0.000000000000000000, 0.000000000000000000 ) ) ;
#511 = EDGE_CURVE ( 'NONE', #1588, #816, #379, .T. ) ;
#512 = EDGE_CURVE ( 'NONE', #548, #536, #1621, .T. ) ;
#513 = FACE_BOUND ( 'NONE', #979, .T. ) ;
#514 = CARTESIAN_POINT ( 'NONE',  ( 0.07874015748031495954, 5.818415145192841905E-17, 0.4546065111729338248 ) ) ;
#515 = VERTEX_POINT ( 'NONE', #331 ) ;
#516 = AXIS2_PLACEMENT_3D ( 'NONE', #1284, #1302, #531 ) ;
#517 = ORIENTED_EDGE ( 'NONE', *, *, #1637, .F. ) ;
#518 = LINE ( 'NONE', #1409, #1653 ) ;
#519 = EDGE_LOOP ( 'NONE', ( #632, #654, #507, #1205 ) ) ;
#520 = CIRCLE ( 'NONE', #629, 0.3799212598425197318 ) ;
#521 = CIRCLE ( 'NONE', #1404, 0.2559055118110235005 ) ;
#522 = FACE_OUTER_BOUND ( 'NONE', #1325, .T. ) ;
#523 = FACE_OUTER_BOUND ( 'NONE', #420, .T. ) ;
#524 = CYLINDRICAL_SURFACE ( 'NONE', #1484, 0.1181102362204727863 ) ;
#525 = ORIENTED_EDGE ( 'NONE', *, *, #852, .F. ) ;
#526 = DIRECTION ( 'NONE',  ( 0.000000000000000000, 0.000000000000000000, 1.000000000000000000 ) ) ;
#527 = ORIENTED_EDGE ( 'NONE', *, *, #1576, .T. ) ;
#528 = FACE_OUTER_BOUND ( 'NONE', #1408, .T. ) ;
#529 = EDGE_LOOP ( 'NONE', ( #118, #1426, #1452, #31 ) ) ;
#530 = DIRECTION ( 'NONE',  ( 0.9916556173432377053, 1.578756240926662199E-17, 0.1289152302546214823 ) ) ;
#531 = DIRECTION ( 'NONE',  ( 0.000000000000000000, 0.000000000000000000, -1.000000000000000000 ) ) ;
#532 = EDGE_CURVE ( 'NONE', #1497, #1175, #1429, .T. ) ;
#533 = DIRECTION ( 'NONE',  ( -1.000000000000000000, -0.000000000000000000, -0.000000000000000000 ) ) ;
#534 = ORIENTED_EDGE ( 'NONE', *, *, #984, .F. ) ;
#535 = DIRECTION ( 'NONE',  ( 0.000000000000000000, 0.000000000000000000, -1.000000000000000000 ) ) ;
#536 = VERTEX_POINT ( 'NONE', #724 ) ;
#537 = DIRECTION ( 'NONE',  ( 0.000000000000000000, 0.000000000000000000, -1.000000000000000000 ) ) ;
#538 = FACE_OUTER_BOUND ( 'NONE', #1164, .T. ) ;
#539 = CIRCLE ( 'NONE', #1167, 0.2353149606299213270 ) ;
#540 = CARTESIAN_POINT ( 'NONE',  ( 1.059055118110236338, 0.000000000000000000, 0.000000000000000000 ) ) ;
#541 = ORIENTED_EDGE ( 'NONE', *, *, #58, .T. ) ;
#542 = ADVANCED_FACE ( 'NONE', ( #1455 ), #827, .T. ) ;
#543 = EDGE_CURVE ( 'NONE', #712, #536, #1617, .T. ) ;
#544 = TOROIDAL_SURFACE ( 'NONE', #1654, 0.2463472104094229231, 0.003937007874015747977 ) ;
#545 = VECTOR ( 'NONE', #325, 39.37007874015748143 ) ;
#546 = DIRECTION ( 'NONE',  ( -1.000000000000000000, -0.000000000000000000, -0.000000000000000000 ) ) ;
#547 = VECTOR ( 'NONE', #44, 39.37007874015748143 ) ;
#548 = VERTEX_POINT ( 'NONE', #1492 ) ;
#549 = AXIS2_PLACEMENT_3D ( 'NONE', #678, #384, #392 ) ;
#550 = CARTESIAN_POINT ( 'NONE',  ( -1.023622047244094890, 0.000000000000000000, 0.000000000000000000 ) ) ;
#551 = LINE ( 'NONE', #68, #13 ) ;
#552 = DIRECTION ( 'NONE',  ( -1.000000000000000000, -0.000000000000000000, -0.000000000000000000 ) ) ;
#553 = ORIENTED_EDGE ( 'NONE', *, *, #1610, .T. ) ;
#554 = EDGE_CURVE ( 'NONE', #1634, #648, #1343, .T. ) ;
#555 = ORIENTED_EDGE ( 'NONE', *, *, #736, .F. ) ;
#556 = EDGE_CURVE ( 'NONE', #1153, #453, #1005, .T. ) ;
#557 = DIRECTION ( 'NONE',  ( 1.000000000000000000, 0.000000000000000000, 0.000000000000000000 ) ) ;
#558 = EDGE_LOOP ( 'NONE', ( #679, #55, #265, #188 ) ) ;
#559 = LINE ( 'NONE', #431, #1598 ) ;
#560 = CARTESIAN_POINT ( 'NONE',  ( -0.6299212598425196763, 4.652693547941716653E-17, 0.3799212598425197318 ) ) ;
#561 = ORIENTED_EDGE ( 'NONE', *, *, #565, .F. ) ;
#562 = CARTESIAN_POINT ( 'NONE',  ( -1.019685039370079149, 0.000000000000000000, 0.000000000000000000 ) ) ;
#563 = ORIENTED_EDGE ( 'NONE', *, *, #803, .F. ) ;
#564 = CARTESIAN_POINT ( 'NONE',  ( -0.8267716535433071723, 0.000000000000000000, 0.000000000000000000 ) ) ;
#565 = EDGE_CURVE ( 'NONE', #1659, #1154, #470, .T. ) ;
#566 = DIRECTION ( 'NONE',  ( 0.000000000000000000, 0.8660254037844384856, -0.5000000000000001110 ) ) ;
#567 = CARTESIAN_POINT ( 'NONE',  ( 0.07874015748031495954, 0.000000000000000000, 0.2550000000000000044 ) ) ;
#568 = LINE ( 'NONE', #452, #873 ) ;
#569 = ORIENTED_EDGE ( 'NONE', *, *, #1439, .T. ) ;
#570 = AXIS2_PLACEMENT_3D ( 'NONE', #1238, #1595, #837 ) ;
#571 = DIRECTION ( 'NONE',  ( 0.000000000000000000, 0.8660254037844385966, 0.5000000000000001110 ) ) ;
#572 = ORIENTED_EDGE ( 'NONE', *, *, #365, .F. ) ;
#573 = CIRCLE ( 'NONE', #250, 0.3543307086614173040 ) ;
#574 = AXIS2_PLACEMENT_3D ( 'NONE', #215, #1256, #352 ) ;
#575 = DIRECTION ( 'NONE',  ( 0.000000000000000000, -0.8660254037844385966, 0.5000000000000001110 ) ) ;
#576 = AXIS2_PLACEMENT_3D ( 'NONE', #84, #297, #815 ) ;
#577 = FACE_OUTER_BOUND ( 'NONE', #1335, .T. ) ;
#578 = EDGE_CURVE ( 'NONE', #1270, #3, #690, .T. ) ;
#579 = CIRCLE ( 'NONE', #1518, 0.3799212598425197318 ) ;
#580 = CARTESIAN_POINT ( 'NONE',  ( -1.023622047244094890, 4.652693547941716653E-17, 0.3799212598425197318 ) ) ;
#581 = CARTESIAN_POINT ( 'NONE',  ( 0.2559055118110236671, 3.086688507142266192E-17, -0.2490944881889764206 ) ) ;
#582 = VERTEX_POINT ( 'NONE', #1517 ) ;
#583 = ORIENTED_EDGE ( 'NONE', *, *, #739, .T. ) ;
#584 = FACE_OUTER_BOUND ( 'NONE', #916, .T. ) ;
#585 = ORIENTED_EDGE ( 'NONE', *, *, #341, .F. ) ;
#586 = CARTESIAN_POINT ( 'NONE',  ( 0.8661417322834645827, 0.000000000000000000, 0.000000000000000000 ) ) ;
#587 = PLANE ( 'NONE',  #682 ) ;
#588 = APPLICATION_PROTOCOL_DEFINITION ( 'draft international standard', 'automotive_design', 1998, #874 ) ;
#589 = DIRECTION ( 'NONE',  ( -0.000000000000000000, 0.000000000000000000, 1.000000000000000000 ) ) ;
#590 = EDGE_LOOP ( 'NONE', ( #572, #478, #1603, #1548 ) ) ;
#591 = EDGE_CURVE ( 'NONE', #100, #126, #1629, .T. ) ;
#592 = EDGE_CURVE ( 'NONE', #1183, #1179, #884, .T. ) ;
#593 = DIRECTION ( 'NONE',  ( -1.000000000000000000, -0.000000000000000000, -0.000000000000000000 ) ) ;
#594 = VERTEX_POINT ( 'NONE', #1244 ) ;
#595 = DIRECTION ( 'NONE',  ( 0.000000000000000000, 1.000000000000000000, -1.224646799147353207E-16 ) ) ;
#596 = CARTESIAN_POINT ( 'NONE',  ( 0.3937007874015748254, 0.000000000000000000, 0.2353149606299213270 ) ) ;
#597 = DIRECTION ( 'NONE',  ( 1.000000000000000000, 0.000000000000000000, 0.000000000000000000 ) ) ;
#598 = CARTESIAN_POINT ( 'NONE',  ( -0.3543307086614165824, 0.000000000000000000, 0.000000000000000000 ) ) ;
#599 = ORIENTED_EDGE ( 'NONE', *, *, #1088, .T. ) ;
#600 = DIRECTION ( 'NONE',  ( 1.000000000000000000, 0.000000000000000000, 0.000000000000000000 ) ) ;
#601 = ORIENTED_EDGE ( 'NONE', *, *, #1611, .T. ) ;
#602 = PRESENTATION_STYLE_ASSIGNMENT (( #893 ) ) ;
#603 = AXIS2_PLACEMENT_3D ( 'NONE', #1449, #838, #1187 ) ;
#604 = AXIS2_PLACEMENT_3D ( 'NONE', #374, #1403, #776 ) ;
#605 = CARTESIAN_POINT ( 'NONE',  ( 1.059055118110236338, 0.000000000000000000, 0.000000000000000000 ) ) ;
#606 = AXIS2_PLACEMENT_3D ( 'NONE', #858, #85, #1113 ) ;
#607 = AXIS2_PLACEMENT_3D ( 'NONE', #1242, #600, #1248 ) ;
#608 = DIRECTION ( 'NONE',  ( 1.000000000000000000, 0.000000000000000000, 0.000000000000000000 ) ) ;
#609 = VERTEX_POINT ( 'NONE', #741 ) ;
#610 = DIRECTION ( 'NONE',  ( 1.000000000000000000, 0.000000000000000000, 0.000000000000000000 ) ) ;
#611 = ORIENTED_EDGE ( 'NONE', *, *, #34, .T. ) ;
#612 = ADVANCED_FACE ( 'NONE', ( #244, #761 ), #1507, .T. ) ;
#613 = DIRECTION ( 'NONE',  ( 0.000000000000000000, 1.224646799147353700E-16, 1.000000000000000000 ) ) ;
#614 = ADVANCED_FACE ( 'NONE', ( #750 ), #1139, .T. ) ;
#615 = DIRECTION ( 'NONE',  ( 0.000000000000000000, -0.5000000000000001110, 0.8660254037844385966 ) ) ;
#616 = DIRECTION ( 'NONE',  ( 0.000000000000000000, 0.000000000000000000, -1.000000000000000000 ) ) ;
#617 = CARTESIAN_POINT ( 'NONE',  ( -0.8267716535433070613, 0.3543307086614173040, 0.000000000000000000 ) ) ;
#618 = ORIENTED_EDGE ( 'NONE', *, *, #463, .F. ) ;
#619 = CARTESIAN_POINT ( 'NONE',  ( 0.07874015748031495954, -1.322954436817065102E-32, -0.4546065111729338248 ) ) ;
#620 = CARTESIAN_POINT ( 'NONE',  ( 0.3937007874015748254, 0.000000000000000000, 0.000000000000000000 ) ) ;
#621 = ADVANCED_FACE ( 'NONE', ( #372 ), #285, .T. ) ;
#622 = FACE_OUTER_BOUND ( 'NONE', #1162, .T. ) ;
#623 = ORIENTED_EDGE ( 'NONE', *, *, #967, .F. ) ;
#624 = DIRECTION ( 'NONE',  ( 0.000000000000000000, 0.000000000000000000, -1.000000000000000000 ) ) ;
#625 = DIRECTION ( 'NONE',  ( 0.000000000000000000, 0.8660254037844385966, -0.5000000000000001110 ) ) ;
#626 = CONICAL_SURFACE ( 'NONE', #686, 0.3799212598425197318, 0.09966865249116099723 ) ;
#627 = AXIS2_PLACEMENT_3D ( 'NONE', #1569, #1160, #1052 ) ;
#628 = EDGE_CURVE ( 'NONE', #1472, #1106, #1571, .T. ) ;
#629 = AXIS2_PLACEMENT_3D ( 'NONE', #1577, #1178, #908 ) ;
#630 = CARTESIAN_POINT ( 'NONE',  ( 0.9842519685039370358, 0.000000000000000000, 0.2559055118110235560 ) ) ;
#631 = CIRCLE ( 'NONE', #771, 0.1181102362204728556 ) ;
#632 = ORIENTED_EDGE ( 'NONE', *, *, #512, .F. ) ;
#633 = DIRECTION ( 'NONE',  ( 0.000000000000000000, 0.000000000000000000, -1.000000000000000000 ) ) ;
#634 = EDGE_LOOP ( 'NONE', ( #1530, #946, #1565, #662 ) ) ;
#635 = AXIS2_PLACEMENT_3D ( 'NONE', #1091, #1207, #1601 ) ;
#636 = DIRECTION ( 'NONE',  ( 1.000000000000000000, 0.000000000000000000, 0.000000000000000000 ) ) ;
#637 =( NAMED_UNIT ( * ) PLANE_ANGLE_UNIT ( ) SI_UNIT ( $, .RADIAN. ) );
#638 = DIRECTION ( 'NONE',  ( 0.000000000000000000, 0.000000000000000000, -1.000000000000000000 ) ) ;
#639 = CARTESIAN_POINT ( 'NONE',  ( -1.019685039370079149, 0.000000000000000000, 0.3684843009365666444 ) ) ;
#640 = EDGE_LOOP ( 'NONE', ( #473, #1043, #1103, #918 ) ) ;
#641 = ORIENTED_EDGE ( 'NONE', *, *, #1470, .F. ) ;
#642 = CARTESIAN_POINT ( 'NONE',  ( -1.020076786295358584, 0.000000000000000000, 0.000000000000000000 ) ) ;
#643 = ORIENTED_EDGE ( 'NONE', *, *, #182, .F. ) ;
#644 = EDGE_CURVE ( 'NONE', #582, #110, #1541, .T. ) ;
#645 = DIRECTION ( 'NONE',  ( 0.9916556173432377053, 1.578756240926661274E-17, 0.1289152302546213991 ) ) ;
#646 = CARTESIAN_POINT ( 'NONE',  ( -0.5905511811023615998, 0.000000000000000000, 0.000000000000000000 ) ) ;
#647 = CARTESIAN_POINT ( 'NONE',  ( -1.023622047244094890, 0.000000000000000000, -0.3799212598425197318 ) ) ;
#648 = VERTEX_POINT ( 'NONE', #1379 ) ;
#649 = DIRECTION ( 'NONE',  ( -0.9961937174961129626, 1.067487266529518740E-17, -0.08716695028090915009 ) ) ;
#650 = VERTEX_POINT ( 'NONE', #231 ) ;
#651 = MANIFOLD_SOLID_BREP ( 'Fillet1', #434 ) ;
#652 = ADVANCED_FACE ( 'NONE', ( #399, #30 ), #1132, .F. ) ;
#653 = DIRECTION ( 'NONE',  ( -1.000000000000000000, -0.000000000000000000, -0.000000000000000000 ) ) ;
#654 = ORIENTED_EDGE ( 'NONE', *, *, #169, .F. ) ;
#655 = LINE ( 'NONE', #1044, #1090 ) ;
#656 = CARTESIAN_POINT ( 'NONE',  ( -1.023622047244094890, 0.000000000000000000, 0.000000000000000000 ) ) ;
#657 = VECTOR ( 'NONE', #575, 39.37007874015748143 ) ;
#658 = VECTOR ( 'NONE', #1100, 39.37007874015748143 ) ;
#659 = CIRCLE ( 'NONE', #149, 0.3724017701893618804 ) ;
#660 = ORIENTED_EDGE ( 'NONE', *, *, #778, .T. ) ;
#661 = CARTESIAN_POINT ( 'NONE',  ( -0.6299212598425196763, 0.000000000000000000, -0.3799212598425197318 ) ) ;
#662 = ORIENTED_EDGE ( 'NONE', *, *, #1241, .F. ) ;
#663 = VECTOR ( 'NONE', #709, 39.37007874015748854 ) ;
#664 = AXIS2_PLACEMENT_3D ( 'NONE', #1547, #252, #780 ) ;
#665 = LINE ( 'NONE', #1437, #1625 ) ;
#666 = ORIENTED_EDGE ( 'NONE', *, *, #1033, .F. ) ;
#667 = FACE_OUTER_BOUND ( 'NONE', #140, .T. ) ;
#668 = EDGE_CURVE ( 'NONE', #448, #509, #1490, .T. ) ;
#669 = DIRECTION ( 'NONE',  ( 0.000000000000000000, 0.000000000000000000, 1.000000000000000000 ) ) ;
#670 = EDGE_LOOP ( 'NONE', ( #1331, #889 ) ) ;
#671 = CARTESIAN_POINT ( 'NONE',  ( -1.020076786295358584, 0.000000000000000000, 0.000000000000000000 ) ) ;
#672 = VERTEX_POINT ( 'NONE', #256 ) ;
#673 = DIRECTION ( 'NONE',  ( 1.000000000000000000, 0.000000000000000000, 0.000000000000000000 ) ) ;
#674 = EDGE_CURVE ( 'NONE', #990, #1203, #164, .T. ) ;
#675 = DIRECTION ( 'NONE',  ( 0.000000000000000000, 0.000000000000000000, 1.000000000000000000 ) ) ;
#676 = DIRECTION ( 'NONE',  ( 0.000000000000000000, 0.000000000000000000, -1.000000000000000000 ) ) ;
#677 = VERTEX_POINT ( 'NONE', #157 ) ;
#678 = CARTESIAN_POINT ( 'NONE',  ( -0.07874015748031530648, 0.1181102362204728556, 0.000000000000000000 ) ) ;
#679 = ORIENTED_EDGE ( 'NONE', *, *, #953, .F. ) ;
#680 = PLANE ( 'NONE',  #627 ) ;
#681 = CARTESIAN_POINT ( 'NONE',  ( 0.07874015748031495954, 0.3937007874015748254, -0.2273032555864669124 ) ) ;
#682 = AXIS2_PLACEMENT_3D ( 'NONE', #1245, #1493, #497 ) ;
#683 = CARTESIAN_POINT ( 'NONE',  ( 0.07874015748031495954, 0.000000000000000000, 0.000000000000000000 ) ) ;
#684 = ORIENTED_EDGE ( 'NONE', *, *, #556, .T. ) ;
#685 = EDGE_CURVE ( 'NONE', #110, #582, #769, .T. ) ;
#686 = AXIS2_PLACEMENT_3D ( 'NONE', #349, #1129, #735 ) ;
#687 = AXIS2_PLACEMENT_3D ( 'NONE', #1218, #970, #198 ) ;
#688 = DIRECTION ( 'NONE',  ( 0.000000000000000000, -0.8660254037844385966, 0.5000000000000001110 ) ) ;
#689 = ORIENTED_EDGE ( 'NONE', *, *, #1241, .T. ) ;
#690 = CIRCLE ( 'NONE', #574, 0.2502731919444168285 ) ;
#691 = CARTESIAN_POINT ( 'NONE',  ( 1.059055118110236338, 3.016883227067793106E-17, 0.2463472104094229231 ) ) ;
#692 = ORIENTED_EDGE ( 'NONE', *, *, #1579, .F. ) ;
#693 = DIRECTION ( 'NONE',  ( -1.000000000000000000, 0.000000000000000000, 0.000000000000000000 ) ) ;
#694 = DIRECTION ( 'NONE',  ( -1.000000000000000000, -0.000000000000000000, -0.000000000000000000 ) ) ;
#695 = ORIENTED_EDGE ( 'NONE', *, *, #1013, .T. ) ;
#696 = ADVANCED_FACE ( 'NONE', ( #37 ), #1431, .T. ) ;
#697 = ORIENTED_EDGE ( 'NONE', *, *, #1587, .T. ) ;
#698 = CARTESIAN_POINT ( 'NONE',  ( -1.023622047244094890, 0.000000000000000000, 0.3684843009365666444 ) ) ;
#699 = DIRECTION ( 'NONE',  ( 0.000000000000000000, 0.000000000000000000, -1.000000000000000000 ) ) ;
#700 = CARTESIAN_POINT ( 'NONE',  ( -0.5905511811023615998, 0.000000000000000000, -0.3543307086614173040 ) ) ;
#701 = CARTESIAN_POINT ( 'NONE',  ( 0.6299212598425196763, 0.000000000000000000, 0.000000000000000000 ) ) ;
#702 = ORIENTED_EDGE ( 'NONE', *, *, #219, .T. ) ;
#703 = DIRECTION ( 'NONE',  ( 0.000000000000000000, 0.000000000000000000, 1.000000000000000000 ) ) ;
#704 = ORIENTED_EDGE ( 'NONE', *, *, #212, .T. ) ;
#705 = ADVANCED_FACE ( 'NONE', ( #1158 ), #936, .F. ) ;
#706 = CYLINDRICAL_SURFACE ( 'NONE', #174, 0.3799212598425197318 ) ;
#707 = FACE_OUTER_BOUND ( 'NONE', #590, .T. ) ;
#708 = LINE ( 'NONE', #312, #1228 ) ;
#709 = DIRECTION ( 'NONE',  ( 0.9916556173432375942, 1.578756240926664356E-17, 0.1289152302546216489 ) ) ;
#710 = AXIS2_PLACEMENT_3D ( 'NONE', #1526, #1152, #1283 ) ;
#711 = CARTESIAN_POINT ( 'NONE',  ( -0.3937007874015747699, 0.000000000000000000, 0.000000000000000000 ) ) ;
#712 = VERTEX_POINT ( 'NONE', #1539 ) ;
#713 = AXIS2_PLACEMENT_3D ( 'NONE', #836, #1358, #210 ) ;
#714 = CIRCLE ( 'NONE', #603, 0.1220472440944885273 ) ;
#715 = MECHANICAL_DESIGN_GEOMETRIC_PRESENTATION_REPRESENTATION (  '', ( #356 ), #1035 ) ;
#716 = CARTESIAN_POINT ( 'NONE',  ( -0.8267716535433071723, 0.000000000000000000, -0.3799212598425197318 ) ) ;
#717 = VECTOR ( 'NONE', #397, 39.37007874015748143 ) ;
#718 = DIRECTION ( 'NONE',  ( 1.000000000000000000, 0.000000000000000000, 0.000000000000000000 ) ) ;
#719 = EDGE_CURVE ( 'NONE', #990, #1321, #42, .T. ) ;
#720 = DIRECTION ( 'NONE',  ( 0.000000000000000000, 0.000000000000000000, -1.000000000000000000 ) ) ;
#721 = ORIENTED_EDGE ( 'NONE', *, *, #1372, .T. ) ;
#722 = DIRECTION ( 'NONE',  ( 1.000000000000000000, 0.000000000000000000, 0.000000000000000000 ) ) ;
#723 = EDGE_LOOP ( 'NONE', ( #1148, #1191, #1020, #1011 ) ) ;
#724 = CARTESIAN_POINT ( 'NONE',  ( -1.019685039370079149, 4.050013036550305871E-17, -0.3307086614173231909 ) ) ;
#725 = DIRECTION ( 'NONE',  ( -0.9994449069791544460, 0.000000000000000000, 0.03331483023263827337 ) ) ;
#726 = EDGE_CURVE ( 'NONE', #328, #1112, #665, .T. ) ;
#727 = CYLINDRICAL_SURFACE ( 'NONE', #279, 0.2559055118110235005 ) ;
#728 = ORIENTED_EDGE ( 'NONE', *, *, #219, .F. ) ;
#729 = ORIENTED_EDGE ( 'NONE', *, *, #200, .T. ) ;
#730 = LINE ( 'NONE', #221, #1463 ) ;
#731 = ORIENTED_EDGE ( 'NONE', *, *, #1500, .F. ) ;
#732 = SURFACE_STYLE_FILL_AREA ( #1641 ) ;
#733 = FACE_BOUND ( 'NONE', #38, .T. ) ;
#734 = DIRECTION ( 'NONE',  ( 1.000000000000000000, 0.000000000000000000, 0.000000000000000000 ) ) ;
#735 = DIRECTION ( 'NONE',  ( 0.000000000000000000, 0.000000000000000000, -1.000000000000000000 ) ) ;
#736 = EDGE_CURVE ( 'NONE', #14, #29, #1355, .T. ) ;
#737 = ORIENTED_EDGE ( 'NONE', *, *, #48, .F. ) ;
#738 = PRODUCT ( 'connector 0.75 to 0.5 inch', 'connector 0.75 to 0.5 inch', '', ( #503 ) ) ;
#739 = EDGE_CURVE ( 'NONE', #1126, #24, #520, .T. ) ;
#740 = TOROIDAL_SURFACE ( 'NONE', #223, 0.1220472440944885273, 0.003937007874015747977 ) ;
#741 = CARTESIAN_POINT ( 'NONE',  ( -0.07874015748031495954, -0.3937007874015748254, -0.2273032555864669124 ) ) ;
#742 = AXIS2_PLACEMENT_3D ( 'NONE', #479, #1642, #638 ) ;
#743 = DIRECTION ( 'NONE',  ( -1.000000000000000000, -0.000000000000000000, -0.000000000000000000 ) ) ;
#744 = VECTOR ( 'NONE', #1313, 39.37007874015748143 ) ;
#745 = AXIS2_PLACEMENT_3D ( 'NONE', #1182, #786, #1658 ) ;
#746 = PLANE ( 'NONE',  #1060 ) ;
#747 = ORIENTED_EDGE ( 'NONE', *, *, #443, .T. ) ;
#748 = VERTEX_POINT ( 'NONE', #925 ) ;
#749 = EDGE_CURVE ( 'NONE', #20, #24, #264, .T. ) ;
#750 = FACE_OUTER_BOUND ( 'NONE', #1602, .T. ) ;
#751 = CARTESIAN_POINT ( 'NONE',  ( -1.023622047244094890, 0.000000000000000000, 0.000000000000000000 ) ) ;
#752 = CARTESIAN_POINT ( 'NONE',  ( -0.07874015748031502893, 4.652693547941716653E-17, 0.3799212598425197318 ) ) ;
#753 = ORIENTED_EDGE ( 'NONE', *, *, #463, .T. ) ;
#754 = DIRECTION ( 'NONE',  ( 1.000000000000000000, 0.000000000000000000, 0.000000000000000000 ) ) ;
#755 = ORIENTED_EDGE ( 'NONE', *, *, #454, .T. ) ;
#756 = CARTESIAN_POINT ( 'NONE',  ( -0.3937007874015747699, 0.000000000000000000, 0.000000000000000000 ) ) ;
#757 = CARTESIAN_POINT ( 'NONE',  ( 0.4724409448818898127, 0.000000000000000000, 0.000000000000000000 ) ) ;
#758 = FACE_OUTER_BOUND ( 'NONE', #1285, .T. ) ;
#759 = ORIENTED_EDGE ( 'NONE', *, *, #821, .F. ) ;
#760 = ORIENTED_EDGE ( 'NONE', *, *, #556, .F. ) ;
#761 = FACE_OUTER_BOUND ( 'NONE', #388, .T. ) ;
#762 = CARTESIAN_POINT ( 'NONE',  ( -1.023622047244094890, 0.000000000000000000, 0.1181102362204727863 ) ) ;
#763 = CIRCLE ( 'NONE', #742, 0.2421259842519684902 ) ;
#764 = CARTESIAN_POINT ( 'NONE',  ( -0.9448818897637796255, 0.000000000000000000, -0.3799212598425197318 ) ) ;
#765 = CIRCLE ( 'NONE', #929, 0.003937007874015758385 ) ;
#766 = VECTOR ( 'NONE', #1275, 39.37007874015748143 ) ;
#767 = ADVANCED_FACE ( 'NONE', ( #522 ), #850, .T. ) ;
#768 = ADVANCED_FACE ( 'NONE', ( #23 ), #1549, .F. ) ;
#769 = CIRCLE ( 'NONE', #1652, 0.3799212598425197318 ) ;
#770 = CARTESIAN_POINT ( 'NONE',  ( 1.059055118110236338, 0.000000000000000000, -0.2463472104094229231 ) ) ;
#771 = AXIS2_PLACEMENT_3D ( 'NONE', #350, #991, #1505 ) ;
#772 = ORIENTED_EDGE ( 'NONE', *, *, #1523, .T. ) ;
#773 = DIRECTION ( 'NONE',  ( 1.000000000000000000, 0.000000000000000000, 0.000000000000000000 ) ) ;
#774 = EDGE_LOOP ( 'NONE', ( #1415, #534, #1545, #50 ) ) ;
#775 = DIRECTION ( 'NONE',  ( 0.000000000000000000, 0.000000000000000000, -1.000000000000000000 ) ) ;
#776 = DIRECTION ( 'NONE',  ( 0.000000000000000000, 0.000000000000000000, -1.000000000000000000 ) ) ;
#777 = DIRECTION ( 'NONE',  ( 0.000000000000000000, 0.000000000000000000, -1.000000000000000000 ) ) ;
#778 = EDGE_CURVE ( 'NONE', #1082, #609, #1411, .T. ) ;
#779 = ORIENTED_EDGE ( 'NONE', *, *, #886, .F. ) ;
#780 = DIRECTION ( 'NONE',  ( 0.000000000000000000, -0.000000000000000000, 1.000000000000000000 ) ) ;
#781 = ORIENTED_EDGE ( 'NONE', *, *, #443, .F. ) ;
#782 = DIRECTION ( 'NONE',  ( -1.000000000000000000, -0.000000000000000000, -0.000000000000000000 ) ) ;
#783 = DIRECTION ( 'NONE',  ( 1.000000000000000000, 0.000000000000000000, 0.000000000000000000 ) ) ;
#784 = CARTESIAN_POINT ( 'NONE',  ( 0.3937007874015748254, 0.000000000000000000, 0.000000000000000000 ) ) ;
#785 = ORIENTED_EDGE ( 'NONE', *, *, #182, .T. ) ;
#786 = DIRECTION ( 'NONE',  ( 1.000000000000000000, 0.000000000000000000, 0.000000000000000000 ) ) ;
#787 = EDGE_CURVE ( 'NONE', #1538, #1556, #228, .T. ) ;
#788 = EDGE_LOOP ( 'NONE', ( #1342, #321, #1150, #1578 ) ) ;
#789 = DIRECTION ( 'NONE',  ( 1.000000000000000000, 0.000000000000000000, 0.000000000000000000 ) ) ;
#790 = ADVANCED_FACE ( 'NONE', ( #528 ), #1564, .T. ) ;
#791 = ORIENTED_EDGE ( 'NONE', *, *, #1033, .T. ) ;
#792 = DIRECTION ( 'NONE',  ( 1.000000000000000000, 0.000000000000000000, 0.000000000000000000 ) ) ;
#793 = AXIS2_PLACEMENT_3D ( 'NONE', #751, #1015, #104 ) ;
#794 = DIRECTION ( 'NONE',  ( 1.000000000000000000, 0.000000000000000000, 0.000000000000000000 ) ) ;
#795 = AXIS2_PLACEMENT_3D ( 'NONE', #701, #552, #1102 ) ;
#796 = AXIS2_PLACEMENT_3D ( 'NONE', #25, #927, #1430 ) ;
#797 = CARTESIAN_POINT ( 'NONE',  ( -0.3937007874015747699, 0.000000000000000000, 0.000000000000000000 ) ) ;
#798 = ORIENTED_EDGE ( 'NONE', *, *, #1341, .T. ) ;
#799 = CONICAL_SURFACE ( 'NONE', #1202, 0.2421259842519685179, 0.08727771294946071179 ) ;
#800 = CIRCLE ( 'NONE', #1008, 0.3799212598425197318 ) ;
#801 = DIRECTION ( 'NONE',  ( 0.000000000000000000, 0.000000000000000000, -1.000000000000000000 ) ) ;
#802 = ORIENTED_EDGE ( 'NONE', *, *, #137, .T. ) ;
#803 = EDGE_CURVE ( 'NONE', #1528, #1255, #659, .T. ) ;
#804 = EDGE_CURVE ( 'NONE', #1179, #609, #1320, .T. ) ;
#805 = DIRECTION ( 'NONE',  ( 0.000000000000000000, 0.000000000000000000, -1.000000000000000000 ) ) ;
#806 = CARTESIAN_POINT ( 'NONE',  ( 0.07874015748031495954, -0.3937007874015748254, -0.2273032555864669124 ) ) ;
#807 = LINE ( 'NONE', #1435, #717 ) ;
#808 = ORIENTED_EDGE ( 'NONE', *, *, #102, .F. ) ;
#809 = CARTESIAN_POINT ( 'NONE',  ( 0.3937007874015748254, 0.000000000000000000, 0.000000000000000000 ) ) ;
#810 = ORIENTED_EDGE ( 'NONE', *, *, #913, .T. ) ;
#811 = FACE_OUTER_BOUND ( 'NONE', #91, .T. ) ;
#812 = CARTESIAN_POINT ( 'NONE',  ( 1.062992125984252079, 0.000000000000000000, 0.000000000000000000 ) ) ;
#813 = FACE_OUTER_BOUND ( 'NONE', #1287, .T. ) ;
#814 = ORIENTED_EDGE ( 'NONE', *, *, #1553, .F. ) ;
#815 = DIRECTION ( 'NONE',  ( 0.000000000000000000, -0.8660254037844384856, 0.5000000000000001110 ) ) ;
#816 = VERTEX_POINT ( 'NONE', #1216 ) ;
#817 = CARTESIAN_POINT ( 'NONE',  ( 0.6299212598425196763, 3.133938659235351720E-17, 0.2559055118110235005 ) ) ;
#818 = ORIENTED_EDGE ( 'NONE', *, *, #1610, .F. ) ;
#819 = DIRECTION ( 'NONE',  ( 0.000000000000000000, 0.000000000000000000, 1.000000000000000000 ) ) ;
#820 = ADVANCED_FACE ( 'NONE', ( #304 ), #1096, .T. ) ;
#821 = EDGE_CURVE ( 'NONE', #650, #997, #521, .T. ) ;
#822 = AXIS2_PLACEMENT_3D ( 'NONE', #211, #718, #216 ) ;
#823 = CYLINDRICAL_SURFACE ( 'NONE', #1121, 0.2559055118110235005 ) ;
#824 = ORIENTED_EDGE ( 'NONE', *, *, #360, .F. ) ;
#825 = VECTOR ( 'NONE', #819, 39.37007874015748143 ) ;
#826 = EDGE_LOOP ( 'NONE', ( #1131, #1633 ) ) ;
#827 = CONICAL_SURFACE ( 'NONE', #606, 0.2490944881889764206, 0.03332099587824699505 ) ;
#828 = CONICAL_SURFACE ( 'NONE', #1301, 0.3799212598425197318, 0.1292750040481436269 ) ;
#829 = CARTESIAN_POINT ( 'NONE',  ( -1.023622047244094890, 4.050013036550305871E-17, -0.3307086614173231909 ) ) ;
#830 = PRODUCT_DEFINITION_CONTEXT ( 'detailed design', #874, 'design' ) ;
#831 = CARTESIAN_POINT ( 'NONE',  ( 1.059349566725360958, 0.000000000000000000, 0.000000000000000000 ) ) ;
#832 = DIRECTION ( 'NONE',  ( 0.000000000000000000, 0.000000000000000000, -1.000000000000000000 ) ) ;
#833 = CYLINDRICAL_SURFACE ( 'NONE', #144, 0.2559055118110235005 ) ;
#834 = DIRECTION ( 'NONE',  ( 0.000000000000000000, 0.000000000000000000, -1.000000000000000000 ) ) ;
#835 = ORIENTED_EDGE ( 'NONE', *, *, #421, .F. ) ;
#836 = CARTESIAN_POINT ( 'NONE',  ( 0.2559055118110236671, 0.000000000000000000, 0.000000000000000000 ) ) ;
#837 = DIRECTION ( 'NONE',  ( 0.000000000000000000, 0.000000000000000000, -1.000000000000000000 ) ) ;
#838 = DIRECTION ( 'NONE',  ( -1.000000000000000000, -0.000000000000000000, -0.000000000000000000 ) ) ;
#839 = CARTESIAN_POINT ( 'NONE',  ( -0.07874015748031530648, 0.000000000000000000, 0.000000000000000000 ) ) ;
#840 = ORIENTED_EDGE ( 'NONE', *, *, #1392, .F. ) ;
#841 = CARTESIAN_POINT ( 'NONE',  ( -0.07874015748031495954, -0.3937007874015748254, 0.2273032555864669124 ) ) ;
#842 = EDGE_CURVE ( 'NONE', #903, #483, #63, .T. ) ;
#843 = FACE_OUTER_BOUND ( 'NONE', #1166, .T. ) ;
#844 = DIRECTION ( 'NONE',  ( 1.000000000000000000, 0.000000000000000000, 0.000000000000000000 ) ) ;
#845 = CARTESIAN_POINT ( 'NONE',  ( 0.7086614173228346081, 0.000000000000000000, 0.2559055118110235005 ) ) ;
#846 = VERTEX_POINT ( 'NONE', #1334 ) ;
#847 = AXIS2_PLACEMENT_3D ( 'NONE', #1482, #430, #340 ) ;
#848 = FACE_OUTER_BOUND ( 'NONE', #788, .T. ) ;
#849 = CIRCLE ( 'NONE', #115, 0.003937007874015741038 ) ;
#850 = CONICAL_SURFACE ( 'NONE', #1063, 0.2353149606299213270, 0.09966865249116192704 ) ;
#851 = CARTESIAN_POINT ( 'NONE',  ( -0.07874015748031530648, 0.000000000000000000, 0.000000000000000000 ) ) ;
#852 = EDGE_CURVE ( 'NONE', #268, #1106, #447, .T. ) ;
#853 = AXIS2_PLACEMENT_3D ( 'NONE', #642, #390, #915 ) ;
#854 = DIRECTION ( 'NONE',  ( 1.000000000000000000, 0.000000000000000000, 0.000000000000000000 ) ) ;
#855 = DIRECTION ( 'NONE',  ( -1.000000000000000000, 0.000000000000000000, -0.000000000000000000 ) ) ;
#856 = EDGE_LOOP ( 'NONE', ( #527, #242, #114, #1546 ) ) ;
#857 = ORIENTED_EDGE ( 'NONE', *, *, #1447, .T. ) ;
#858 = CARTESIAN_POINT ( 'NONE',  ( 0.2559055118110236671, 0.000000000000000000, 0.000000000000000000 ) ) ;
#859 = CARTESIAN_POINT ( 'NONE',  ( -1.019685039370079149, 0.000000000000000000, 0.000000000000000000 ) ) ;
#860 = ADVANCED_FACE ( 'NONE', ( #968 ), #1380, .T. ) ;
#861 = ADVANCED_FACE ( 'NONE', ( #1229 ), #828, .T. ) ;
#862 = DIRECTION ( 'NONE',  ( 1.000000000000000000, 0.000000000000000000, 0.000000000000000000 ) ) ;
#863 = DIRECTION ( 'NONE',  ( 1.000000000000000000, 0.000000000000000000, 0.000000000000000000 ) ) ;
#864 = CARTESIAN_POINT ( 'NONE',  ( 0.6299212598425196763, 3.049563387640553668E-17, -0.2421259842519684902 ) ) ;
#865 = ADVANCED_FACE ( 'NONE', ( #1111, #584 ), #1105, .T. ) ;
#866 = ORIENTED_EDGE ( 'NONE', *, *, #749, .F. ) ;
#867 = CONICAL_SURFACE ( 'NONE', #1566, 0.2353149606299213270, 0.09966865249116192704 ) ;
#868 = DIRECTION ( 'NONE',  ( 0.000000000000000000, 0.000000000000000000, -1.000000000000000000 ) ) ;
#869 = AXIS2_PLACEMENT_3D ( 'NONE', #1186, #673, #1559 ) ;
#870 = CIRCLE ( 'NONE', #283, 0.2559055118110235005 ) ;
#871 = AXIS2_PLACEMENT_3D ( 'NONE', #129, #789, #801 ) ;
#872 = CARTESIAN_POINT ( 'NONE',  ( -0.3543307086614173596, 0.000000000000000000, 0.000000000000000000 ) ) ;
#873 = VECTOR ( 'NONE', #1330, 39.37007874015748143 ) ;
#874 = APPLICATION_CONTEXT ( 'automotive_design' ) ;
#875 = CIRCLE ( 'NONE', #935, 0.3684843009365666444 ) ;
#876 = DIRECTION ( 'NONE',  ( -0.000000000000000000, 0.000000000000000000, 1.000000000000000000 ) ) ;
#877 = ADVANCED_FACE ( 'NONE', ( #848 ), #1236, .T. ) ;
#878 = ORIENTED_EDGE ( 'NONE', *, *, #1406, .T. ) ;
#879 =( CONVERSION_BASED_UNIT ( 'INCH', #345 ) LENGTH_UNIT ( ) NAMED_UNIT ( #1477 ) );
#880 = FACE_OUTER_BOUND ( 'NONE', #882, .T. ) ;
#881 = DIRECTION ( 'NONE',  ( 0.000000000000000000, 0.000000000000000000, 1.000000000000000000 ) ) ;
#882 = EDGE_LOOP ( 'NONE', ( #1436, #1269, #1185, #660 ) ) ;
#883 = ORIENTED_EDGE ( 'NONE', *, *, #1579, .T. ) ;
#884 = LINE ( 'NONE', #619, #1120 ) ;
#885 = ADVANCED_FACE ( 'NONE', ( #981, #1010 ), #1374, .T. ) ;
#886 = EDGE_CURVE ( 'NONE', #816, #1588, #1174, .T. ) ;
#887 = DIRECTION ( 'NONE',  ( 0.000000000000000000, 0.000000000000000000, 1.000000000000000000 ) ) ;
#888 = DIRECTION ( 'NONE',  ( 0.000000000000000000, 0.000000000000000000, -1.000000000000000000 ) ) ;
#889 = ORIENTED_EDGE ( 'NONE', *, *, #1596, .T. ) ;
#890 = ORIENTED_EDGE ( 'NONE', *, *, #953, .T. ) ;
#891 = CARTESIAN_POINT ( 'NONE',  ( 0.8661417322834645827, 0.000000000000000000, 0.000000000000000000 ) ) ;
#892 = ORIENTED_EDGE ( 'NONE', *, *, #81, .T. ) ;
#893 = SURFACE_STYLE_USAGE ( .BOTH. , #93 ) ;
#894 = CIRCLE ( 'NONE', #1398, 0.1181102362204727863 ) ;
#895 = CARTESIAN_POINT ( 'NONE',  ( 0.07874015748031495954, -0.3937007874015748254, 0.2273032555864669124 ) ) ;
#896 = EDGE_CURVE ( 'NONE', #1255, #448, #1491, .T. ) ;
#897 = EDGE_CURVE ( 'NONE', #268, #672, #413, .T. ) ;
#898 = AXIS2_PLACEMENT_3D ( 'NONE', #540, #45, #417 ) ;
#899 = AXIS2_PLACEMENT_3D ( 'NONE', #951, #1614, #1481 ) ;
#900 = VECTOR ( 'NONE', #1365, 39.37007874015748143 ) ;
#901 = VECTOR ( 'NONE', #59, 39.37007874015748143 ) ;
#902 = LINE ( 'NONE', #647, #1647 ) ;
#903 = VERTEX_POINT ( 'NONE', #1001 ) ;
#904 = AXIS2_PLACEMENT_3D ( 'NONE', #922, #773, #10 ) ;
#905 = ORIENTED_EDGE ( 'NONE', *, *, #1611, .F. ) ;
#906 = FACE_OUTER_BOUND ( 'NONE', #774, .T. ) ;
#907 = ORIENTED_EDGE ( 'NONE', *, *, #360, .T. ) ;
#908 = DIRECTION ( 'NONE',  ( 0.000000000000000000, 0.000000000000000000, -1.000000000000000000 ) ) ;
#909 = CARTESIAN_POINT ( 'NONE',  ( -0.6299212598425196763, 0.000000000000000000, 0.000000000000000000 ) ) ;
#910 = EDGE_CURVE ( 'NONE', #110, #1536, #730, .T. ) ;
#911 = CARTESIAN_POINT ( 'NONE',  ( 0.07874015748031495954, 0.3937007874015748254, -0.2273032555864669124 ) ) ;
#912 = EDGE_LOOP ( 'NONE', ( #393, #359, #1307, #866 ) ) ;
#913 = EDGE_CURVE ( 'NONE', #648, #1179, #1136, .T. ) ;
#914 = ORIENTED_EDGE ( 'NONE', *, *, #1522, .F. ) ;
#915 = DIRECTION ( 'NONE',  ( 0.000000000000000000, 0.000000000000000000, 1.000000000000000000 ) ) ;
#916 = EDGE_LOOP ( 'NONE', ( #329, #941 ) ) ;
#917 = CARTESIAN_POINT ( 'NONE',  ( -0.8267716535433067282, 0.000000000000000000, 0.000000000000000000 ) ) ;
#918 = ORIENTED_EDGE ( 'NONE', *, *, #502, .F. ) ;
#919 = ADVANCED_BREP_SHAPE_REPRESENTATION ( 'connector 0.75 to 0.5 inch', ( #651, #254 ), #437 ) ;
#920 = CARTESIAN_POINT ( 'NONE',  ( 0.3937007874015748254, 2.881777133269185737E-17, -0.2353149606299213270 ) ) ;
#921 = CARTESIAN_POINT ( 'NONE',  ( -0.6299212598425196763, 0.000000000000000000, 0.000000000000000000 ) ) ;
#922 = CARTESIAN_POINT ( 'NONE',  ( -0.8267716535433071723, 0.000000000000000000, 0.000000000000000000 ) ) ;
#923 = EDGE_LOOP ( 'NONE', ( #926, #77, #261, #124 ) ) ;
#924 = EDGE_CURVE ( 'NONE', #1112, #1065, #492, .T. ) ;
#925 = CARTESIAN_POINT ( 'NONE',  ( -1.019685039370079149, 0.000000000000000000, 0.3307086614173231909 ) ) ;
#926 = ORIENTED_EDGE ( 'NONE', *, *, #1596, .F. ) ;
#927 = DIRECTION ( 'NONE',  ( 1.000000000000000000, 0.000000000000000000, 0.000000000000000000 ) ) ;
#928 = CARTESIAN_POINT ( 'NONE',  ( 0.07874015748031501505, 0.000000000000000000, 0.000000000000000000 ) ) ;
#929 = AXIS2_PLACEMENT_3D ( 'NONE', #770, #1181, #888 ) ;
#930 = AXIS2_PLACEMENT_3D ( 'NONE', #179, #168, #319 ) ;
#931 = VECTOR ( 'NONE', #1424, 39.37007874015748854 ) ;
#932 = CARTESIAN_POINT ( 'NONE',  ( -1.019685039370079149, 0.000000000000000000, 0.000000000000000000 ) ) ;
#933 = ORIENTED_EDGE ( 'NONE', *, *, #1502, .F. ) ;
#934 = AXIS2_PLACEMENT_3D ( 'NONE', #1537, #142, #1163 ) ;
#935 = AXIS2_PLACEMENT_3D ( 'NONE', #656, #131, #1173 ) ;
#936 = CYLINDRICAL_SURFACE ( 'NONE', #1199, 0.3307086614173231909 ) ;
#937 = ORIENTED_EDGE ( 'NONE', *, *, #944, .F. ) ;
#938 = CARTESIAN_POINT ( 'NONE',  ( -0.9448818897637796255, 4.652693547941716653E-17, 0.3799212598425197318 ) ) ;
#939 = LINE ( 'NONE', #806, #1515 ) ;
#940 = CARTESIAN_POINT ( 'NONE',  ( -1.019685039370079149, 0.000000000000000000, 0.000000000000000000 ) ) ;
#941 = ORIENTED_EDGE ( 'NONE', *, *, #1450, .F. ) ;
#942 = ORIENTED_EDGE ( 'NONE', *, *, #1450, .T. ) ;
#943 = LINE ( 'NONE', #1322, #1198 ) ;
#944 = EDGE_CURVE ( 'NONE', #241, #1070, #631, .T. ) ;
#945 = ADVANCED_FACE ( 'NONE', ( #1125 ), #799, .T. ) ;
#946 = ORIENTED_EDGE ( 'NONE', *, *, #565, .T. ) ;
#947 = DIRECTION ( 'NONE',  ( 1.000000000000000000, 0.000000000000000000, 0.000000000000000000 ) ) ;
#948 = FACE_OUTER_BOUND ( 'NONE', #1397, .T. ) ;
#949 = VERTEX_POINT ( 'NONE', #4 ) ;
#950 = EDGE_LOOP ( 'NONE', ( #1514, #1002, #1487, #1479 ) ) ;
#951 = CARTESIAN_POINT ( 'NONE',  ( -1.019685039370079149, 4.098227477461618955E-17, -0.3346456692913388764 ) ) ;
#952 = CARTESIAN_POINT ( 'NONE',  ( 0.3937007874015748254, 2.966152404863983789E-17, -0.2353149606299213270 ) ) ;
#953 = EDGE_CURVE ( 'NONE', #816, #1065, #518, .T. ) ;
#954 = CARTESIAN_POINT ( 'NONE',  ( -0.07874015748031495954, -0.3937007874015748254, -0.2273032555864669124 ) ) ;
#955 = AXIS2_PLACEMENT_3D ( 'NONE', #1133, #257, #625 ) ;
#956 = CIRCLE ( 'NONE', #436, 0.3543307086614173040 ) ;
#957 = LINE ( 'NONE', #1200, #1567 ) ;
#958 = ORIENTED_EDGE ( 'NONE', *, *, #1012, .T. ) ;
#959 = CIRCLE ( 'NONE', #796, 0.2463472104094229231 ) ;
#960 = EDGE_LOOP ( 'NONE', ( #132, #5, #222, #1438 ) ) ;
#961 = AXIS2_PLACEMENT_3D ( 'NONE', #1282, #282, #1418 ) ;
#962 = CIRCLE ( 'NONE', #745, 0.3799212598425197318 ) ;
#963 = DIRECTION ( 'NONE',  ( -1.000000000000000000, 0.000000000000000000, -0.000000000000000000 ) ) ;
#964 = DIRECTION ( 'NONE',  ( -1.000000000000000000, -0.000000000000000000, -0.000000000000000000 ) ) ;
#965 = CARTESIAN_POINT ( 'NONE',  ( -1.019685039370079149, 0.000000000000000000, 0.3346456692913388764 ) ) ;
#966 = ORIENTED_EDGE ( 'NONE', *, *, #1406, .F. ) ;
#967 = EDGE_CURVE ( 'NONE', #1454, #171, #1432, .T. ) ;
#968 = FACE_OUTER_BOUND ( 'NONE', #912, .T. ) ;
#969 = ORIENTED_EDGE ( 'NONE', *, *, #1119, .F. ) ;
#970 = DIRECTION ( 'NONE',  ( 1.000000000000000000, 0.000000000000000000, 0.000000000000000000 ) ) ;
#971 = FACE_OUTER_BOUND ( 'NONE', #324, .T. ) ;
#972 = CARTESIAN_POINT ( 'NONE',  ( -0.07874015748031495954, -1.322954436817065102E-32, -0.4546065111729338248 ) ) ;
#973 = VERTEX_POINT ( 'NONE', #162 ) ;
#974 = DIRECTION ( 'NONE',  ( -1.000000000000000000, 0.000000000000000000, -0.000000000000000000 ) ) ;
#975 = ADVANCED_FACE ( 'NONE', ( #133 ), #71, .T. ) ;
#976 = LINE ( 'NONE', #184, #307 ) ;
#977 = CARTESIAN_POINT ( 'NONE',  ( -1.023622047244094890, 0.000000000000000000, -0.3799212598425197318 ) ) ;
#978 = DIRECTION ( 'NONE',  ( -1.000000000000000000, 0.000000000000000000, 0.000000000000000000 ) ) ;
#979 = EDGE_LOOP ( 'NONE', ( #177, #209 ) ) ;
#980 = VECTOR ( 'NONE', #566, 39.37007874015748854 ) ;
#981 = FACE_OUTER_BOUND ( 'NONE', #158, .T. ) ;
#982 = AXIS2_PLACEMENT_3D ( 'NONE', #940, #187, #1443 ) ;
#983 = AXIS2_PLACEMENT_3D ( 'NONE', #1508, #1533, #232 ) ;
#984 = EDGE_CURVE ( 'NONE', #594, #292, #381, .T. ) ;
#985 = PRESENTATION_LAYER_ASSIGNMENT (  '', '', ( #356 ) ) ;
#986 = DIRECTION ( 'NONE',  ( -1.000000000000000000, -0.000000000000000000, -0.000000000000000000 ) ) ;
#987 = ADVANCED_FACE ( 'NONE', ( #906 ), #404, .T. ) ;
#988 = FACE_OUTER_BOUND ( 'NONE', #364, .T. ) ;
#989 = FACE_OUTER_BOUND ( 'NONE', #1657, .T. ) ;
#990 = VERTEX_POINT ( 'NONE', #1561 ) ;
#991 = DIRECTION ( 'NONE',  ( -1.000000000000000000, -0.000000000000000000, -0.000000000000000000 ) ) ;
#992 = VERTEX_POINT ( 'NONE', #370 ) ;
#993 = CARTESIAN_POINT ( 'NONE',  ( 0.8661417322834645827, 0.000000000000000000, -0.2559055118110235560 ) ) ;
#994 = ADVANCED_FACE ( 'NONE', ( #500 ), #1543, .T. ) ;
#995 = CARTESIAN_POINT ( 'NONE',  ( 0.2559055118110236671, 0.000000000000000000, 0.000000000000000000 ) ) ;
#996 = ORIENTED_EDGE ( 'NONE', *, *, #628, .T. ) ;
#997 = VERTEX_POINT ( 'NONE', #1280 ) ;
#998 = CARTESIAN_POINT ( 'NONE',  ( 1.059055118110236338, 1.494647668250710856E-17, 0.1220472440944885273 ) ) ;
#999 = PLANE ( 'NONE',  #1483 ) ;
#1000 = DIRECTION ( 'NONE',  ( 1.000000000000000000, 0.000000000000000000, 0.000000000000000000 ) ) ;
#1001 = CARTESIAN_POINT ( 'NONE',  ( -0.07874015748031495954, -0.3937007874015748254, 0.2273032555864669124 ) ) ;
#1002 = ORIENTED_EDGE ( 'NONE', *, *, #554, .F. ) ;
#1003 = CIRCLE ( 'NONE', #635, 0.3307086614173230799 ) ;
#1004 = AXIS2_PLACEMENT_3D ( 'NONE', #1420, #414, #1441 ) ;
#1005 = CIRCLE ( 'NONE', #336, 0.3799212598425197318 ) ;
#1006 = DIRECTION ( 'NONE',  ( 0.000000000000000000, -0.8660254037844385966, -0.5000000000000001110 ) ) ;
#1007 = CIRCLE ( 'NONE', #311, 0.2559055118110235005 ) ;
#1008 = AXIS2_PLACEMENT_3D ( 'NONE', #921, #1267, #1407 ) ;
#1009 = DIRECTION ( 'NONE',  ( 0.000000000000000000, 0.000000000000000000, -1.000000000000000000 ) ) ;
#1010 = FACE_BOUND ( 'NONE', #316, .T. ) ;
#1011 = ORIENTED_EDGE ( 'NONE', *, *, #787, .T. ) ;
#1012 = EDGE_CURVE ( 'NONE', #328, #846, #1007, .T. ) ;
#1013 = EDGE_CURVE ( 'NONE', #292, #648, #807, .T. ) ;
#1014 = FILL_AREA_STYLE_COLOUR ( '', #120 ) ;
#1015 = DIRECTION ( 'NONE',  ( 1.000000000000000000, 0.000000000000000000, 0.000000000000000000 ) ) ;
#1016 = PRODUCT_DEFINITION_SHAPE ( 'NONE', 'NONE',  #1643 ) ;
#1017 = CARTESIAN_POINT ( 'NONE',  ( 0.07874015748031501505, 3.133938659235351720E-17, 0.2559055118110235005 ) ) ;
#1018 = ORIENTED_EDGE ( 'NONE', *, *, #294, .F. ) ;
#1019 = CARTESIAN_POINT ( 'NONE',  ( 0.7086614173228346081, 3.133938659235351720E-17, -0.2559055118110235005 ) ) ;
#1020 = ORIENTED_EDGE ( 'NONE', *, *, #49, .T. ) ;
#1021 = PRODUCT_RELATED_PRODUCT_CATEGORY ( 'part', '', ( #738 ) ) ;
#1022 = EDGE_CURVE ( 'NONE', #453, #1153, #43, .T. ) ;
#1023 = CARTESIAN_POINT ( 'NONE',  ( 1.062992125984252079, 0.000000000000000000, 0.000000000000000000 ) ) ;
#1024 = CYLINDRICAL_SURFACE ( 'NONE', #983, 0.2559055118110235005 ) ;
#1025 = DIRECTION ( 'NONE',  ( 0.000000000000000000, 0.000000000000000000, -1.000000000000000000 ) ) ;
#1026 = ORIENTED_EDGE ( 'NONE', *, *, #348, .F. ) ;
#1027 = CARTESIAN_POINT ( 'NONE',  ( -0.07874015748031530648, 1.446433227339398696E-17, -0.1181102362204728695 ) ) ;
#1028 = EDGE_LOOP ( 'NONE', ( #1312, #1037 ) ) ;
#1029 = DIRECTION ( 'NONE',  ( 1.000000000000000000, 0.000000000000000000, 0.000000000000000000 ) ) ;
#1030 = ADVANCED_FACE ( 'NONE', ( #127 ), #1252, .T. ) ;
#1031 = AXIS2_PLACEMENT_3D ( 'NONE', #111, #863, #1144 ) ;
#1032 = CARTESIAN_POINT ( 'NONE',  ( -0.3543307086614165824, 0.000000000000000000, 0.000000000000000000 ) ) ;
#1033 = EDGE_CURVE ( 'NONE', #1255, #1528, #471, .T. ) ;
#1034 = AXIS2_PLACEMENT_3D ( 'NONE', #191, #1466, #308 ) ;
#1035 =( GEOMETRIC_REPRESENTATION_CONTEXT ( 3 ) GLOBAL_UNCERTAINTY_ASSIGNED_CONTEXT ( ( #1323 ) ) GLOBAL_UNIT_ASSIGNED_CONTEXT ( ( #879, #1525, #1635 ) ) REPRESENTATION_CONTEXT ( 'NONE', 'WORKASPACE' ) );
#1036 = LINE ( 'NONE', #911, #1354 ) ;
#1037 = ORIENTED_EDGE ( 'NONE', *, *, #736, .T. ) ;
#1038 = VECTOR ( 'NONE', #1040, 39.37007874015748143 ) ;
#1039 = ORIENTED_EDGE ( 'NONE', *, *, #1328, .T. ) ;
#1040 = DIRECTION ( 'NONE',  ( -1.000000000000000000, 0.000000000000000000, 0.000000000000000000 ) ) ;
#1041 = ORIENTED_EDGE ( 'NONE', *, *, #1376, .T. ) ;
#1042 = CARTESIAN_POINT ( 'NONE',  ( -1.023622047244094890, 0.000000000000000000, 0.000000000000000000 ) ) ;
#1043 = ORIENTED_EDGE ( 'NONE', *, *, #271, .T. ) ;
#1044 = CARTESIAN_POINT ( 'NONE',  ( 0.8661417322834645827, 0.000000000000000000, 0.2421259842519685179 ) ) ;
#1045 = EDGE_CURVE ( 'NONE', #1203, #1055, #962, .T. ) ;
#1046 = CARTESIAN_POINT ( 'NONE',  ( 0.07874015748031495954, -0.3937007874015748254, 0.2273032555864669124 ) ) ;
#1047 = VERTEX_POINT ( 'NONE', #1293 ) ;
#1048 = FACE_OUTER_BOUND ( 'NONE', #278, .T. ) ;
#1049 = ORIENTED_EDGE ( 'NONE', *, *, #804, .T. ) ;
#1050 = DIRECTION ( 'NONE',  ( -1.000000000000000000, -0.000000000000000000, -0.000000000000000000 ) ) ;
#1051 = ORIENTED_EDGE ( 'NONE', *, *, #502, .T. ) ;
#1052 = DIRECTION ( 'NONE',  ( 0.000000000000000000, 0.8660254037844385966, 0.5000000000000001110 ) ) ;
#1053 = DIRECTION ( 'NONE',  ( 1.000000000000000000, 0.000000000000000000, 0.000000000000000000 ) ) ;
#1054 = CARTESIAN_POINT ( 'NONE',  ( 0.4724409448818898127, 3.133938659235351720E-17, -0.2559055118110235005 ) ) ;
#1055 = VERTEX_POINT ( 'NONE', #661 ) ;
#1056 = CARTESIAN_POINT ( 'NONE',  ( 0.3937007874015748254, 0.000000000000000000, 0.000000000000000000 ) ) ;
#1057 = ORIENTED_EDGE ( 'NONE', *, *, #852, .T. ) ;
#1058 = LINE ( 'NONE', #1290, #1224 ) ;
#1059 = DIRECTION ( 'NONE',  ( 1.000000000000000000, 0.000000000000000000, 0.000000000000000000 ) ) ;
#1060 = AXIS2_PLACEMENT_3D ( 'NONE', #1135, #855, #589 ) ;
#1061 = CONICAL_SURFACE ( 'NONE', #1373, 0.3799212598425197318, 0.1292750040481438212 ) ;
#1062 = AXIS2_PLACEMENT_3D ( 'NONE', #784, #1053, #267 ) ;
#1063 = AXIS2_PLACEMENT_3D ( 'NONE', #1056, #782, #1399 ) ;
#1064 = CARTESIAN_POINT ( 'NONE',  ( 0.9842519685039370358, 3.133938659235352336E-17, -0.2559055118110235560 ) ) ;
#1065 = VERTEX_POINT ( 'NONE', #1019 ) ;
#1066 = AXIS2_PLACEMENT_3D ( 'NONE', #207, #1225, #1346 ) ;
#1067 = CARTESIAN_POINT ( 'NONE',  ( -0.6299212598425196763, 4.652693547941716653E-17, 0.3799212598425197318 ) ) ;
#1068 = EDGE_CURVE ( 'NONE', #536, #748, #286, .T. ) ;
#1069 = ADVANCED_FACE ( 'NONE', ( #1048 ), #1555, .T. ) ;
#1070 = VERTEX_POINT ( 'NONE', #1027 ) ;
#1071 = FACE_OUTER_BOUND ( 'NONE', #338, .T. ) ;
#1072 = LINE ( 'NONE', #1589, #1093 ) ;
#1073 = DIRECTION ( 'NONE',  ( 0.000000000000000000, -1.000000000000000000, 0.000000000000000000 ) ) ;
#1074 = VERTEX_POINT ( 'NONE', #1054 ) ;
#1075 = DIRECTION ( 'NONE',  ( 1.000000000000000000, 0.000000000000000000, 0.000000000000000000 ) ) ;
#1076 = ORIENTED_EDGE ( 'NONE', *, *, #1392, .T. ) ;
#1077 = EDGE_CURVE ( 'NONE', #400, #1126, #1529, .T. ) ;
#1078 = PLANE ( 'NONE',  #1141 ) ;
#1079 = ORIENTED_EDGE ( 'NONE', *, *, #102, .T. ) ;
#1080 = CARTESIAN_POINT ( 'NONE',  ( -1.023622047244094890, 4.652693547941716653E-17, 0.3799212598425197318 ) ) ;
#1081 = DIRECTION ( 'NONE',  ( 0.000000000000000000, 0.000000000000000000, 1.000000000000000000 ) ) ;
#1082 = VERTEX_POINT ( 'NONE', #425 ) ;
#1083 = ORIENTED_EDGE ( 'NONE', *, *, #49, .F. ) ;
#1084 = DIRECTION ( 'NONE',  ( -0.000000000000000000, 0.000000000000000000, 1.000000000000000000 ) ) ;
#1085 = EDGE_CURVE ( 'NONE', #1074, #126, #121, .T. ) ;
#1086 = LINE ( 'NONE', #203, #306 ) ;
#1087 = DIRECTION ( 'NONE',  ( 0.000000000000000000, 0.000000000000000000, 1.000000000000000000 ) ) ;
#1088 = EDGE_CURVE ( 'NONE', #1175, #1556, #568, .T. ) ;
#1089 = TOROIDAL_SURFACE ( 'NONE', #982, 0.3684843009365666444, 0.003937007874015747977 ) ;
#1090 = VECTOR ( 'NONE', #1194, 39.37007874015748143 ) ;
#1091 = CARTESIAN_POINT ( 'NONE',  ( -0.07874015748031530648, 0.000000000000000000, 0.000000000000000000 ) ) ;
#1092 = ORIENTED_EDGE ( 'NONE', *, *, #1532, .T. ) ;
#1093 = VECTOR ( 'NONE', #693, 39.37007874015748143 ) ;
#1094 = VECTOR ( 'NONE', #688, 39.37007874015748143 ) ;
#1095 = EDGE_LOOP ( 'NONE', ( #969, #1524, #1423, #1279 ) ) ;
#1096 = TOROIDAL_SURFACE ( 'NONE', #358, 0.3346456692913388764, 0.003937007874015747977 ) ;
#1097 = AXIS2_PLACEMENT_3D ( 'NONE', #928, #376, #395 ) ;
#1098 = CARTESIAN_POINT ( 'NONE',  ( -1.023622047244094890, 0.000000000000000000, 0.000000000000000000 ) ) ;
#1099 = CARTESIAN_POINT ( 'NONE',  ( 1.059055118110236338, 0.000000000000000000, 0.000000000000000000 ) ) ;
#1100 = DIRECTION ( 'NONE',  ( 1.000000000000000000, 0.000000000000000000, 0.000000000000000000 ) ) ;
#1101 = ADVANCED_FACE ( 'NONE', ( #948 ), #823, .T. ) ;
#1102 = DIRECTION ( 'NONE',  ( 0.000000000000000000, 0.000000000000000000, 1.000000000000000000 ) ) ;
#1103 = ORIENTED_EDGE ( 'NONE', *, *, #685, .F. ) ;
#1104 = ORIENTED_EDGE ( 'NONE', *, *, #1134, .T. ) ;
#1105 = PLANE ( 'NONE',  #441 ) ;
#1106 = VERTEX_POINT ( 'NONE', #1064 ) ;
#1107 = DIRECTION ( 'NONE',  ( 1.000000000000000000, 0.000000000000000000, 0.000000000000000000 ) ) ;
#1108 = DIRECTION ( 'NONE',  ( 1.000000000000000000, 0.000000000000000000, 0.000000000000000000 ) ) ;
#1109 = CARTESIAN_POINT ( 'NONE',  ( 0.07874015748031501505, 0.000000000000000000, 0.000000000000000000 ) ) ;
#1110 = EDGE_LOOP ( 'NONE', ( #569, #1193, #623, #1558 ) ) ;
#1111 = FACE_BOUND ( 'NONE', #135, .T. ) ;
#1112 = VERTEX_POINT ( 'NONE', #845 ) ;
#1113 = DIRECTION ( 'NONE',  ( 0.000000000000000000, 0.000000000000000000, 1.000000000000000000 ) ) ;
#1114 = DIRECTION ( 'NONE',  ( 1.000000000000000000, 0.000000000000000000, 0.000000000000000000 ) ) ;
#1115 = CARTESIAN_POINT ( 'NONE',  ( 1.059055118110236338, 0.000000000000000000, 0.000000000000000000 ) ) ;
#1116 = ORIENTED_EDGE ( 'NONE', *, *, #511, .T. ) ;
#1117 = AXIS2_PLACEMENT_3D ( 'NONE', #757, #1499, #476 ) ;
#1118 = VERTEX_POINT ( 'NONE', #327 ) ;
#1119 = EDGE_CURVE ( 'NONE', #712, #1395, #151, .T. ) ;
#1120 = VECTOR ( 'NONE', #1263, 39.37007874015748143 ) ;
#1121 = AXIS2_PLACEMENT_3D ( 'NONE', #1574, #1590, #433 ) ;
#1122 = CARTESIAN_POINT ( 'NONE',  ( 1.062992125984252079, 0.000000000000000000, 0.2500000000000000000 ) ) ;
#1123 = DIRECTION ( 'NONE',  ( 0.000000000000000000, 0.000000000000000000, 1.000000000000000000 ) ) ;
#1124 = DIRECTION ( 'NONE',  ( 0.000000000000000000, -1.000000000000000000, 0.000000000000000000 ) ) ;
#1125 = FACE_OUTER_BOUND ( 'NONE', #558, .T. ) ;
#1126 = VERTEX_POINT ( 'NONE', #1214 ) ;
#1127 = CARTESIAN_POINT ( 'NONE',  ( 0.6299212598425196763, 0.000000000000000000, 0.2421259842519684902 ) ) ;
#1128 = DIRECTION ( 'NONE',  ( 0.000000000000000000, 0.000000000000000000, -1.000000000000000000 ) ) ;
#1129 = DIRECTION ( 'NONE',  ( 1.000000000000000000, 0.000000000000000000, 0.000000000000000000 ) ) ;
#1130 = CARTESIAN_POINT ( 'NONE',  ( 0.8661417322834645827, 0.000000000000000000, 0.000000000000000000 ) ) ;
#1131 = ORIENTED_EDGE ( 'NONE', *, *, #1168, .T. ) ;
#1132 = PLANE ( 'NONE',  #549 ) ;
#1133 = CARTESIAN_POINT ( 'NONE',  ( 0.07874015748031495954, -1.322954436817065102E-32, -0.4546065111729338248 ) ) ;
#1134 = EDGE_CURVE ( 'NONE', #1047, #1659, #66, .T. ) ;
#1135 = CARTESIAN_POINT ( 'NONE',  ( 0.6299212598425196763, 0.2559055118110235005, 0.000000000000000000 ) ) ;
#1136 = LINE ( 'NONE', #1261, #383 ) ;
#1137 = ORIENTED_EDGE ( 'NONE', *, *, #1022, .F. ) ;
#1138 = VECTOR ( 'NONE', #1474, 39.37007874015748143 ) ;
#1139 = CYLINDRICAL_SURFACE ( 'NONE', #1329, 0.3799212598425197318 ) ;
#1140 = CIRCLE ( 'NONE', #495, 0.003937007874015724558 ) ;
#1141 = AXIS2_PLACEMENT_3D ( 'NONE', #317, #1349, #1336 ) ;
#1142 = PRODUCT_DEFINITION_FORMATION_WITH_SPECIFIED_SOURCE ( 'ANY', '', #738, .NOT_KNOWN. ) ;
#1143 = AXIS2_PLACEMENT_3D ( 'NONE', #236, #475, #496 ) ;
#1144 = DIRECTION ( 'NONE',  ( 0.000000000000000000, 0.000000000000000000, -1.000000000000000000 ) ) ;
#1145 = AXIS2_PLACEMENT_3D ( 'NONE', #1130, #610, #1149 ) ;
#1146 = CARTESIAN_POINT ( 'NONE',  ( 0.9842519685039370358, 0.000000000000000000, 0.000000000000000000 ) ) ;
#1147 = ADVANCED_FACE ( 'NONE', ( #1451 ), #1512, .T. ) ;
#1148 = ORIENTED_EDGE ( 'NONE', *, *, #1088, .F. ) ;
#1149 = DIRECTION ( 'NONE',  ( 0.000000000000000000, 0.000000000000000000, -1.000000000000000000 ) ) ;
#1150 = ORIENTED_EDGE ( 'NONE', *, *, #1257, .T. ) ;
#1151 = CARTESIAN_POINT ( 'NONE',  ( 0.000000000000000000, 0.000000000000000000, 0.000000000000000000 ) ) ;
#1152 = DIRECTION ( 'NONE',  ( 1.000000000000000000, 0.000000000000000000, 0.000000000000000000 ) ) ;
#1153 = VERTEX_POINT ( 'NONE', #1190 ) ;
#1154 = VERTEX_POINT ( 'NONE', #72 ) ;
#1155 = CARTESIAN_POINT ( 'NONE',  ( -1.023622047244094890, 0.000000000000000000, 0.000000000000000000 ) ) ;
#1156 = ADVANCED_FACE ( 'NONE', ( #35 ), #74, .T. ) ;
#1157 = ORIENTED_EDGE ( 'NONE', *, *, #454, .F. ) ;
#1158 = FACE_OUTER_BOUND ( 'NONE', #1448, .T. ) ;
#1159 = ADVANCED_FACE ( 'NONE', ( #170 ), #1089, .T. ) ;
#1160 = DIRECTION ( 'NONE',  ( 0.000000000000000000, 0.5000000000000001110, -0.8660254037844385966 ) ) ;
#1161 = CARTESIAN_POINT ( 'NONE',  ( -1.023622047244094890, 0.000000000000000000, -0.3799212598425197318 ) ) ;
#1162 = EDGE_LOOP ( 'NONE', ( #156, #1535 ) ) ;
#1163 = DIRECTION ( 'NONE',  ( 0.000000000000000000, 0.000000000000000000, -1.000000000000000000 ) ) ;
#1164 = EDGE_LOOP ( 'NONE', ( #183, #747, #1018, #1583 ) ) ;
#1165 = DIRECTION ( 'NONE',  ( 1.000000000000000000, 0.000000000000000000, 0.000000000000000000 ) ) ;
#1166 = EDGE_LOOP ( 'NONE', ( #702, #541 ) ) ;
#1167 = AXIS2_PLACEMENT_3D ( 'NONE', #620, #1519, #1370 ) ;
#1168 = EDGE_CURVE ( 'NONE', #1395, #712, #1003, .T. ) ;
#1169 = AXIS2_PLACEMENT_3D ( 'NONE', #1180, #963, #1084 ) ;
#1170 = PLANE ( 'NONE',  #1169 ) ;
#1171 = VECTOR ( 'NONE', #416, 39.37007874015748143 ) ;
#1172 = AXIS2_PLACEMENT_3D ( 'NONE', #1289, #1557, #1306 ) ;
#1173 = DIRECTION ( 'NONE',  ( 0.000000000000000000, 0.000000000000000000, 1.000000000000000000 ) ) ;
#1174 = CIRCLE ( 'NONE', #1276, 0.2421259842519685179 ) ;
#1175 = VERTEX_POINT ( 'NONE', #581 ) ;
#1176 = CARTESIAN_POINT ( 'NONE',  ( -1.019685039370079149, 0.000000000000000000, 0.000000000000000000 ) ) ;
#1177 = ORIENTED_EDGE ( 'NONE', *, *, #668, .T. ) ;
#1178 = DIRECTION ( 'NONE',  ( 1.000000000000000000, 0.000000000000000000, 0.000000000000000000 ) ) ;
#1179 = VERTEX_POINT ( 'NONE', #972 ) ;
#1180 = CARTESIAN_POINT ( 'NONE',  ( 0.3937007874015748254, 0.2559055118110235005, 0.000000000000000000 ) ) ;
#1181 = DIRECTION ( 'NONE',  ( 0.000000000000000000, -1.000000000000000000, 0.000000000000000000 ) ) ;
#1182 = CARTESIAN_POINT ( 'NONE',  ( -0.6299212598425196763, 0.000000000000000000, 0.000000000000000000 ) ) ;
#1183 = VERTEX_POINT ( 'NONE', #194 ) ;
#1184 = DIRECTION ( 'NONE',  ( 1.000000000000000000, 0.000000000000000000, 0.000000000000000000 ) ) ;
#1185 = ORIENTED_EDGE ( 'NONE', *, *, #421, .T. ) ;
#1186 = CARTESIAN_POINT ( 'NONE',  ( -0.5905511811023619329, 0.3543307086614173040, 0.000000000000000000 ) ) ;
#1187 = DIRECTION ( 'NONE',  ( 0.000000000000000000, 0.000000000000000000, -1.000000000000000000 ) ) ;
#1188 = ADVANCED_FACE ( 'NONE', ( #302, #813 ), #1318, .F. ) ;
#1189 = EDGE_CURVE ( 'NONE', #1375, #1417, #957, .T. ) ;
#1190 = CARTESIAN_POINT ( 'NONE',  ( -0.8267716535433071723, 4.652693547941716653E-17, 0.3799212598425197318 ) ) ;
#1191 = ORIENTED_EDGE ( 'NONE', *, *, #532, .F. ) ;
#1192 = DIRECTION ( 'NONE',  ( 0.000000000000000000, 0.000000000000000000, 1.000000000000000000 ) ) ;
#1193 = ORIENTED_EDGE ( 'NONE', *, *, #1563, .T. ) ;
#1194 = DIRECTION ( 'NONE',  ( -0.9961937174961129626, 0.000000000000000000, 0.08716695028090915009 ) ) ;
#1195 = CIRCLE ( 'NONE', #1222, 0.2502731919444168285 ) ;
#1196 = LINE ( 'NONE', #580, #547 ) ;
#1197 = CIRCLE ( 'NONE', #1620, 0.2559055118110235560 ) ;
#1198 = VECTOR ( 'NONE', #385, 39.37007874015748143 ) ;
#1199 = AXIS2_PLACEMENT_3D ( 'NONE', #146, #653, #291 ) ;
#1200 = CARTESIAN_POINT ( 'NONE',  ( 0.07874015748031495954, -0.3937007874015748254, 0.2273032555864669124 ) ) ;
#1201 = ORIENTED_EDGE ( 'NONE', *, *, #644, .F. ) ;
#1202 = AXIS2_PLACEMENT_3D ( 'NONE', #891, #1416, #669 ) ;
#1203 = VERTEX_POINT ( 'NONE', #560 ) ;
#1204 = DIRECTION ( 'NONE',  ( 0.000000000000000000, 0.000000000000000000, -1.000000000000000000 ) ) ;
#1205 = ORIENTED_EDGE ( 'NONE', *, *, #1068, .F. ) ;
#1206 = DIRECTION ( 'NONE',  ( 1.000000000000000000, 0.000000000000000000, 0.000000000000000000 ) ) ;
#1207 = DIRECTION ( 'NONE',  ( -1.000000000000000000, -0.000000000000000000, -0.000000000000000000 ) ) ;
#1208 = EDGE_CURVE ( 'NONE', #36, #748, #1140, .T. ) ;
#1209 = ORIENTED_EDGE ( 'NONE', *, *, #628, .F. ) ;
#1210 = ADVANCED_FACE ( 'NONE', ( #314 ), #833, .T. ) ;
#1211 = DIRECTION ( 'NONE',  ( -1.000000000000000000, -0.000000000000000000, -0.000000000000000000 ) ) ;
#1212 = FACE_OUTER_BOUND ( 'NONE', #634, .T. ) ;
#1213 = DIRECTION ( 'NONE',  ( -1.000000000000000000, -0.000000000000000000, -0.000000000000000000 ) ) ;
#1214 = CARTESIAN_POINT ( 'NONE',  ( -0.1574803149606299191, 4.652693547941716653E-17, 0.3799212598425197318 ) ) ;
#1215 = ORIENTED_EDGE ( 'NONE', *, *, #1278, .F. ) ;
#1216 = CARTESIAN_POINT ( 'NONE',  ( 0.8661417322834645827, 3.049563387640554285E-17, -0.2421259842519685179 ) ) ;
#1217 = ORIENTED_EDGE ( 'NONE', *, *, #842, .F. ) ;
#1218 = CARTESIAN_POINT ( 'NONE',  ( -0.9448818897637796255, 0.000000000000000000, 0.000000000000000000 ) ) ;
#1219 = EDGE_CURVE ( 'NONE', #1175, #1497, #208, .T. ) ;
#1220 = ADVANCED_FACE ( 'NONE', ( #342, #622 ), #746, .T. ) ;
#1221 = LINE ( 'NONE', #450, #980 ) ;
#1222 = AXIS2_PLACEMENT_3D ( 'NONE', #831, #1359, #1467 ) ;
#1223 = AXIS2_PLACEMENT_3D ( 'NONE', #1259, #1645, #881 ) ;
#1224 = VECTOR ( 'NONE', #530, 39.37007874015748143 ) ;
#1225 = DIRECTION ( 'NONE',  ( 1.000000000000000000, 0.000000000000000000, 0.000000000000000000 ) ) ;
#1226 = EDGE_LOOP ( 'NONE', ( #643, #499, #243, #996 ) ) ;
#1227 = VERTEX_POINT ( 'NONE', #864 ) ;
#1228 = VECTOR ( 'NONE', #1311, 39.37007874015748143 ) ;
#1229 = FACE_OUTER_BOUND ( 'NONE', #640, .T. ) ;
#1230 = EDGE_LOOP ( 'NONE', ( #779, #890, #163, #382 ) ) ;
#1231 = CIRCLE ( 'NONE', #410, 0.003937007874015724558 ) ;
#1232 = DIMENSIONAL_EXPONENTS ( 1.000000000000000000, 0.000000000000000000, 0.000000000000000000, 0.000000000000000000, 0.000000000000000000, 0.000000000000000000, 0.000000000000000000 ) ;
#1233 = FACE_BOUND ( 'NONE', #369, .T. ) ;
#1234 = DIRECTION ( 'NONE',  ( 0.000000000000000000, 0.000000000000000000, -1.000000000000000000 ) ) ;
#1235 = LINE ( 'NONE', #82, #1594 ) ;
#1236 = PLANE ( 'NONE',  #576 ) ;
#1237 = CARTESIAN_POINT ( 'NONE',  ( -0.07874015748031495954, 5.818415145192841905E-17, 0.4546065111729338248 ) ) ;
#1238 = CARTESIAN_POINT ( 'NONE',  ( -0.3543307086614173596, 0.000000000000000000, 0.000000000000000000 ) ) ;
#1239 = CARTESIAN_POINT ( 'NONE',  ( -0.9448818897637796255, 0.000000000000000000, 0.000000000000000000 ) ) ;
#1240 = EDGE_LOOP ( 'NONE', ( #389, #583, #878, #1157 ) ) ;
#1241 = EDGE_CURVE ( 'NONE', #1047, #1623, #849, .T. ) ;
#1242 = CARTESIAN_POINT ( 'NONE',  ( 0.7086614173228346081, 0.000000000000000000, 0.000000000000000000 ) ) ;
#1243 = VERTEX_POINT ( 'NONE', #752 ) ;
#1244 = CARTESIAN_POINT ( 'NONE',  ( 0.07874015748031495954, 0.3937007874015748254, 0.2273032555864669124 ) ) ;
#1245 = CARTESIAN_POINT ( 'NONE',  ( -0.07874015748031495954, 0.000000000000000000, 0.000000000000000000 ) ) ;
#1246 = DIRECTION ( 'NONE',  ( 0.000000000000000000, 0.000000000000000000, -1.000000000000000000 ) ) ;
#1247 = CIRCLE ( 'NONE', #793, 0.3346456692913388764 ) ;
#1248 = DIRECTION ( 'NONE',  ( 0.000000000000000000, 0.000000000000000000, -1.000000000000000000 ) ) ;
#1249 = EDGE_LOOP ( 'NONE', ( #303, #305, #721, #760 ) ) ;
#1250 = VECTOR ( 'NONE', #175, 39.37007874015748143 ) ;
#1251 = CARTESIAN_POINT ( 'NONE',  ( -1.023622047244094890, 0.000000000000000000, 0.000000000000000000 ) ) ;
#1252 = CONICAL_SURFACE ( 'NONE', #1572, 0.3799212598425197318, 0.1292750040481436269 ) ;
#1253 = DIRECTION ( 'NONE',  ( 1.000000000000000000, 0.000000000000000000, 0.000000000000000000 ) ) ;
#1254 = CARTESIAN_POINT ( 'NONE',  ( 0.07874015748031495954, 5.818415145192841905E-17, 0.4546065111729338248 ) ) ;
#1255 = VERTEX_POINT ( 'NONE', #1615 ) ;
#1256 = DIRECTION ( 'NONE',  ( -1.000000000000000000, -0.000000000000000000, -0.000000000000000000 ) ) ;
#1257 = EDGE_CURVE ( 'NONE', #1417, #594, #1366, .T. ) ;
#1258 = CARTESIAN_POINT ( 'NONE',  ( 0.07874015748031501505, 0.000000000000000000, -0.2559055118110235005 ) ) ;
#1259 = CARTESIAN_POINT ( 'NONE',  ( -1.019685039370079149, 0.000000000000000000, 0.000000000000000000 ) ) ;
#1260 = ORIENTED_EDGE ( 'NONE', *, *, #48, .T. ) ;
#1261 = CARTESIAN_POINT ( 'NONE',  ( -0.07874015748031495954, 0.3937007874015748254, -0.2273032555864669124 ) ) ;
#1262 = EDGE_LOOP ( 'NONE', ( #618, #343, #165, #704 ) ) ;
#1263 = DIRECTION ( 'NONE',  ( -1.000000000000000000, 0.000000000000000000, 0.000000000000000000 ) ) ;
#1264 = DIRECTION ( 'NONE',  ( 1.000000000000000000, 0.000000000000000000, 0.000000000000000000 ) ) ;
#1265 = ADVANCED_FACE ( 'NONE', ( #109 ), #98, .T. ) ;
#1266 = ADVANCED_FACE ( 'NONE', ( #477 ), #727, .T. ) ;
#1267 = DIRECTION ( 'NONE',  ( 1.000000000000000000, 0.000000000000000000, 0.000000000000000000 ) ) ;
#1268 = ORIENTED_EDGE ( 'NONE', *, *, #26, .T. ) ;
#1269 = ORIENTED_EDGE ( 'NONE', *, *, #592, .F. ) ;
#1270 = VERTEX_POINT ( 'NONE', #460 ) ;
#1271 = DIRECTION ( 'NONE',  ( 0.000000000000000000, 0.000000000000000000, -1.000000000000000000 ) ) ;
#1272 = AXIS2_PLACEMENT_3D ( 'NONE', #909, #159, #537 ) ;
#1273 = LENGTH_MEASURE_WITH_UNIT ( LENGTH_MEASURE( 0.02539999999999999897 ), #1475 );
#1274 = AXIS2_PLACEMENT_3D ( 'NONE', #61, #1206, #1458 ) ;
#1275 = DIRECTION ( 'NONE',  ( 0.9950371902099891530, 0.000000000000000000, -0.09950371902099788834 ) ) ;
#1276 = AXIS2_PLACEMENT_3D ( 'NONE', #493, #754, #633 ) ;
#1277 = CYLINDRICAL_SURFACE ( 'NONE', #415, 0.3799212598425197318 ) ;
#1278 = EDGE_CURVE ( 'NONE', #949, #1118, #332, .T. ) ;
#1279 = ORIENTED_EDGE ( 'NONE', *, *, #323, .F. ) ;
#1280 = CARTESIAN_POINT ( 'NONE',  ( 0.3937007874015748254, 0.000000000000000000, -0.2559055118110235005 ) ) ;
#1281 = EDGE_LOOP ( 'NONE', ( #561, #181, #689, #808 ) ) ;
#1282 = CARTESIAN_POINT ( 'NONE',  ( -1.023622047244094890, 0.000000000000000000, 0.000000000000000000 ) ) ;
#1283 = DIRECTION ( 'NONE',  ( 0.000000000000000000, 0.000000000000000000, -1.000000000000000000 ) ) ;
#1284 = CARTESIAN_POINT ( 'NONE',  ( 0.8661417322834645827, 0.000000000000000000, 0.000000000000000000 ) ) ;
#1285 = EDGE_LOOP ( 'NONE', ( #300, #1608, #1613, #525 ) ) ;
#1286 = DIRECTION ( 'NONE',  ( 0.000000000000000000, 0.000000000000000000, -1.000000000000000000 ) ) ;
#1287 = EDGE_LOOP ( 'NONE', ( #835, #56, #814, #62, #380, #818 ) ) ;
#1288 = ADVANCED_FACE ( 'NONE', ( #1509 ), #544, .T. ) ;
#1289 = CARTESIAN_POINT ( 'NONE',  ( 0.07874015748031495954, -0.3937007874015748254, -0.2273032555864669124 ) ) ;
#1290 = CARTESIAN_POINT ( 'NONE',  ( -0.3937007874015747699, 4.652693547941716653E-17, 0.3799212598425197318 ) ) ;
#1291 = CYLINDRICAL_SURFACE ( 'NONE', #1097, 0.2559055118110235560 ) ;
#1292 = ORIENTED_EDGE ( 'NONE', *, *, #674, .T. ) ;
#1293 = CARTESIAN_POINT ( 'NONE',  ( 1.062992125984252079, 0.000000000000000000, -0.1220472440944885273 ) ) ;
#1294 = ORIENTED_EDGE ( 'NONE', *, *, #432, .T. ) ;
#1295 = DIRECTION ( 'NONE',  ( 1.000000000000000000, 0.000000000000000000, 0.000000000000000000 ) ) ;
#1296 = EDGE_LOOP ( 'NONE', ( #737, #753, #1616, #494 ) ) ;
#1297 = VECTOR ( 'NONE', #1108, 39.37007874015748143 ) ;
#1298 = AXIS2_PLACEMENT_3D ( 'NONE', #1371, #357, #876 ) ;
#1299 = DIRECTION ( 'NONE',  ( -0.9950371902099891530, 1.218569110023238269E-17, -0.09950371902099881816 ) ) ;
#1300 = AXIS2_PLACEMENT_3D ( 'NONE', #809, #510, #535 ) ;
#1301 = AXIS2_PLACEMENT_3D ( 'NONE', #711, #76, #455 ) ;
#1302 = DIRECTION ( 'NONE',  ( 1.000000000000000000, 0.000000000000000000, 0.000000000000000000 ) ) ;
#1303 = AXIS2_PLACEMENT_3D ( 'NONE', #87, #472, #1494 ) ;
#1304 = DIRECTION ( 'NONE',  ( 1.000000000000000000, 0.000000000000000000, 0.000000000000000000 ) ) ;
#1305 = ORIENTED_EDGE ( 'NONE', *, *, #778, .F. ) ;
#1306 = DIRECTION ( 'NONE',  ( 0.000000000000000000, -0.000000000000000000, -1.000000000000000000 ) ) ;
#1307 = ORIENTED_EDGE ( 'NONE', *, *, #1376, .F. ) ;
#1308 = LINE ( 'NONE', #938, #1250 ) ;
#1309 = ADVANCED_FACE ( 'NONE', ( #1503 ), #626, .T. ) ;
#1310 = ADVANCED_FACE ( 'NONE', ( #1382, #989 ), #363, .T. ) ;
#1311 = DIRECTION ( 'NONE',  ( -0.9950371902099891530, 0.000000000000000000, 0.09950371902099881816 ) ) ;
#1312 = ORIENTED_EDGE ( 'NONE', *, *, #134, .T. ) ;
#1313 = DIRECTION ( 'NONE',  ( -1.000000000000000000, 0.000000000000000000, 0.000000000000000000 ) ) ;
#1314 = EDGE_LOOP ( 'NONE', ( #1104, #1575 ) ) ;
#1315 = CARTESIAN_POINT ( 'NONE',  ( -0.3543307086614165824, 4.495996614979948666E-17, 0.3543307086614173040 ) ) ;
#1316 = EDGE_CURVE ( 'NONE', #1321, #990, #1357, .T. ) ;
#1317 = LINE ( 'NONE', #1080, #1171 ) ;
#1318 = PLANE ( 'NONE',  #39 ) ;
#1319 = ORIENTED_EDGE ( 'NONE', *, *, #1447, .F. ) ;
#1320 = LINE ( 'NONE', #1453, #1094 ) ;
#1321 = VERTEX_POINT ( 'NONE', #233 ) ;
#1322 = CARTESIAN_POINT ( 'NONE',  ( -0.6299212598425196763, 0.000000000000000000, -0.3799212598425197318 ) ) ;
#1323 = UNCERTAINTY_MEASURE_WITH_UNIT (LENGTH_MEASURE( 1.000000000000000082E-05 ), #879, 'distance_accuracy_value', 'NONE');
#1324 = CIRCLE ( 'NONE', #1031, 0.2550000000000000044 ) ;
#1325 = EDGE_LOOP ( 'NONE', ( #824, #9, #883, #461 ) ) ;
#1326 = LINE ( 'NONE', #442, #70 ) ;
#1327 = AXIS2_PLACEMENT_3D ( 'NONE', #851, #1211, #428 ) ;
#1328 = EDGE_CURVE ( 'NONE', #748, #536, #1400, .T. ) ;
#1329 = AXIS2_PLACEMENT_3D ( 'NONE', #1251, #1531, #1271 ) ;
#1330 = DIRECTION ( 'NONE',  ( -0.9994449069791544460, 4.079890020853793428E-18, -0.03331483023263827337 ) ) ;
#1331 = ORIENTED_EDGE ( 'NONE', *, *, #169, .T. ) ;
#1332 = VECTOR ( 'NONE', #722, 39.37007874015748143 ) ;
#1333 = EDGE_CURVE ( 'NONE', #400, #20, #573, .T. ) ;
#1334 = CARTESIAN_POINT ( 'NONE',  ( 0.6299212598425196763, 0.000000000000000000, -0.2559055118110235005 ) ) ;
#1335 = EDGE_LOOP ( 'NONE', ( #1041, #1268, #427, #966 ) ) ;
#1336 = DIRECTION ( 'NONE',  ( 0.000000000000000000, 0.000000000000000000, -1.000000000000000000 ) ) ;
#1337 = CARTESIAN_POINT ( 'NONE',  ( -0.3543307086614165824, 0.000000000000000000, -0.3543307086614173040 ) ) ;
#1338 = CARTESIAN_POINT ( 'NONE',  ( 0.6299212598425196763, 0.000000000000000000, 0.000000000000000000 ) ) ;
#1339 = CARTESIAN_POINT ( 'NONE',  ( 0.07874015748031501505, 0.000000000000000000, 0.000000000000000000 ) ) ;
#1340 = EDGE_CURVE ( 'NONE', #1065, #1112, #486, .T. ) ;
#1341 = EDGE_CURVE ( 'NONE', #1417, #483, #1235, .T. ) ;
#1342 = ORIENTED_EDGE ( 'NONE', *, *, #15, .F. ) ;
#1343 = LINE ( 'NONE', #1363, #901 ) ;
#1344 = LINE ( 'NONE', #1122, #377 ) ;
#1345 = DIRECTION ( 'NONE',  ( 0.000000000000000000, 0.000000000000000000, -1.000000000000000000 ) ) ;
#1346 = DIRECTION ( 'NONE',  ( 0.000000000000000000, 0.000000000000000000, -1.000000000000000000 ) ) ;
#1347 = ORIENTED_EDGE ( 'NONE', *, *, #1637, .T. ) ;
#1348 = ORIENTED_EDGE ( 'NONE', *, *, #18, .F. ) ;
#1349 = DIRECTION ( 'NONE',  ( 1.000000000000000000, 0.000000000000000000, 0.000000000000000000 ) ) ;
#1350 = LINE ( 'NONE', #977, #1297 ) ;
#1351 = VECTOR ( 'NONE', #1299, 39.37007874015748143 ) ;
#1352 = DIRECTION ( 'NONE',  ( -1.000000000000000000, -0.000000000000000000, -0.000000000000000000 ) ) ;
#1353 = EDGE_LOOP ( 'NONE', ( #446, #1383 ) ) ;
#1354 = VECTOR ( 'NONE', #1413, 39.37007874015748143 ) ;
#1355 = CIRCLE ( 'NONE', #1300, 0.2353149606299213270 ) ;
#1356 = ORIENTED_EDGE ( 'NONE', *, *, #1522, .T. ) ;
#1357 = CIRCLE ( 'NONE', #1303, 0.3543307086614173040 ) ;
#1358 = DIRECTION ( 'NONE',  ( 1.000000000000000000, 0.000000000000000000, 0.000000000000000000 ) ) ;
#1359 = DIRECTION ( 'NONE',  ( -1.000000000000000000, -0.000000000000000000, -0.000000000000000000 ) ) ;
#1360 = ADVANCED_FACE ( 'NONE', ( #19 ), #524, .F. ) ;
#1361 = DIRECTION ( 'NONE',  ( 1.000000000000000000, 0.000000000000000000, 0.000000000000000000 ) ) ;
#1362 = VERTEX_POINT ( 'NONE', #1534 ) ;
#1363 = CARTESIAN_POINT ( 'NONE',  ( 0.07874015748031495954, 0.3937007874015748254, -0.2273032555864669124 ) ) ;
#1364 = CARTESIAN_POINT ( 'NONE',  ( -0.1574803149606299191, 0.000000000000000000, -0.3799212598425197318 ) ) ;
#1365 = DIRECTION ( 'NONE',  ( -1.000000000000000000, -0.000000000000000000, -0.000000000000000000 ) ) ;
#1366 = LINE ( 'NONE', #1254, #355 ) ;
#1367 = CARTESIAN_POINT ( 'NONE',  ( -1.019685039370079149, 4.512631196780163173E-17, -0.3684843009365666444 ) ) ;
#1368 = ORIENTED_EDGE ( 'NONE', *, *, #490, .F. ) ;
#1369 = DIRECTION ( 'NONE',  ( 0.000000000000000000, 1.000000000000000000, -1.224646799147353207E-16 ) ) ;
#1370 = DIRECTION ( 'NONE',  ( 0.000000000000000000, 0.000000000000000000, -1.000000000000000000 ) ) ;
#1371 = CARTESIAN_POINT ( 'NONE',  ( -1.023622047244094890, 0.3720472440944882497, 0.000000000000000000 ) ) ;
#1372 = EDGE_CURVE ( 'NONE', #949, #453, #902, .T. ) ;
#1373 = AXIS2_PLACEMENT_3D ( 'NONE', #1551, #41, #805 ) ;
#1374 = PLANE ( 'NONE',  #337 ) ;
#1375 = VERTEX_POINT ( 'NONE', #1046 ) ;
#1376 = EDGE_CURVE ( 'NONE', #24, #1126, #579, .T. ) ;
#1377 = AXIS2_PLACEMENT_3D ( 'NONE', #1606, #1213, #675 ) ;
#1378 = VECTOR ( 'NONE', #571, 39.37007874015748143 ) ;
#1379 = CARTESIAN_POINT ( 'NONE',  ( -0.07874015748031495954, 0.3937007874015748254, -0.2273032555864669124 ) ) ;
#1380 = CONICAL_SURFACE ( 'NONE', #1516, 0.3799212598425197318, 0.1292750040481438212 ) ;
#1381 = CARTESIAN_POINT ( 'NONE',  ( -0.07874015748031530648, 0.000000000000000000, 0.1181102362204728556 ) ) ;
#1382 = FACE_BOUND ( 'NONE', #670, .T. ) ;
#1383 = ORIENTED_EDGE ( 'NONE', *, *, #220, .F. ) ;
#1384 = EDGE_CURVE ( 'NONE', #1270, #515, #765, .T. ) ;
#1385 = EDGE_CURVE ( 'NONE', #1106, #1472, #1197, .T. ) ;
#1386 = LINE ( 'NONE', #1258, #249 ) ;
#1387 = DIRECTION ( 'NONE',  ( 1.000000000000000000, 0.000000000000000000, 0.000000000000000000 ) ) ;
#1388 = EDGE_LOOP ( 'NONE', ( #937, #1585 ) ) ;
#1389 = ORIENTED_EDGE ( 'NONE', *, *, #924, .F. ) ;
#1390 = DIRECTION ( 'NONE',  ( -0.9961937174961129626, 0.000000000000000000, 0.08716695028090935826 ) ) ;
#1391 = CARTESIAN_POINT ( 'NONE',  ( 1.062992125984252079, 1.494647668250710856E-17, 0.1220472440944885273 ) ) ;
#1392 = EDGE_CURVE ( 'NONE', #509, #448, #875, .T. ) ;
#1393 = LINE ( 'NONE', #764, #766 ) ;
#1394 = DIRECTION ( 'NONE',  ( 0.000000000000000000, 0.000000000000000000, -1.000000000000000000 ) ) ;
#1395 = VERTEX_POINT ( 'NONE', #505 ) ;
#1396 = DIRECTION ( 'NONE',  ( 0.000000000000000000, 0.000000000000000000, 1.000000000000000000 ) ) ;
#1397 = EDGE_LOOP ( 'NONE', ( #117, #958, #697, #1389 ) ) ;
#1398 = AXIS2_PLACEMENT_3D ( 'NONE', #1099, #844, #1234 ) ;
#1399 = DIRECTION ( 'NONE',  ( 0.000000000000000000, 0.000000000000000000, 1.000000000000000000 ) ) ;
#1400 = CIRCLE ( 'NONE', #1223, 0.3307086614173231909 ) ;
#1401 = CIRCLE ( 'NONE', #202, 0.003937007874015758385 ) ;
#1402 = AXIS2_PLACEMENT_3D ( 'NONE', #1042, #546, #1192 ) ;
#1403 = DIRECTION ( 'NONE',  ( 1.000000000000000000, 0.000000000000000000, 0.000000000000000000 ) ) ;
#1404 = AXIS2_PLACEMENT_3D ( 'NONE', #47, #1075, #834 ) ;
#1405 = ADVANCED_FACE ( 'NONE', ( #758 ), #1291, .T. ) ;
#1406 = EDGE_CURVE ( 'NONE', #24, #973, #154, .T. ) ;
#1407 = DIRECTION ( 'NONE',  ( 0.000000000000000000, 0.000000000000000000, -1.000000000000000000 ) ) ;
#1408 = EDGE_LOOP ( 'NONE', ( #933, #1305, #553, #772 ) ) ;
#1409 = CARTESIAN_POINT ( 'NONE',  ( 0.8661417322834645827, 2.965188116045756849E-17, -0.2421259842519685179 ) ) ;
#1410 = ORIENTED_EDGE ( 'NONE', *, *, #258, .T. ) ;
#1411 = LINE ( 'NONE', #272, #744 ) ;
#1412 = DIRECTION ( 'NONE',  ( 0.000000000000000000, 0.000000000000000000, -1.000000000000000000 ) ) ;
#1413 = DIRECTION ( 'NONE',  ( 0.000000000000000000, -0.8660254037844385966, -0.5000000000000001110 ) ) ;
#1414 = EDGE_LOOP ( 'NONE', ( #791, #235, #1215, #106 ) ) ;
#1415 = ORIENTED_EDGE ( 'NONE', *, *, #1013, .F. ) ;
#1416 = DIRECTION ( 'NONE',  ( -1.000000000000000000, -0.000000000000000000, -0.000000000000000000 ) ) ;
#1417 = VERTEX_POINT ( 'NONE', #514 ) ;
#1418 = DIRECTION ( 'NONE',  ( 0.000000000000000000, 0.000000000000000000, 1.000000000000000000 ) ) ;
#1419 = ORIENTED_EDGE ( 'NONE', *, *, #1480, .F. ) ;
#1420 = CARTESIAN_POINT ( 'NONE',  ( -0.6299212598425196763, 0.000000000000000000, 0.000000000000000000 ) ) ;
#1421 = CARTESIAN_POINT ( 'NONE',  ( -1.023622047244094890, 0.000000000000000000, 0.000000000000000000 ) ) ;
#1422 = CARTESIAN_POINT ( 'NONE',  ( 0.07874015748031495954, 0.3937007874015748254, 0.2273032555864669124 ) ) ;
#1423 = ORIENTED_EDGE ( 'NONE', *, *, #1068, .T. ) ;
#1424 = DIRECTION ( 'NONE',  ( 0.9916556173432375942, 0.000000000000000000, -0.1289152302546216489 ) ) ;
#1425 = ADVANCED_FACE ( 'NONE', ( #275 ), #1277, .T. ) ;
#1426 = ORIENTED_EDGE ( 'NONE', *, *, #719, .T. ) ;
#1427 = CIRCLE ( 'NONE', #710, 0.1181102362204727863 ) ;
#1428 = AXIS2_PLACEMENT_3D ( 'NONE', #1520, #1387, #720 ) ;
#1429 = CIRCLE ( 'NONE', #713, 0.2490944881889764206 ) ;
#1430 = DIRECTION ( 'NONE',  ( 0.000000000000000000, 0.000000000000000000, -1.000000000000000000 ) ) ;
#1431 = CONICAL_SURFACE ( 'NONE', #206, 0.2500000000000000000, 0.07485984771076648059 ) ;
#1432 = CIRCLE ( 'NONE', #934, 0.3799212598425197318 ) ;
#1433 = DIRECTION ( 'NONE',  ( 1.000000000000000000, 0.000000000000000000, 0.000000000000000000 ) ) ;
#1434 = AXIS2_PLACEMENT_3D ( 'NONE', #1239, #1632, #218 ) ;
#1435 = CARTESIAN_POINT ( 'NONE',  ( -0.07874015748031495954, 0.3937007874015748254, 0.2273032555864669124 ) ) ;
#1436 = ORIENTED_EDGE ( 'NONE', *, *, #804, .F. ) ;
#1437 = CARTESIAN_POINT ( 'NONE',  ( 0.07874015748031501505, 3.133938659235351720E-17, 0.2559055118110235005 ) ) ;
#1438 = ORIENTED_EDGE ( 'NONE', *, *, #739, .F. ) ;
#1439 = EDGE_CURVE ( 'NONE', #1055, #1203, #800, .T. ) ;
#1440 = ADVANCED_FACE ( 'NONE', ( #1544 ), #27, .T. ) ;
#1441 = DIRECTION ( 'NONE',  ( 0.000000000000000000, 0.000000000000000000, -1.000000000000000000 ) ) ;
#1442 = DIRECTION ( 'NONE',  ( 1.000000000000000000, 0.000000000000000000, 0.000000000000000000 ) ) ;
#1443 = DIRECTION ( 'NONE',  ( 0.000000000000000000, 0.000000000000000000, 1.000000000000000000 ) ) ;
#1444 = ORIENTED_EDGE ( 'NONE', *, *, #80, .T. ) ;
#1445 = EDGE_LOOP ( 'NONE', ( #73, #75, #172, #143 ) ) ;
#1446 = DIRECTION ( 'NONE',  ( 0.000000000000000000, 0.000000000000000000, -1.000000000000000000 ) ) ;
#1447 = EDGE_CURVE ( 'NONE', #1528, #509, #1231, .T. ) ;
#1448 = EDGE_LOOP ( 'NONE', ( #1504, #263, #405, #1039 ) ) ;
#1449 = CARTESIAN_POINT ( 'NONE',  ( 1.062992125984252079, 0.000000000000000000, 0.000000000000000000 ) ) ;
#1450 = EDGE_CURVE ( 'NONE', #672, #268, #1651, .T. ) ;
#1451 = FACE_OUTER_BOUND ( 'NONE', #1262, .T. ) ;
#1452 = ORIENTED_EDGE ( 'NONE', *, *, #341, .T. ) ;
#1453 = CARTESIAN_POINT ( 'NONE',  ( -0.07874015748031495954, -1.322954436817065102E-32, -0.4546065111729338248 ) ) ;
#1454 = VERTEX_POINT ( 'NONE', #8 ) ;
#1455 = FACE_OUTER_BOUND ( 'NONE', #474, .T. ) ;
#1456 = AXIS2_PLACEMENT_3D ( 'NONE', #326, #854, #67 ) ;
#1457 = DIRECTION ( 'NONE',  ( 0.000000000000000000, 0.000000000000000000, 1.000000000000000000 ) ) ;
#1458 = DIRECTION ( 'NONE',  ( 0.000000000000000000, 0.000000000000000000, -1.000000000000000000 ) ) ;
#1459 = AXIS2_PLACEMENT_3D ( 'NONE', #812, #1059, #1597 ) ;
#1460 = VECTOR ( 'NONE', #986, 39.37007874015748143 ) ;
#1461 = EDGE_CURVE ( 'NONE', #1634, #1183, #1036, .T. ) ;
#1462 = DIRECTION ( 'NONE',  ( 0.000000000000000000, 0.000000000000000000, -1.000000000000000000 ) ) ;
#1463 = VECTOR ( 'NONE', #1649, 39.37007874015748143 ) ;
#1464 = DIRECTION ( 'NONE',  ( 0.000000000000000000, 0.000000000000000000, 1.000000000000000000 ) ) ;
#1465 = ORIENTED_EDGE ( 'NONE', *, *, #1333, .F. ) ;
#1466 = DIRECTION ( 'NONE',  ( 1.000000000000000000, 0.000000000000000000, 0.000000000000000000 ) ) ;
#1467 = DIRECTION ( 'NONE',  ( 0.000000000000000000, 0.000000000000000000, -1.000000000000000000 ) ) ;
#1468 = CARTESIAN_POINT ( 'NONE',  ( 1.059055118110236338, 1.446433227339397771E-17, -0.1181102362204727863 ) ) ;
#1469 = DIRECTION ( 'NONE',  ( 1.000000000000000000, 0.000000000000000000, 0.000000000000000000 ) ) ;
#1470 = EDGE_CURVE ( 'NONE', #997, #650, #119, .T. ) ;
#1471 = DIRECTION ( 'NONE',  ( 1.000000000000000000, 0.000000000000000000, 0.000000000000000000 ) ) ;
#1472 = VERTEX_POINT ( 'NONE', #630 ) ;
#1473 = CARTESIAN_POINT ( 'NONE',  ( 0.07874015748031501505, 3.133938659235352336E-17, 0.2559055118110235560 ) ) ;
#1474 = DIRECTION ( 'NONE',  ( 1.000000000000000000, 0.000000000000000000, 0.000000000000000000 ) ) ;
#1475 =( LENGTH_UNIT ( ) NAMED_UNIT ( * ) SI_UNIT ( $, .METRE. ) );
#1476 = DIRECTION ( 'NONE',  ( 0.000000000000000000, 0.000000000000000000, -1.000000000000000000 ) ) ;
#1477 = DIMENSIONAL_EXPONENTS ( 1.000000000000000000, 0.000000000000000000, 0.000000000000000000, 0.000000000000000000, 0.000000000000000000, 0.000000000000000000, 0.000000000000000000 ) ;
#1478 = DIRECTION ( 'NONE',  ( -0.000000000000000000, 0.000000000000000000, 1.000000000000000000 ) ) ;
#1479 = ORIENTED_EDGE ( 'NONE', *, *, #592, .T. ) ;
#1480 = EDGE_CURVE ( 'NONE', #650, #126, #498, .T. ) ;
#1481 = DIRECTION ( 'NONE',  ( 0.000000000000000000, -1.224646799147353947E-16, 1.000000000000000000 ) ) ;
#1482 = CARTESIAN_POINT ( 'NONE',  ( 0.6299212598425196763, 0.000000000000000000, 0.000000000000000000 ) ) ;
#1483 = AXIS2_PLACEMENT_3D ( 'NONE', #895, #615, #1006 ) ;
#1484 = AXIS2_PLACEMENT_3D ( 'NONE', #1421, #139, #240 ) ;
#1485 = VECTOR ( 'NONE', #78, 39.37007874015748143 ) ;
#1486 = DIRECTION ( 'NONE',  ( 0.000000000000000000, 0.8660254037844384856, -0.5000000000000001110 ) ) ;
#1487 = ORIENTED_EDGE ( 'NONE', *, *, #1461, .T. ) ;
#1488 = ORIENTED_EDGE ( 'NONE', *, *, #1385, .T. ) ;
#1489 = CIRCLE ( 'NONE', #930, 0.3799212598425197318 ) ;
#1490 = CIRCLE ( 'NONE', #1402, 0.3684843009365666444 ) ;
#1491 = CIRCLE ( 'NONE', #17, 0.003937007874015724558 ) ;
#1492 = CARTESIAN_POINT ( 'NONE',  ( -1.023622047244094890, 4.098227477461618955E-17, -0.3346456692913388764 ) ) ;
#1493 = DIRECTION ( 'NONE',  ( -1.000000000000000000, 0.000000000000000000, 0.000000000000000000 ) ) ;
#1494 = DIRECTION ( 'NONE',  ( 0.000000000000000000, 0.000000000000000000, -1.000000000000000000 ) ) ;
#1495 = VERTEX_POINT ( 'NONE', #700 ) ;
#1496 = DIRECTION ( 'NONE',  ( -0.000000000000000000, 1.000000000000000000, 1.224646799147353207E-16 ) ) ;
#1497 = VERTEX_POINT ( 'NONE', #193 ) ;
#1498 = CARTESIAN_POINT ( 'NONE',  ( 0.2559055118110236671, 0.000000000000000000, 0.000000000000000000 ) ) ;
#1499 = DIRECTION ( 'NONE',  ( 1.000000000000000000, 0.000000000000000000, 0.000000000000000000 ) ) ;
#1500 = EDGE_CURVE ( 'NONE', #677, #515, #225, .T. ) ;
#1501 = FACE_OUTER_BOUND ( 'NONE', #296, .T. ) ;
#1502 = EDGE_CURVE ( 'NONE', #609, #903, #1581, .T. ) ;
#1503 = FACE_OUTER_BOUND ( 'NONE', #1414, .T. ) ;
#1504 = ORIENTED_EDGE ( 'NONE', *, *, #543, .F. ) ;
#1505 = DIRECTION ( 'NONE',  ( 0.000000000000000000, 0.000000000000000000, 1.000000000000000000 ) ) ;
#1506 = ORIENTED_EDGE ( 'NONE', *, *, #271, .F. ) ;
#1507 = PLANE ( 'NONE',  #438 ) ;
#1508 = CARTESIAN_POINT ( 'NONE',  ( 0.07874015748031501505, 0.000000000000000000, 0.000000000000000000 ) ) ;
#1509 = FACE_OUTER_BOUND ( 'NONE', #445, .T. ) ;
#1510 = TOROIDAL_SURFACE ( 'NONE', #199, 0.3684843009365666444, 0.003937007874015747977 ) ;
#1511 = ADVANCED_FACE ( 'NONE', ( #424 ), #1570, .T. ) ;
#1512 = CONICAL_SURFACE ( 'NONE', #795, 0.2421259842519684902, 0.08727771294946091996 ) ;
#1513 = CIRCLE ( 'NONE', #1327, 0.1181102362204728556 ) ;
#1514 = ORIENTED_EDGE ( 'NONE', *, *, #913, .F. ) ;
#1515 = VECTOR ( 'NONE', #301, 39.37007874015748143 ) ;
#1516 = AXIS2_PLACEMENT_3D ( 'NONE', #196, #1471, #322 ) ;
#1517 = CARTESIAN_POINT ( 'NONE',  ( -0.3937007874015747699, 4.652693547941716653E-17, 0.3799212598425197318 ) ) ;
#1518 = AXIS2_PLACEMENT_3D ( 'NONE', #2, #1560, #777 ) ;
#1519 = DIRECTION ( 'NONE',  ( 1.000000000000000000, 0.000000000000000000, 0.000000000000000000 ) ) ;
#1520 = CARTESIAN_POINT ( 'NONE',  ( 0.7086614173228346081, 0.000000000000000000, 0.000000000000000000 ) ) ;
#1521 = DIRECTION ( 'NONE',  ( 0.000000000000000000, -0.8660254037844385966, -0.5000000000000001110 ) ) ;
#1522 = EDGE_CURVE ( 'NONE', #171, #1454, #1489, .T. ) ;
#1523 = EDGE_CURVE ( 'NONE', #1375, #903, #1072, .T. ) ;
#1524 = ORIENTED_EDGE ( 'NONE', *, *, #543, .T. ) ;
#1525 =( NAMED_UNIT ( * ) PLANE_ANGLE_UNIT ( ) SI_UNIT ( $, .RADIAN. ) );
#1526 = CARTESIAN_POINT ( 'NONE',  ( 1.059055118110236338, 0.000000000000000000, 0.000000000000000000 ) ) ;
#1527 = DIRECTION ( 'NONE',  ( 0.000000000000000000, 0.000000000000000000, -1.000000000000000000 ) ) ;
#1528 = VERTEX_POINT ( 'NONE', #295 ) ;
#1529 = LINE ( 'NONE', #1582, #663 ) ;
#1530 = ORIENTED_EDGE ( 'NONE', *, *, #1628, .F. ) ;
#1531 = DIRECTION ( 'NONE',  ( 1.000000000000000000, 0.000000000000000000, 0.000000000000000000 ) ) ;
#1532 = EDGE_CURVE ( 'NONE', #1362, #1495, #335, .T. ) ;
#1533 = DIRECTION ( 'NONE',  ( 1.000000000000000000, 0.000000000000000000, 0.000000000000000000 ) ) ;
#1534 = CARTESIAN_POINT ( 'NONE',  ( -0.5905511811023615998, 4.495996614979948666E-17, 0.3543307086614173040 ) ) ;
#1535 = ORIENTED_EDGE ( 'NONE', *, *, #1012, .F. ) ;
#1536 = VERTEX_POINT ( 'NONE', #53 ) ;
#1537 = CARTESIAN_POINT ( 'NONE',  ( -0.5905511811023621549, 0.000000000000000000, 0.000000000000000000 ) ) ;
#1538 = VERTEX_POINT ( 'NONE', #567 ) ;
#1539 = CARTESIAN_POINT ( 'NONE',  ( -0.07874015748031530648, 4.050013036550305255E-17, -0.3307086614173230799 ) ) ;
#1540 = CONICAL_SURFACE ( 'NONE', #1004, 0.3799212598425197318, 0.1292750040481435436 ) ;
#1541 = CIRCLE ( 'NONE', #99, 0.3799212598425197318 ) ;
#1542 = FACE_OUTER_BOUND ( 'NONE', #529, .T. ) ;
#1543 = TOROIDAL_SURFACE ( 'NONE', #1627, 0.3346456692913388764, 0.003937007874015747977 ) ;
#1544 = FACE_OUTER_BOUND ( 'NONE', #1240, .T. ) ;
#1545 = ORIENTED_EDGE ( 'NONE', *, *, #1553, .T. ) ;
#1546 = ORIENTED_EDGE ( 'NONE', *, *, #1587, .F. ) ;
#1547 = CARTESIAN_POINT ( 'NONE',  ( 0.07874015748031495954, 0.3937007874015748254, 0.2273032555864669124 ) ) ;
#1548 = ORIENTED_EDGE ( 'NONE', *, *, #480, .F. ) ;
#1549 = CYLINDRICAL_SURFACE ( 'NONE', #961, 0.3307086614173231909 ) ;
#1550 = EDGE_LOOP ( 'NONE', ( #1419, #284, #197, #1626 ) ) ;
#1551 = CARTESIAN_POINT ( 'NONE',  ( -0.1574803149606299191, 0.000000000000000000, 0.000000000000000000 ) ) ;
#1552 = DIRECTION ( 'NONE',  ( 1.000000000000000000, 0.000000000000000000, 0.000000000000000000 ) ) ;
#1553 = EDGE_CURVE ( 'NONE', #594, #1634, #559, .T. ) ;
#1554 = ORIENTED_EDGE ( 'NONE', *, *, #1022, .T. ) ;
#1555 = CYLINDRICAL_SURFACE ( 'NONE', #1600, 0.3799212598425197318 ) ;
#1556 = VERTEX_POINT ( 'NONE', #451 ) ;
#1557 = DIRECTION ( 'NONE',  ( 0.000000000000000000, -1.000000000000000000, 0.000000000000000000 ) ) ;
#1558 = ORIENTED_EDGE ( 'NONE', *, *, #34, .F. ) ;
#1559 = DIRECTION ( 'NONE',  ( 0.000000000000000000, 0.000000000000000000, -1.000000000000000000 ) ) ;
#1560 = DIRECTION ( 'NONE',  ( 1.000000000000000000, 0.000000000000000000, 0.000000000000000000 ) ) ;
#1561 = CARTESIAN_POINT ( 'NONE',  ( -0.8267716535433067282, 4.495996614979948666E-17, 0.3543307086614173040 ) ) ;
#1562 = ORIENTED_EDGE ( 'NONE', *, *, #1045, .T. ) ;
#1563 = EDGE_CURVE ( 'NONE', #1203, #171, #1317, .T. ) ;
#1564 = PLANE ( 'NONE',  #1172 ) ;
#1565 = ORIENTED_EDGE ( 'NONE', *, *, #200, .F. ) ;
#1566 = AXIS2_PLACEMENT_3D ( 'NONE', #1, #367, #130 ) ;
#1567 = VECTOR ( 'NONE', #320, 39.37007874015748143 ) ;
#1568 = CONICAL_SURFACE ( 'NONE', #1272, 0.3799212598425197318, 0.1292750040481435436 ) ;
#1569 = CARTESIAN_POINT ( 'NONE',  ( 0.07874015748031495954, 0.3937007874015748254, -0.2273032555864669124 ) ) ;
#1570 = CONICAL_SURFACE ( 'NONE', #1377, 0.2421259842519685179, 0.08727771294946071179 ) ;
#1571 = CIRCLE ( 'NONE', #1143, 0.2559055118110235560 ) ;
#1572 = AXIS2_PLACEMENT_3D ( 'NONE', #797, #1304, #676 ) ;
#1573 = CARTESIAN_POINT ( 'NONE',  ( -1.023622047244094890, 0.000000000000000000, 0.000000000000000000 ) ) ;
#1574 = CARTESIAN_POINT ( 'NONE',  ( 0.07874015748031501505, 0.000000000000000000, 0.000000000000000000 ) ) ;
#1575 = ORIENTED_EDGE ( 'NONE', *, *, #1628, .T. ) ;
#1576 = EDGE_CURVE ( 'NONE', #846, #328, #870, .T. ) ;
#1577 = CARTESIAN_POINT ( 'NONE',  ( -0.1574803149606299191, 0.000000000000000000, 0.000000000000000000 ) ) ;
#1578 = ORIENTED_EDGE ( 'NONE', *, *, #984, .T. ) ;
#1579 = EDGE_CURVE ( 'NONE', #29, #1497, #708, .T. ) ;
#1580 = CARTESIAN_POINT ( 'NONE',  ( -0.07874015748031495954, 0.3937007874015748254, 0.2273032555864669124 ) ) ;
#1581 = LINE ( 'NONE', #954, #825 ) ;
#1582 = CARTESIAN_POINT ( 'NONE',  ( -0.1574803149606299191, 4.652693547941716653E-17, 0.3799212598425197318 ) ) ;
#1583 = ORIENTED_EDGE ( 'NONE', *, *, #1384, .F. ) ;
#1584 = CARTESIAN_POINT ( 'NONE',  ( 0.07874015748031501505, 0.000000000000000000, -0.2559055118110235560 ) ) ;
#1585 = ORIENTED_EDGE ( 'NONE', *, *, #432, .F. ) ;
#1586 = DIRECTION ( 'NONE',  ( 0.000000000000000000, 0.000000000000000000, -1.000000000000000000 ) ) ;
#1587 = EDGE_CURVE ( 'NONE', #846, #1065, #551, .T. ) ;
#1588 = VERTEX_POINT ( 'NONE', #288 ) ;
#1589 = CARTESIAN_POINT ( 'NONE',  ( 0.07874015748031495954, -0.3937007874015748254, 0.2273032555864669124 ) ) ;
#1590 = DIRECTION ( 'NONE',  ( 1.000000000000000000, 0.000000000000000000, 0.000000000000000000 ) ) ;
#1591 = ORIENTED_EDGE ( 'NONE', *, *, #896, .T. ) ;
#1592 = CARTESIAN_POINT ( 'NONE',  ( 0.07874015748031495954, -1.322954436817065102E-32, -0.4546065111729338248 ) ) ;
#1593 = CIRCLE ( 'NONE', #570, 0.3799212598425197318 ) ;
#1594 = VECTOR ( 'NONE', #978, 39.37007874015748143 ) ;
#1595 = DIRECTION ( 'NONE',  ( 1.000000000000000000, 0.000000000000000000, 0.000000000000000000 ) ) ;
#1596 = EDGE_CURVE ( 'NONE', #548, #36, #96, .T. ) ;
#1597 = DIRECTION ( 'NONE',  ( 0.000000000000000000, 0.000000000000000000, -1.000000000000000000 ) ) ;
#1598 = VECTOR ( 'NONE', #832, 39.37007874015748143 ) ;
#1599 = AXIS2_PLACEMENT_3D ( 'NONE', #917, #1295, #6 ) ;
#1600 = AXIS2_PLACEMENT_3D ( 'NONE', #1155, #289, #28 ) ;
#1601 = DIRECTION ( 'NONE',  ( 0.000000000000000000, 0.000000000000000000, 1.000000000000000000 ) ) ;
#1602 = EDGE_LOOP ( 'NONE', ( #270, #1444, #1137, #234 ) ) ;
#1603 = ORIENTED_EDGE ( 'NONE', *, *, #238, .T. ) ;
#1604 = DIRECTION ( 'NONE',  ( -0.9961937174961129626, 1.067487266529521205E-17, -0.08716695028090935826 ) ) ;
#1605 = CARTESIAN_POINT ( 'NONE',  ( -1.023622047244094890, 0.000000000000000000, 0.3346456692913388764 ) ) ;
#1606 = CARTESIAN_POINT ( 'NONE',  ( 0.8661417322834645827, 0.000000000000000000, 0.000000000000000000 ) ) ;
#1607 = DIRECTION ( 'NONE',  ( 0.000000000000000000, 0.000000000000000000, -1.000000000000000000 ) ) ;
#1608 = ORIENTED_EDGE ( 'NONE', *, *, #490, .T. ) ;
#1609 = ORIENTED_EDGE ( 'NONE', *, *, #967, .T. ) ;
#1610 = EDGE_CURVE ( 'NONE', #1082, #1375, #939, .T. ) ;
#1611 = EDGE_CURVE ( 'NONE', #1623, #1070, #1326, .T. ) ;
#1612 = CARTESIAN_POINT ( 'NONE',  ( 0.8661417322834645827, 0.2559055118110235560, 0.000000000000000000 ) ) ;
#1613 = ORIENTED_EDGE ( 'NONE', *, *, #1385, .F. ) ;
#1614 = DIRECTION ( 'NONE',  ( -0.000000000000000000, 1.000000000000000000, 1.224646799147353207E-16 ) ) ;
#1615 = CARTESIAN_POINT ( 'NONE',  ( -1.020076786295358584, 0.000000000000000000, -0.3724017701893618804 ) ) ;
#1616 = ORIENTED_EDGE ( 'NONE', *, *, #1085, .T. ) ;
#1617 = LINE ( 'NONE', #829, #1460 ) ;
#1618 = CYLINDRICAL_SURFACE ( 'NONE', #822, 0.3799212598425197318 ) ;
#1619 = CYLINDRICAL_SURFACE ( 'NONE', #488, 0.3799212598425197318 ) ;
#1620 = AXIS2_PLACEMENT_3D ( 'NONE', #1146, #1552, #1394 ) ;
#1621 = CIRCLE ( 'NONE', #899, 0.003937007874015724558 ) ;
#1622 = DIRECTION ( 'NONE',  ( 1.000000000000000000, 0.000000000000000000, 0.000000000000000000 ) ) ;
#1623 = VERTEX_POINT ( 'NONE', #1468 ) ;
#1624 = AXIS2_PLACEMENT_3D ( 'NONE', #387, #794, #123 ) ;
#1625 = VECTOR ( 'NONE', #1165, 39.37007874015748143 ) ;
#1626 = ORIENTED_EDGE ( 'NONE', *, *, #212, .F. ) ;
#1627 = AXIS2_PLACEMENT_3D ( 'NONE', #932, #533, #277 ) ;
#1628 = EDGE_CURVE ( 'NONE', #1659, #1047, #714, .T. ) ;
#1629 = LINE ( 'NONE', #1127, #309 ) ;
#1630 = ADVANCED_FACE ( 'NONE', ( #538 ), #147, .T. ) ;
#1631 = DIRECTION ( 'NONE',  ( 0.000000000000000000, 0.000000000000000000, -1.000000000000000000 ) ) ;
#1632 = DIRECTION ( 'NONE',  ( 1.000000000000000000, 0.000000000000000000, 0.000000000000000000 ) ) ;
#1633 = ORIENTED_EDGE ( 'NONE', *, *, #1119, .T. ) ;
#1634 = VERTEX_POINT ( 'NONE', #681 ) ;
#1635 =( NAMED_UNIT ( * ) SI_UNIT ( $, .STERADIAN. ) SOLID_ANGLE_UNIT ( ) );
#1636 = CARTESIAN_POINT ( 'NONE',  ( 1.062992125984252079, 3.061616997868383018E-17, -0.2500000000000000000 ) ) ;
#1637 = EDGE_CURVE ( 'NONE', #582, #992, #1196, .T. ) ;
#1638 = DIRECTION ( 'NONE',  ( 0.000000000000000000, 0.000000000000000000, -1.000000000000000000 ) ) ;
#1639 = DIRECTION ( 'NONE',  ( 0.000000000000000000, 0.000000000000000000, -1.000000000000000000 ) ) ;
#1640 = ORIENTED_EDGE ( 'NONE', *, *, #1660, .T. ) ;
#1641 = FILL_AREA_STYLE ('',( #1014 ) ) ;
#1642 = DIRECTION ( 'NONE',  ( 1.000000000000000000, 0.000000000000000000, 0.000000000000000000 ) ) ;
#1643 = PRODUCT_DEFINITION ( 'UNKNOWN', '', #1142, #830 ) ;
#1644 = ADVANCED_FACE ( 'NONE', ( #1501 ), #1619, .T. ) ;
#1645 = DIRECTION ( 'NONE',  ( -1.000000000000000000, -0.000000000000000000, -0.000000000000000000 ) ) ;
#1646 = CIRCLE ( 'NONE', #465, 0.3799212598425197318 ) ;
#1647 = VECTOR ( 'NONE', #1656, 39.37007874015748143 ) ;
#1648 = CONICAL_SURFACE ( 'NONE', #40, 0.2421259842519684902, 0.08727771294946091996 ) ;
#1649 = DIRECTION ( 'NONE',  ( 1.000000000000000000, 0.000000000000000000, 0.000000000000000000 ) ) ;
#1650 = EDGE_LOOP ( 'NONE', ( #1217, #189, #344, #798 ) ) ;
#1651 = CIRCLE ( 'NONE', #516, 0.2559055118110235560 ) ;
#1652 = AXIS2_PLACEMENT_3D ( 'NONE', #408, #1029, #775 ) ;
#1653 = VECTOR ( 'NONE', #649, 39.37007874015748143 ) ;
#1654 = AXIS2_PLACEMENT_3D ( 'NONE', #1115, #608, #1638 ) ;
#1655 = CARTESIAN_POINT ( 'NONE',  ( 0.6299212598425196763, 0.000000000000000000, 0.000000000000000000 ) ) ;
#1656 = DIRECTION ( 'NONE',  ( 1.000000000000000000, 0.000000000000000000, 0.000000000000000000 ) ) ;
#1657 = EDGE_LOOP ( 'NONE', ( #1076, #1177 ) ) ;
#1658 = DIRECTION ( 'NONE',  ( 0.000000000000000000, 0.000000000000000000, -1.000000000000000000 ) ) ;
#1659 = VERTEX_POINT ( 'NONE', #1391 ) ;
#1660 = EDGE_CURVE ( 'NONE', #1154, #241, #459, .T. ) ;
#1661 = DIRECTION ( 'NONE',  ( 1.000000000000000000, 0.000000000000000000, 0.000000000000000000 ) ) ;
ENDSEC;
END-ISO-10303-21;
