ISO-10303-21;
HEADER;
FILE_DESCRIPTION (( 'STEP AP214' ),
    '1' );
FILE_NAME ('waste valve.STEP',
    '2025-11-07T08:19:31',
    ( '' ),
    ( '' ),
    'SwSTEP 2.0',
    'SolidWorks 2025',
    '' );
FILE_SCHEMA (( 'AUTOMOTIVE_DESIGN' ));
ENDSEC;

DATA;
#1 = ORIENTED_EDGE ( 'NONE', *, *, #2260, .T. ) ;
#2 = CARTESIAN_POINT ( 'NONE',  ( 25.67065075374085126, 11.60251313152919472, -17.76190397092890194 ) ) ;
#3 = CARTESIAN_POINT ( 'NONE',  ( 0.7611672012848129665, 15.07564017775224308, 19.69138196386353457 ) ) ;
#4 = FACE_OUTER_BOUND ( 'NONE', #1792, .T. ) ;
#5 = DIRECTION ( 'NONE',  ( 0.000000000000000000, 1.000000000000000000, 0.000000000000000000 ) ) ;
#6 = CARTESIAN_POINT ( 'NONE',  ( -0.04936135483072154329, 41.35198246893876473, -14.96755594589883742 ) ) ;
#7 = CARTESIAN_POINT ( 'NONE',  ( -25.90014662483071817, -5.757695703200715442, 15.99697154077339079 ) ) ;
#8 = CARTESIAN_POINT ( 'NONE',  ( -25.76804812612499163, -0.8756739462162410614, -17.76190397092890549 ) ) ;
#9 = VERTEX_POINT ( 'NONE', #1528 ) ;
#10 = EDGE_CURVE ( 'NONE', #3676, #2337, #1004, .T. ) ;
#11 = DIRECTION ( 'NONE',  ( -1.000000000000000000, 0.000000000000000000, 0.000000000000000000 ) ) ;
#12 = DIRECTION ( 'NONE',  ( -0.9238795325112867385, 0.000000000000000000, -0.3826834323650898928 ) ) ;
#13 = CARTESIAN_POINT ( 'NONE',  ( -25.77536390277329659, -6.794547166979787889, -14.38458602746367276 ) ) ;
#14 = ORIENTED_EDGE ( 'NONE', *, *, #1418, .F. ) ;
#15 = EDGE_CURVE ( 'NONE', #4067, #3625, #4429, .T. ) ;
#16 = EDGE_LOOP ( 'NONE', ( #2462, #2298, #1567, #3137, #1907, #4072 ) ) ;
#17 = LINE ( 'NONE', #1732, #2878 ) ;
#18 = CARTESIAN_POINT ( 'NONE',  ( -10.60612317767414403, 30.73412706495710012, -16.65890667365199818 ) ) ;
#19 = CYLINDRICAL_SURFACE ( 'NONE', #1400, 1.304999999999999938 ) ;
#20 = EDGE_LOOP ( 'NONE', ( #3909, #442, #4061, #14, #1587, #61 ) ) ;
#21 = DIRECTION ( 'NONE',  ( -0.000000000000000000, 1.000000000000000000, 0.000000000000000000 ) ) ;
#22 = CARTESIAN_POINT ( 'NONE',  ( 5.495004655480848932, 16.89481364842575317, -19.10843075566667437 ) ) ;
#23 = CARTESIAN_POINT ( 'NONE',  ( 25.39805791125968426, 22.75429209216009241, -5.299445052877986839 ) ) ;
#24 = DIRECTION ( 'NONE',  ( 1.000000000000000000, 0.000000000000000000, 0.000000000000000000 ) ) ;
#25 = DIRECTION ( 'NONE',  ( -1.000000000000000000, 0.000000000000000000, 0.000000000000000000 ) ) ;
#26 = DIRECTION ( 'NONE',  ( 0.000000000000000000, 0.5000000000000003331, 0.8660254037844383745 ) ) ;
#27 = CARTESIAN_POINT ( 'NONE',  ( 6.152810792297486842, 15.13170777418016932, -19.42262100203544506 ) ) ;
#28 = CARTESIAN_POINT ( 'NONE',  ( 25.80142391516927702, 5.357218168938769232, -0.09174695092890516879 ) ) ;
#29 = AXIS2_PLACEMENT_3D ( 'NONE', #2881, #4596, #4218 ) ;
#30 = VERTEX_POINT ( 'NONE', #2675 ) ;
#31 = AXIS2_PLACEMENT_3D ( 'NONE', #864, #1531, #2242 ) ;
#32 = DIRECTION ( 'NONE',  ( 1.000000000000000000, 0.000000000000000000, 0.000000000000000000 ) ) ;
#33 = DIRECTION ( 'NONE',  ( 0.000000000000000000, -1.000000000000000000, 8.546500828371390138E-16 ) ) ;
#34 = CARTESIAN_POINT ( 'NONE',  ( -25.90014662483071817, 25.76095799317868540, -0.09174695092891969883 ) ) ;
#35 = ORIENTED_EDGE ( 'NONE', *, *, #1999, .F. ) ;
#36 = AXIS2_PLACEMENT_3D ( 'NONE', #1131, #2551, #1388 ) ;
#37 = EDGE_LOOP ( 'NONE', ( #4415, #3617, #1166 ) ) ;
#38 = B_SPLINE_CURVE_WITH_KNOTS ( 'NONE', 3,
 ( #4442, #1617, #1244, #4100, #3042, #4472, #1271, #565, #1992, #217, #1646, #3069, #2480, #4193, #2093, #3176, #1354, #437, #1485, #661, #2112, #3513, #1864, #3290, #2190, #1057, #309, #3136, #2802, #3904, #4564, #2911, #3858, #1337, #62, #4338, #3640, #682, #4608, #3984, #2436, #1401, #1730, #406, #702, #3612, #3883, #2558, #3531, #2829, #1836, #2461, #1712, #635, #2762, #993, #1375, #2781, #1136, #4261, #2414, #4211, #3155, #3265, #787, #1012 ),
 .UNSPECIFIED., .F., .F.,
 ( 4, 1, 1, 1, 1, 1, 1, 1, 2, 2, 1, 1, 1, 1, 2, 2, 1, 1, 1, 1, 1, 1, 1, 2, 2, 2, 1, 1, 1, 1, 1, 1, 1, 2, 2, 1, 1, 1, 1, 2, 2, 1, 1, 1, 1, 1, 1, 1, 2, 2, 4 ),
 ( 0.000000000000000000, 0.06250000000000031919, 0.09375000000000051348, 0.1093750000000006939, 0.1171875000000009853, 0.1210937500000012351, 0.1230468750000014849, 0.1240234375000017764, 0.1245117187500019429, 0.1250000000000021094, 0.1874999999999795164, 0.2187499999999681644, 0.2343749999999625855, 0.2421874999999597822, 0.2460937499999583111, 0.2499999999999568678, 0.3124999999999338862, 0.3437499999999225064, 0.3593749999999166778, 0.3671874999999140687, 0.3710937499999127920, 0.3730468749999125144, 0.3740234374999124034, 0.3745117187499123479, 0.3749999999999122924, 0.4999999999999216738, 0.5624999999999260591, 0.5937499999999281686, 0.6093749999999292788, 0.6171874999999297229, 0.6210937499999301670, 0.6230468749999302780, 0.6240234374999303890, 0.6245117187499305000, 0.6249999999999306111, 0.6874999999999339417, 0.7187499999999357181, 0.7343749999999368283, 0.7421874999999374944, 0.7460937499999378275, 0.7499999999999381606, 0.8124999999999459321, 0.8437499999999500400, 0.8593749999999519273, 0.8671874999999530376, 0.8710937499999537037, 0.8730468749999538147, 0.8740234374999534817, 0.8745117187499534817, 0.8749999999999534817, 1.000000000000000000 ),
 .UNSPECIFIED. ) ;
#39 = FACE_BOUND ( 'NONE', #959, .T. ) ;
#40 = CARTESIAN_POINT ( 'NONE',  ( 25.00054300605774671, 5.978193805082605117, 17.57841006907108294 ) ) ;
#41 = VECTOR ( 'NONE', #4167, 1000.000000000000114 ) ;
#42 = DIRECTION ( 'NONE',  ( 0.000000000000000000, 0.000000000000000000, -1.000000000000000000 ) ) ;
#43 = EDGE_CURVE ( 'NONE', #4141, #851, #1374, .T. ) ;
#44 = EDGE_CURVE ( 'NONE', #839, #1558, #578, .T. ) ;
#45 = AXIS2_PLACEMENT_3D ( 'NONE', #1548, #4374, #3000 ) ;
#46 = CARTESIAN_POINT ( 'NONE',  ( 14.53800687199818320, 21.71362973967911003, 13.45666727531279960 ) ) ;
#47 = VERTEX_POINT ( 'NONE', #1323 ) ;
#48 = CARTESIAN_POINT ( 'NONE',  ( 25.67121292628510076, 11.60779677268991961, -17.76190397092889839 ) ) ;
#49 = CARTESIAN_POINT ( 'NONE',  ( 10.09592684590845479, 18.82572575311221641, -17.22217741656966794 ) ) ;
#50 = CARTESIAN_POINT ( 'NONE',  ( 19.91137157516928013, 35.46193012893877494, -0.09174695092890516879 ) ) ;
#51 = VECTOR ( 'NONE', #3133, 1000.000000000000114 ) ;
#52 = SHAPE_DEFINITION_REPRESENTATION ( #291, #4396 ) ;
#53 = AXIS2_PLACEMENT_3D ( 'NONE', #4182, #2749, #336 ) ;
#54 = DIRECTION ( 'NONE',  ( -1.000000000000000000, 0.000000000000000000, 0.000000000000000000 ) ) ;
#55 = EDGE_CURVE ( 'NONE', #1745, #448, #3079, .T. ) ;
#56 = DIRECTION ( 'NONE',  ( -0.000000000000000000, 1.000000000000000000, 0.000000000000000000 ) ) ;
#57 = CARTESIAN_POINT ( 'NONE',  ( 0.000000000000000000, 0.000000000000000000, 0.000000000000000000 ) ) ;
#58 = LINE ( 'NONE', #2187, #2302 ) ;
#59 = CARTESIAN_POINT ( 'NONE',  ( -20.01009428483071773, 38.04700865593877523, -0.09174695092890761128 ) ) ;
#60 = CIRCLE ( 'NONE', #2087, 19.55474809580329776 ) ;
#61 = ORIENTED_EDGE ( 'NONE', *, *, #1469, .T. ) ;
#62 = CARTESIAN_POINT ( 'NONE',  ( 25.01545782094382275, 20.25871189987831045, 9.438422838414712857 ) ) ;
#63 = AXIS2_PLACEMENT_3D ( 'NONE', #4488, #3504, #1349 ) ;
#64 = DIRECTION ( 'NONE',  ( 0.000000000000000000, -0.000000000000000000, 1.000000000000000000 ) ) ;
#65 = PLANE ( 'NONE',  #280 ) ;
#66 = CYLINDRICAL_SURFACE ( 'NONE', #1710, 19.63350779999999673 ) ;
#67 = ORIENTED_EDGE ( 'NONE', *, *, #4364, .F. ) ;
#68 = ORIENTED_EDGE ( 'NONE', *, *, #2880, .F. ) ;
#69 = CARTESIAN_POINT ( 'NONE',  ( -9.789607401394315289, 19.93442042438492834, -17.13882926557063513 ) ) ;
#70 = CARTESIAN_POINT ( 'NONE',  ( 25.12134633151182683, 3.266610714117071268, -17.76190397092889839 ) ) ;
#71 = CARTESIAN_POINT ( 'NONE',  ( -14.77449220483071635, 5.357218168938772784, -0.09174695092890516879 ) ) ;
#72 = CARTESIAN_POINT ( 'NONE',  ( -19.68286915483071553, 25.55339647824940386, 1.408599328900715708 ) ) ;
#73 = EDGE_LOOP ( 'NONE', ( #4044, #999, #3734 ) ) ;
#74 = VERTEX_POINT ( 'NONE', #1228 ) ;
#75 = CARTESIAN_POINT ( 'NONE',  ( 25.80142391516927702, 15.55908808105873220, 17.57841006907109360 ) ) ;
#76 = EDGE_CURVE ( 'NONE', #122, #3312, #3825, .T. ) ;
#77 = PLANE ( 'NONE',  #45 ) ;
#78 = CARTESIAN_POINT ( 'NONE',  ( 25.67121292628509366, 23.78531233899430575, -3.513665601728931609 ) ) ;
#79 = CARTESIAN_POINT ( 'NONE',  ( 703.7112945664354129, 884.9956700283611326, 1311.044517672434949 ) ) ;
#80 = CARTESIAN_POINT ( 'NONE',  ( 25.62113246653633780, -0.4574906557836490029, 17.57841006907109005 ) ) ;
#81 = ADVANCED_FACE ( 'NONE', ( #4505 ), #2649, .T. ) ;
#82 = DIRECTION ( 'NONE',  ( 1.000000000000000000, 0.000000000000000000, 0.000000000000000000 ) ) ;
#83 = CARTESIAN_POINT ( 'NONE',  ( 19.88257077305364007, 21.47782558869117864, 8.817054081567558654 ) ) ;
#84 = CARTESIAN_POINT ( 'NONE',  ( -14.67259828363538610, 22.30458997559447454, -13.19107126182623091 ) ) ;
#85 = ADVANCED_FACE ( 'NONE', ( #1066 ), #2871, .T. ) ;
#86 = EDGE_LOOP ( 'NONE', ( #4039, #1731 ) ) ;
#87 = ORIENTED_EDGE ( 'NONE', *, *, #898, .T. ) ;
#88 = CARTESIAN_POINT ( 'NONE',  ( -0.04936135483071932284, 5.357218168938771896, 27.04836835905521397 ) ) ;
#89 = CARTESIAN_POINT ( 'NONE',  ( 1.809277295169274602, 5.357218168938772784, 12.17919542407109645 ) ) ;
#90 = CARTESIAN_POINT ( 'NONE',  ( -0.7081450921521601494, 13.48531561448206340, 2.395024432964805605 ) ) ;
#91 = CARTESIAN_POINT ( 'NONE',  ( -25.52930541632338901, -7.738831418734578804, -12.74903772663722279 ) ) ;
#92 = VERTEX_POINT ( 'NONE', #862 ) ;
#93 = ORIENTED_EDGE ( 'NONE', *, *, #3521, .T. ) ;
#94 = CARTESIAN_POINT ( 'NONE',  ( -8.244604521530355612, 20.28245810512921921, -17.93313350625648539 ) ) ;
#95 = CARTESIAN_POINT ( 'NONE',  ( 25.70735880413549523, -1.251007914108093200, -17.76190397092888773 ) ) ;
#96 = CARTESIAN_POINT ( 'NONE',  ( -34.40800000483071130, 15.55908808105873220, -17.76190397092890194 ) ) ;
#97 = CARTESIAN_POINT ( 'NONE',  ( -19.68286915483071553, 26.19954656072355448, -1.626722694048037932 ) ) ;
#98 = ORIENTED_EDGE ( 'NONE', *, *, #3598, .F. ) ;
#99 = CARTESIAN_POINT ( 'NONE',  ( 25.41854083425837985, -7.780590663389755690, 12.49321469135095874 ) ) ;
#100 = FACE_BOUND ( 'NONE', #3070, .T. ) ;
#101 = CARTESIAN_POINT ( 'NONE',  ( 25.12033637505330574, 19.61954465448164697, -10.72898688383339127 ) ) ;
#102 = CONTEXT_DEPENDENT_SHAPE_REPRESENTATION ( #1635, #2456 ) ;
#103 = EDGE_CURVE ( 'NONE', #4158, #3312, #209, .T. ) ;
#104 = CARTESIAN_POINT ( 'NONE',  ( 25.67065075374085126, -0.8880767936516295036, 17.57841006907109005 ) ) ;
#105 = CARTESIAN_POINT ( 'NONE',  ( 34.30927729516927371, -15.04652165530114338, -0.09174695092890225445 ) ) ;
#106 = CARTESIAN_POINT ( 'NONE',  ( -22.01226838533919405, 22.61240139924662174, 1.433204803193879995 ) ) ;
#107 = CARTESIAN_POINT ( 'NONE',  ( -13.43581068014919921, 21.00109390890132133, -14.47963974852399183 ) ) ;
#108 = ORIENTED_EDGE ( 'NONE', *, *, #2092, .T. ) ;
#109 = ORIENTED_EDGE ( 'NONE', *, *, #3564, .T. ) ;
#110 = ORIENTED_EDGE ( 'NONE', *, *, #2603, .T. ) ;
#111 = CARTESIAN_POINT ( 'NONE',  ( -0.04936135483071932284, -21.78289714104536046, -27.23186226091304007 ) ) ;
#112 = CARTESIAN_POINT ( 'NONE',  ( -25.90014662483071817, -14.13347769528161280, 1.489691577368842390 ) ) ;
#113 = CARTESIAN_POINT ( 'NONE',  ( -25.21657783471854586, -10.97412297174988183, -7.145348379516298642 ) ) ;
#114 = EDGE_LOOP ( 'NONE', ( #1013, #813 ) ) ;
#115 = CARTESIAN_POINT ( 'NONE',  ( -25.90014662483071817, 5.357218168938767455, -0.09174695092890516879 ) ) ;
#116 = CARTESIAN_POINT ( 'NONE',  ( -8.470298933323080703, 20.20023940364045956, -17.82794566879800513 ) ) ;
#117 = ADVANCED_FACE ( 'NONE', ( #2685 ), #3397, .F. ) ;
#118 = CARTESIAN_POINT ( 'NONE',  ( 25.41042989032025190, 1.083359140371070284, -17.76190397092889128 ) ) ;
#119 = CARTESIAN_POINT ( 'NONE',  ( -1.190722704830725398, 11.57487408356659664, 5.704006229400087058 ) ) ;
#120 = CIRCLE ( 'NONE', #4298, 1.304999999999999938 ) ;
#121 = CARTESIAN_POINT ( 'NONE',  ( -8.745774109958544429, 18.44631214447655054, 17.68185394277146827 ) ) ;
#122 = VERTEX_POINT ( 'NONE', #4117 ) ;
#123 = CIRCLE ( 'NONE', #1320, 14.56151828499999823 ) ;
#124 = CARTESIAN_POINT ( 'NONE',  ( 25.17206816840396755, -8.677635871569671977, 10.93948681409713686 ) ) ;
#125 = CARTESIAN_POINT ( 'NONE',  ( -34.40800000483071130, 5.357218168938767455, -0.09174695092890516879 ) ) ;
#126 = CARTESIAN_POINT ( 'NONE',  ( 0.6094223824907665232, 5.357218168938772784, -0.09174695092890516879 ) ) ;
#127 = AXIS2_PLACEMENT_3D ( 'NONE', #1333, #921, #991 ) ;
#128 = CARTESIAN_POINT ( 'NONE',  ( 13.73719174539145271, 41.35198246893876473, -2.721443304923676809 ) ) ;
#129 = CIRCLE ( 'NONE', #3039, 8.500000000000000000 ) ;
#130 = CARTESIAN_POINT ( 'NONE',  ( -25.77202597681124274, 23.79518586336863351, -3.496564155862819323 ) ) ;
#131 = CARTESIAN_POINT ( 'NONE',  ( -34.40800000483071130, -4.844651743181184855, -17.76190397092890194 ) ) ;
#132 = DIRECTION ( 'NONE',  ( 0.9238795325112867385, 0.000000000000000000, -0.3826834323650898928 ) ) ;
#133 = ORIENTED_EDGE ( 'NONE', *, *, #4589, .F. ) ;
#134 = CIRCLE ( 'NONE', #585, 2.617801039999999357 ) ;
#135 = ORIENTED_EDGE ( 'NONE', *, *, #1598, .F. ) ;
#136 = ORIENTED_EDGE ( 'NONE', *, *, #10, .T. ) ;
#137 = CARTESIAN_POINT ( 'NONE',  ( -22.20798793257640469, -11.81034792289671032, 17.07581914090657804 ) ) ;
#138 = PLANE ( 'NONE',  #3786 ) ;
#139 = EDGE_CURVE ( 'NONE', #3756, #1062, #965, .T. ) ;
#140 = LINE ( 'NONE', #2218, #2516 ) ;
#141 = VECTOR ( 'NONE', #1802, 1000.000000000000000 ) ;
#142 = CARTESIAN_POINT ( 'NONE',  ( -25.09925401646250265, -10.10069406534293535, -8.658171622212451624 ) ) ;
#143 = AXIS2_PLACEMENT_3D ( 'NONE', #2477, #3921, #1033 ) ;
#144 = ORIENTED_EDGE ( 'NONE', *, *, #1159, .T. ) ;
#145 = CARTESIAN_POINT ( 'NONE',  ( -9.811421268839881193, 19.93278768237353660, -17.12634309169661506 ) ) ;
#146 = CARTESIAN_POINT ( 'NONE',  ( 25.50877318225356305, 0.3924508727581190182, -17.76190397092889128 ) ) ;
#147 = DIRECTION ( 'NONE',  ( 0.000000000000000000, -1.000000000000000000, 5.697667218914260421E-16 ) ) ;
#148 = AXIS2_PLACEMENT_3D ( 'NONE', #362, #2906, #1858 ) ;
#149 = EDGE_CURVE ( 'NONE', #3202, #1359, #1451, .T. ) ;
#150 = CARTESIAN_POINT ( 'NONE',  ( 19.65916847082942098, 25.61342434332676987, 2.956993121637782274 ) ) ;
#151 = CARTESIAN_POINT ( 'NONE',  ( 25.00053130680235824, -10.10069406537062697, 8.474677720306685202 ) ) ;
#152 = PLANE ( 'NONE',  #1762 ) ;
#153 = CARTESIAN_POINT ( 'NONE',  ( -25.90014662483071817, 13.73300016101966747, 17.57841006907109360 ) ) ;
#154 = CARTESIAN_POINT ( 'NONE',  ( 0.000000000000000000, 0.000000000000000000, 0.000000000000000000 ) ) ;
#155 = DIRECTION ( 'NONE',  ( -0.000000000000000000, 1.000000000000000000, 0.000000000000000000 ) ) ;
#156 = CARTESIAN_POINT ( 'NONE',  ( -7.884809382575366676, 16.75015219291216795, -18.51653627244783351 ) ) ;
#157 = ORIENTED_EDGE ( 'NONE', *, *, #1426, .F. ) ;
#158 = ORIENTED_EDGE ( 'NONE', *, *, #2338, .T. ) ;
#159 = DIRECTION ( 'NONE',  ( 0.000000000000000000, 0.000000000000000000, 1.000000000000000000 ) ) ;
#160 = CARTESIAN_POINT ( 'NONE',  ( -19.72991823001635581, 23.81152458838592523, -4.437198172638582960 ) ) ;
#161 = CARTESIAN_POINT ( 'NONE',  ( -25.74697549666475282, -12.96245831669360271, 3.517956637730962566 ) ) ;
#162 = CARTESIAN_POINT ( 'NONE',  ( -25.71985517619410189, -12.85294111159030983, -3.891139903130630184 ) ) ;
#163 = EDGE_CURVE ( 'NONE', #3748, #3526, #1214, .T. ) ;
#164 = EDGE_LOOP ( 'NONE', ( #1909, #2061, #708, #2777 ) ) ;
#165 = CARTESIAN_POINT ( 'NONE',  ( -25.47087228560704020, 22.66457473847325588, 5.271346165926366290 ) ) ;
#166 = CARTESIAN_POINT ( 'NONE',  ( -11.95593657181605174, 30.42650500166273986, -15.70507222036113326 ) ) ;
#167 = CARTESIAN_POINT ( 'NONE',  ( -22.20798793257640469, -11.81034792289671032, -17.25931304276438638 ) ) ;
#168 = CARTESIAN_POINT ( 'NONE',  ( -19.68286915483071553, 26.19954656072355448, -0.09174695092890644554 ) ) ;
#169 = VERTEX_POINT ( 'NONE', #4512 ) ;
#170 = CARTESIAN_POINT ( 'NONE',  ( 25.80142391516927702, 5.357218168938769232, -0.09174695092890516879 ) ) ;
#171 = DIRECTION ( 'NONE',  ( -0.9238795325112867385, 0.000000000000000000, 0.3826834323650898928 ) ) ;
#172 = CARTESIAN_POINT ( 'NONE',  ( -25.21442467116742492, 7.393422173830147770, 17.57841006907110071 ) ) ;
#173 = CARTESIAN_POINT ( 'NONE',  ( 25.66662033654221986, -0.8505708457352393337, 17.57841006907109005 ) ) ;
#174 = CARTESIAN_POINT ( 'NONE',  ( -25.49219759059793589, 18.58157770767389039, -12.52679837228157389 ) ) ;
#175 = CARTESIAN_POINT ( 'NONE',  ( 14.97954938188927088, 20.70362490889732854, -13.46693964165682011 ) ) ;
#176 = CARTESIAN_POINT ( 'NONE',  ( 25.11785512505711537, -8.917050426732409107, -10.70830254234157053 ) ) ;
#177 = ORIENTED_EDGE ( 'NONE', *, *, #2641, .F. ) ;
#178 = CARTESIAN_POINT ( 'NONE',  ( -0.04936135483071932284, 5.357218168938771896, 27.04836835905521397 ) ) ;
#179 = CARTESIAN_POINT ( 'NONE',  ( 19.24751789493399201, 21.86791833329838042, 8.610121602440559130 ) ) ;
#180 = DIRECTION ( 'NONE',  ( 0.000000000000000000, 0.8660254037844387076, 0.4999999999999999445 ) ) ;
#181 = CARTESIAN_POINT ( 'NONE',  ( 23.18362287516927722, 5.357218168938772784, -0.09174695092890516879 ) ) ;
#182 = CARTESIAN_POINT ( 'NONE',  ( 10.46942406114836821, 41.35198246893876473, 10.42703846505018284 ) ) ;
#183 = ORIENTED_EDGE ( 'NONE', *, *, #3915, .F. ) ;
#184 = VERTEX_POINT ( 'NONE', #1305 ) ;
#185 = FACE_OUTER_BOUND ( 'NONE', #2800, .T. ) ;
#186 = CARTESIAN_POINT ( 'NONE',  ( -25.77086586219023090, 17.53034926439103458, 14.16408554455119706 ) ) ;
#187 = FACE_OUTER_BOUND ( 'NONE', #1038, .T. ) ;
#188 = ORIENTED_EDGE ( 'NONE', *, *, #4200, .F. ) ;
#189 = CARTESIAN_POINT ( 'NONE',  ( -0.04936135483071932284, 5.357218168938771896, 27.04836835905521397 ) ) ;
#190 = AXIS2_PLACEMENT_3D ( 'NONE', #4224, #4186, #229 ) ;
#191 = CARTESIAN_POINT ( 'NONE',  ( -13.12543213480065241, 49.20538558893876768, -0.09174695092890346182 ) ) ;
#192 = ORIENTED_EDGE ( 'NONE', *, *, #3306, .T. ) ;
#193 = CARTESIAN_POINT ( 'NONE',  ( 25.67065075374069849, -13.06823418053583374, 3.334747467341746763 ) ) ;
#194 = CARTESIAN_POINT ( 'NONE',  ( 25.68125067855961774, 11.70359134782529154, 17.57841006907108650 ) ) ;
#195 = VECTOR ( 'NONE', #2104, 1000.000000000000000 ) ;
#196 = CARTESIAN_POINT ( 'NONE',  ( -25.77034351462284079, 11.61163420281390835, 17.57841006907110071 ) ) ;
#197 = ADVANCED_FACE ( 'NONE', ( #2289 ), #4162, .T. ) ;
#198 = AXIS2_PLACEMENT_3D ( 'NONE', #2716, #2740, #3796 ) ;
#199 = CARTESIAN_POINT ( 'NONE',  ( -25.21657783471862402, 19.63148676460850695, -10.70830254234408763 ) ) ;
#200 = CARTESIAN_POINT ( 'NONE',  ( 6.013735526802597597, 15.44142014889907699, -19.28116332691582357 ) ) ;
#201 = AXIS2_PLACEMENT_3D ( 'NONE', #1814, #3690, #3238 ) ;
#202 = CARTESIAN_POINT ( 'NONE',  ( 25.55173661254740836, -7.310434433486453720, -13.49104307089630161 ) ) ;
#203 = ADVANCED_FACE ( 'NONE', ( #1742 ), #694, .T. ) ;
#204 = ORIENTED_EDGE ( 'NONE', *, *, #3986, .T. ) ;
#205 = AXIS2_PLACEMENT_3D ( 'NONE', #843, #1161, #2888 ) ;
#206 = FACE_OUTER_BOUND ( 'NONE', #3091, .T. ) ;
#207 = CARTESIAN_POINT ( 'NONE',  ( -25.77536390277330369, -13.09662623150245508, 3.285570992536461343 ) ) ;
#208 = PLANE ( 'NONE',  #2308 ) ;
#209 = LINE ( 'NONE', #182, #3102 ) ;
#210 = ORIENTED_EDGE ( 'NONE', *, *, #3196, .F. ) ;
#211 = ORIENTED_EDGE ( 'NONE', *, *, #3027, .T. ) ;
#212 = CIRCLE ( 'NONE', #4016, 13.07607077996993361 ) ;
#213 = CARTESIAN_POINT ( 'NONE',  ( -25.22006904117309389, 19.61471930970838429, 10.55385072428689774 ) ) ;
#214 = CARTESIAN_POINT ( 'NONE',  ( -1.190722704830725398, 13.48531561448206340, 2.395024432964805605 ) ) ;
#215 = CARTESIAN_POINT ( 'NONE',  ( -21.60648562893781488, 22.38297250379056180, 4.480997942946905788 ) ) ;
#216 = CIRCLE ( 'NONE', #3194, 19.55474809580329776 ) ;
#217 = CARTESIAN_POINT ( 'NONE',  ( 25.67330326714980870, 23.79518586336864416, 3.313070254004986559 ) ) ;
#218 = ORIENTED_EDGE ( 'NONE', *, *, #739, .F. ) ;
#219 = DIRECTION ( 'NONE',  ( 0.000000000000000000, 1.000000000000000000, -5.697667218914260421E-16 ) ) ;
#220 = DIRECTION ( 'NONE',  ( -1.000000000000000000, 0.000000000000000000, 0.000000000000000000 ) ) ;
#221 = CARTESIAN_POINT ( 'NONE',  ( -25.90014662483071817, 13.73300016101966747, -17.76190397092890194 ) ) ;
#222 = CARTESIAN_POINT ( 'NONE',  ( -14.65016362707109110, 22.27147683868094674, -13.21615806363462120 ) ) ;
#223 = ADVANCED_FACE ( 'NONE', ( #185 ), #3415, .T. ) ;
#224 = FILL_AREA_STYLE_COLOUR ( '', #3328 ) ;
#225 = CARTESIAN_POINT ( 'NONE',  ( -25.21442467116742847, 19.64192103467306083, -10.69022985645238322 ) ) ;
#226 = CARTESIAN_POINT ( 'NONE',  ( 20.03551202752317195, 24.09478227540878947, -3.021268133100253550 ) ) ;
#227 = CARTESIAN_POINT ( 'NONE',  ( 25.04039386986854865, -10.60251557599477401, -7.788991269432492537 ) ) ;
#228 = ORIENTED_EDGE ( 'NONE', *, *, #3425, .F. ) ;
#229 = DIRECTION ( 'NONE',  ( 0.000000000000000000, 0.000000000000000000, -1.000000000000000000 ) ) ;
#230 = CARTESIAN_POINT ( 'NONE',  ( -0.04936135483071932978, 41.35198246893876473, -0.09174695092890516879 ) ) ;
#231 = CARTESIAN_POINT ( 'NONE',  ( -25.78897110381499047, -13.16278799004044409, 3.170975465230560619 ) ) ;
#232 = EDGE_CURVE ( 'NONE', #1512, #4124, #3326, .T. ) ;
#233 = LINE ( 'NONE', #274, #1406 ) ;
#234 = VERTEX_POINT ( 'NONE', #2652 ) ;
#235 = EDGE_LOOP ( 'NONE', ( #2251, #2738, #3918, #135 ) ) ;
#236 = CARTESIAN_POINT ( 'NONE',  ( -25.21812614596694146, 21.69602172760613001, 6.948929190572045833 ) ) ;
#237 = DIRECTION ( 'NONE',  ( 0.000000000000000000, 0.000000000000000000, -1.000000000000000000 ) ) ;
#238 = CARTESIAN_POINT ( 'NONE',  ( -25.90014662483071817, -3.018563823142123237, 17.57841006907109360 ) ) ;
#239 = CARTESIAN_POINT ( 'NONE',  ( 25.80142391516927702, 15.55908808105873220, -17.76190397092890194 ) ) ;
#240 = ORIENTED_EDGE ( 'NONE', *, *, #1936, .T. ) ;
#241 = CARTESIAN_POINT ( 'NONE',  ( 25.37214957594229148, -11.95013840058147103, 5.271346165951062979 ) ) ;
#242 = CARTESIAN_POINT ( 'NONE',  ( 25.43058270667261311, 9.770728730046290167, 17.57841006907108294 ) ) ;
#243 = DIRECTION ( 'NONE',  ( 0.000000000000000000, -1.000000000000000000, 8.546500828371390138E-16 ) ) ;
#244 = CARTESIAN_POINT ( 'NONE',  ( -25.90014662483071817, 15.55908808105873220, -17.76190397092890194 ) ) ;
#245 = DIRECTION ( 'NONE',  ( -1.000000000000000000, 0.000000000000000000, 0.000000000000000000 ) ) ;
#246 = EDGE_CURVE ( 'NONE', #4371, #1512, #1605, .T. ) ;
#247 = DIRECTION ( 'NONE',  ( 0.9701425001453241048, 0.2425356250363645272, 1.188081907519781892E-16 ) ) ;
#248 = ORIENTED_EDGE ( 'NONE', *, *, #2603, .F. ) ;
#249 = CARTESIAN_POINT ( 'NONE',  ( -0.04936135483071932978, 48.68182538093876133, -0.09174695092890516879 ) ) ;
#250 = CARTESIAN_POINT ( 'NONE',  ( -25.83676224893698503, -13.41905263423614514, 2.727112081300039126 ) ) ;
#251 = CARTESIAN_POINT ( 'NONE',  ( -5.949230448730718379, 25.31795109893877083, -24.20823903192890825 ) ) ;
#252 = ADVANCED_FACE ( 'NONE', ( #1957, #1210 ), #890, .T. ) ;
#253 = EDGE_LOOP ( 'NONE', ( #2148, #1230, #67, #1647, #3193, #519 ) ) ;
#254 = CARTESIAN_POINT ( 'NONE',  ( -25.21912334722838978, 19.61923778052166156, 10.54602450326578023 ) ) ;
#255 = PLANE ( 'NONE',  #2080 ) ;
#256 = DIRECTION ( 'NONE',  ( -1.000000000000000000, 0.000000000000000000, 0.000000000000000000 ) ) ;
#257 = EDGE_CURVE ( 'NONE', #3104, #745, #3021, .T. ) ;
#258 = DIRECTION ( 'NONE',  ( 0.000000000000000000, 0.000000000000000000, 1.000000000000000000 ) ) ;
#259 = ORIENTED_EDGE ( 'NONE', *, *, #2123, .F. ) ;
#260 = DIRECTION ( 'NONE',  ( -0.000000000000000000, 1.000000000000000000, 0.000000000000000000 ) ) ;
#261 = DIRECTION ( 'NONE',  ( -1.000000000000000000, 0.000000000000000000, 0.000000000000000000 ) ) ;
#262 = CARTESIAN_POINT ( 'NONE',  ( 23.18362287516927722, 5.357218168938775449, 19.46300114487439004 ) ) ;
#263 = CLOSED_SHELL ( 'NONE', ( #1656, #308, #1201, #2901, #3212, #4231, #4019, #413, #2713, #4446, #117, #3217, #3800, #1106, #1263, #4060, #1510, #342, #1813, #2449, #3106, #1998, #474, #485, #3737, #1791, #223, #4048, #1754, #2728, #4304, #3682, #2099, #3882, #386, #3542, #1845, #338, #955, #2086, #4554, #3254, #1291, #2787, #3050, #2973, #1944, #1448, #3060, #1500, #3169, #2626, #2397, #197, #2166, #3512, #1052, #998, #2940, #534, #858, #3187, #1663, #2539, #1719, #3541, #4109, #3678, #3877, #3364, #949, #2618, #2563, #1138, #563, #3850, #2139, #4312, #834, #4280, #1086, #203, #3613, #4305, #2502, #3799, #2852, #4031, #886, #731, #4542, #4340, #85, #3135, #1857, #4633, #1630, #2642, #283, #1560, #4604, #1970, #252, #2677 ) ) ;
#264 = CIRCLE ( 'NONE', #3243, 19.55474809580329776 ) ;
#265 = CARTESIAN_POINT ( 'NONE',  ( -15.12144170390199704, 23.11195871244546041, -12.67377659895277198 ) ) ;
#266 = CARTESIAN_POINT ( 'NONE',  ( -2.883883753455438015, 14.64542007713873595, -19.96370883849404976 ) ) ;
#267 = CARTESIAN_POINT ( 'NONE',  ( -27.40538222283071335, 5.357218168938772784, -0.09174695092890516879 ) ) ;
#268 = AXIS2_PLACEMENT_3D ( 'NONE', #1501, #3375, #1599 ) ;
#269 = VERTEX_POINT ( 'NONE', #1187 ) ;
#270 = PRODUCT_DEFINITION_CONTEXT ( 'detailed design', #1471, 'design' ) ;
#271 = DIRECTION ( 'NONE',  ( 1.000000000000000000, 0.000000000000000000, 0.000000000000000000 ) ) ;
#272 = VECTOR ( 'NONE', #2681, 1000.000000000000000 ) ;
#273 = CARTESIAN_POINT ( 'NONE',  ( -10.56814677080980580, 48.15826517293877629, -10.61053236690799118 ) ) ;
#274 = CARTESIAN_POINT ( 'NONE',  ( -25.90014662483071817, -15.04652165530114338, -0.09174695092889935399 ) ) ;
#275 = ORIENTED_EDGE ( 'NONE', *, *, #359, .F. ) ;
#276 = VECTOR ( 'NONE', #521, 1000.000000000000000 ) ;
#277 = EDGE_CURVE ( 'NONE', #611, #3619, #264, .T. ) ;
#278 = DIRECTION ( 'NONE',  ( 1.000000000000000000, 0.000000000000000000, 0.000000000000000000 ) ) ;
#279 = DIRECTION ( 'NONE',  ( 0.000000000000000000, 0.000000000000000000, -1.000000000000000000 ) ) ;
#280 = AXIS2_PLACEMENT_3D ( 'NONE', #1487, #4042, #1534 ) ;
#281 = DIRECTION ( 'NONE',  ( 0.000000000000000000, 0.000000000000000000, -1.000000000000000000 ) ) ;
#282 = VECTOR ( 'NONE', #3684, 1000.000000000000000 ) ;
#283 = ADVANCED_FACE ( 'NONE', ( #1934, #3359 ), #553, .F. ) ;
#284 = DIRECTION ( 'NONE',  ( 0.000000000000000000, 1.000000000000000000, 0.000000000000000000 ) ) ;
#285 = ORIENTED_EDGE ( 'NONE', *, *, #3186, .F. ) ;
#286 = LINE ( 'NONE', #4585, #718 ) ;
#287 = CARTESIAN_POINT ( 'NONE',  ( -0.04936135483071932978, 41.35198246893876473, -0.09174695092890516879 ) ) ;
#288 = CARTESIAN_POINT ( 'NONE',  ( -34.40800000483071130, 25.76095799317868540, -0.09174695092891904658 ) ) ;
#289 = AXIS2_PLACEMENT_3D ( 'NONE', #3451, #1716, #2399 ) ;
#290 = EDGE_CURVE ( 'NONE', #3756, #2281, #4040, .T. ) ;
#291 = PRODUCT_DEFINITION_SHAPE ( 'NONE', 'NONE',  #2934 ) ;
#292 = ORIENTED_EDGE ( 'NONE', *, *, #1196, .F. ) ;
#293 = CIRCLE ( 'NONE', #63, 2.617801039999999357 ) ;
#294 = DIRECTION ( 'NONE',  ( 1.000000000000000000, 0.000000000000000000, 0.000000000000000000 ) ) ;
#295 = CARTESIAN_POINT ( 'NONE',  ( -20.85083832718891728, 22.74410916669197746, -4.536056442502313324 ) ) ;
#296 = CARTESIAN_POINT ( 'NONE',  ( 25.80142391516927702, 16.47213204107826101, -16.18046544263119912 ) ) ;
#297 = AXIS2_PLACEMENT_3D ( 'NONE', #3308, #2552, #3259 ) ;
#298 = VERTEX_POINT ( 'NONE', #2932 ) ;
#299 = CARTESIAN_POINT ( 'NONE',  ( -14.69559187097222441, 22.33780921642996731, -13.16670380287745346 ) ) ;
#300 = CARTESIAN_POINT ( 'NONE',  ( -25.76534304620408733, -6.841692191901219466, 14.11943454711784440 ) ) ;
#301 = CARTESIAN_POINT ( 'NONE',  ( -34.40800000483071130, -4.844651743181184855, -17.76190397092890194 ) ) ;
#302 = ORIENTED_EDGE ( 'NONE', *, *, #2872, .T. ) ;
#303 = CARTESIAN_POINT ( 'NONE',  ( -25.90014662483071817, 24.54923096998117416, 2.007025818153373109 ) ) ;
#304 = DIRECTION ( 'NONE',  ( -0.000000000000000000, 1.000000000000000000, 0.000000000000000000 ) ) ;
#305 = DIRECTION ( 'NONE',  ( 1.000000000000000000, 0.000000000000000000, 0.000000000000000000 ) ) ;
#306 = ORIENTED_EDGE ( 'NONE', *, *, #788, .T. ) ;
#307 = EDGE_CURVE ( 'NONE', #771, #4124, #3007, .T. ) ;
#308 = ADVANCED_FACE ( 'NONE', ( #2680 ), #852, .F. ) ;
#309 = CARTESIAN_POINT ( 'NONE',  ( 25.12268704652192852, 21.71169854541611599, 6.921776145624164656 ) ) ;
#310 = EDGE_LOOP ( 'NONE', ( #3057, #3974, #2410, #2630 ) ) ;
#311 = CARTESIAN_POINT ( 'NONE',  ( -25.21912334722842530, 3.275647655744419851, 17.57841006907110426 ) ) ;
#312 = CARTESIAN_POINT ( 'NONE',  ( -20.68548862986013859, 5.357218168938772784, -0.09174695092890516879 ) ) ;
#313 = DIRECTION ( 'NONE',  ( -1.000000000000000000, 0.000000000000000000, 0.000000000000000000 ) ) ;
#314 = ORIENTED_EDGE ( 'NONE', *, *, #3776, .F. ) ;
#315 = CARTESIAN_POINT ( 'NONE',  ( 25.39805791125968426, 9.545756279021469837, -17.76190397092890194 ) ) ;
#316 = EDGE_CURVE ( 'NONE', #2562, #4092, #1235, .T. ) ;
#317 = CARTESIAN_POINT ( 'NONE',  ( 18.28386092244041450, 22.87492125318721747, 8.447126611735738422 ) ) ;
#318 = CARTESIAN_POINT ( 'NONE',  ( 25.73803953927555455, 17.18655710210403953, -14.94304493873404560 ) ) ;
#319 = DIRECTION ( 'NONE',  ( 0.000000000000000000, 0.000000000000000000, 1.000000000000000000 ) ) ;
#320 = CARTESIAN_POINT ( 'NONE',  ( 19.58294920552823015, 26.19831906579665670, -0.09186430281803188713 ) ) ;
#321 = CARTESIAN_POINT ( 'NONE',  ( -25.47087228560177508, 1.348114766276649723, -17.76190397092890549 ) ) ;
#322 = ORIENTED_EDGE ( 'NONE', *, *, #2111, .T. ) ;
#323 = CARTESIAN_POINT ( 'NONE',  ( -34.40800000483071130, -4.844651743181184855, 17.57841006907109360 ) ) ;
#324 = CARTESIAN_POINT ( 'NONE',  ( 34.30927729516927371, 5.357218168938772784, -0.09174695092890516879 ) ) ;
#325 = PLANE ( 'NONE',  #143 ) ;
#326 = ORIENTED_EDGE ( 'NONE', *, *, #3162, .T. ) ;
#327 = PLANE ( 'NONE',  #4011 ) ;
#328 = ORIENTED_EDGE ( 'NONE', *, *, #4077, .F. ) ;
#329 = LINE ( 'NONE', #2969, #2142 ) ;
#330 = CARTESIAN_POINT ( 'NONE',  ( -0.04936135483071932978, 41.35198246893876473, -0.09174695092890516879 ) ) ;
#331 = CARTESIAN_POINT ( 'NONE',  ( 25.80142391516927702, -14.13347769528161280, -1.673185479226632966 ) ) ;
#332 = EDGE_LOOP ( 'NONE', ( #1272, #1910, #157, #840, #4464, #3875, #4166, #4392, #1683, #4497 ) ) ;
#333 = DIRECTION ( 'NONE',  ( 1.000000000000000000, 0.000000000000000000, 0.000000000000000000 ) ) ;
#334 = EDGE_CURVE ( 'NONE', #2310, #3611, #4531, .T. ) ;
#335 = CARTESIAN_POINT ( 'NONE',  ( -20.06154792591975777, 24.04457280107860484, -0.09174695092890605697 ) ) ;
#336 = DIRECTION ( 'NONE',  ( 0.000000000000000000, 0.000000000000000000, -1.000000000000000000 ) ) ;
#337 = CARTESIAN_POINT ( 'NONE',  ( 25.00054300605775381, 5.357218168938779890, 17.57841006907109360 ) ) ;
#338 = ADVANCED_FACE ( 'NONE', ( #206 ), #3501, .T. ) ;
#339 = DIRECTION ( 'NONE',  ( 0.000000000000000000, 1.000000000000000000, 1.836597269759255432E-16 ) ) ;
#340 = AXIS2_PLACEMENT_3D ( 'NONE', #3252, #21, #2445 ) ;
#341 = CARTESIAN_POINT ( 'NONE',  ( -25.44209012500272138, 1.549127282124664662, -17.76190397092890549 ) ) ;
#342 = ADVANCED_FACE ( 'NONE', ( #1326 ), #4223, .T. ) ;
#343 = VERTEX_POINT ( 'NONE', #1364 ) ;
#344 = CIRCLE ( 'NONE', #3031, 9.000000000000000000 ) ;
#345 = CARTESIAN_POINT ( 'NONE',  ( 23.18362287516927722, 5.357218168938772784, -19.64649504673220193 ) ) ;
#346 = CYLINDRICAL_SURFACE ( 'NONE', #4540, 2.000000000000000000 ) ;
#347 = VECTOR ( 'NONE', #3292, 1000.000000000000000 ) ;
#348 = VERTEX_POINT ( 'NONE', #626 ) ;
#349 = EDGE_LOOP ( 'NONE', ( #1670, #2702 ) ) ;
#350 = COLOUR_RGB ( '',0.7921568627450980005, 0.8196078431372548767, 0.9333333333333333481 ) ;
#351 = CARTESIAN_POINT ( 'NONE',  ( -9.219962494354795979, 30.62754320784647177, -17.45202485422322525 ) ) ;
#352 = CYLINDRICAL_SURFACE ( 'NONE', #1777, 12.27094237499999885 ) ;
#353 = AXIS2_PLACEMENT_3D ( 'NONE', #924, #1593, #2737 ) ;
#354 = EDGE_LOOP ( 'NONE', ( #1104, #1869, #985, #3177 ) ) ;
#355 = CARTESIAN_POINT ( 'NONE',  ( 25.67158641261540808, 11.61131211904481297, -17.76190397092889839 ) ) ;
#356 = AXIS2_PLACEMENT_3D ( 'NONE', #126, #665, #1016 ) ;
#357 = CARTESIAN_POINT ( 'NONE',  ( 14.97954938188927088, 20.70362490889732854, -13.46693964165682011 ) ) ;
#358 = DIRECTION ( 'NONE',  ( 0.000000000000000000, 1.000000000000000000, 0.000000000000000000 ) ) ;
#359 = EDGE_CURVE ( 'NONE', #2967, #2841, #2393, .T. ) ;
#360 = TOROIDAL_SURFACE ( 'NONE', #1637, 19.55474809580329776, 2.617801039999999801 ) ;
#361 = DIRECTION ( 'NONE',  ( 0.9238795325112867385, 0.000000000000000000, 0.3826834323650898928 ) ) ;
#362 = CARTESIAN_POINT ( 'NONE',  ( -0.04936135483071932978, 35.46193012893877494, -0.09174695092890516879 ) ) ;
#363 = DIRECTION ( 'NONE',  ( 0.000000000000000000, 0.000000000000000000, -1.000000000000000000 ) ) ;
#364 = AXIS2_PLACEMENT_3D ( 'NONE', #105, #1132, #3634 ) ;
#365 = CARTESIAN_POINT ( 'NONE',  ( -25.15776226266931204, 3.932573496264950119, -17.76190397092889839 ) ) ;
#366 = ORIENTED_EDGE ( 'NONE', *, *, #1160, .T. ) ;
#367 = EDGE_CURVE ( 'NONE', #4144, #2803, #2809, .T. ) ;
#368 = CARTESIAN_POINT ( 'NONE',  ( -25.76937346340202595, 23.78267051841268653, 3.334747467342931149 ) ) ;
#369 = CARTESIAN_POINT ( 'NONE',  ( -20.01009428483071773, 35.46193012893877494, -0.09174695092890761128 ) ) ;
#370 = FACE_OUTER_BOUND ( 'NONE', #3278, .T. ) ;
#371 = VERTEX_POINT ( 'NONE', #1722 ) ;
#372 = ORIENTED_EDGE ( 'NONE', *, *, #4426, .F. ) ;
#373 = LINE ( 'NONE', #1779, #4161 ) ;
#374 = CARTESIAN_POINT ( 'NONE',  ( -9.871342580905237085, 30.72065760839027249, -17.09731051389970702 ) ) ;
#375 = PLANE ( 'NONE',  #3428 ) ;
#376 = VERTEX_POINT ( 'NONE', #2753 ) ;
#377 = DIRECTION ( 'NONE',  ( 0.000000000000000000, 1.000000000000000000, 1.839363140046846161E-16 ) ) ;
#378 = CARTESIAN_POINT ( 'NONE',  ( -2.639682399619476261, 15.96801568245351532, -19.74479145032419325 ) ) ;
#379 = CARTESIAN_POINT ( 'NONE',  ( 25.11983828796158136, 21.69811131156941286, -7.128803826838801427 ) ) ;
#380 = PLANE ( 'NONE',  #2801 ) ;
#381 = DIRECTION ( 'NONE',  ( 1.000000000000000000, 0.000000000000000000, 0.000000000000000000 ) ) ;
#382 = CYLINDRICAL_SURFACE ( 'NONE', #4094, 19.96073292999999893 ) ;
#383 = CARTESIAN_POINT ( 'NONE',  ( -25.20186803676600817, 3.445531300179677459, -17.76190397092890549 ) ) ;
#384 = ORIENTED_EDGE ( 'NONE', *, *, #630, .F. ) ;
#385 = CARTESIAN_POINT ( 'NONE',  ( -25.69547617590067290, 10.96800060361525020, -17.76190397092890905 ) ) ;
#386 = ADVANCED_FACE ( 'NONE', ( #3058, #4486 ), #607, .T. ) ;
#387 = SURFACE_STYLE_USAGE ( .BOTH. , #2913 ) ;
#388 = CARTESIAN_POINT ( 'NONE',  ( -25.77135430893171630, -6.813604370028601309, -14.35157798353298375 ) ) ;
#389 = VERTEX_POINT ( 'NONE', #2792 ) ;
#390 = ORIENTED_EDGE ( 'NONE', *, *, #3708, .F. ) ;
#391 = CARTESIAN_POINT ( 'NONE',  ( -9.522976348358316301, 19.95758186060084682, -17.29005505347789295 ) ) ;
#392 = CARTESIAN_POINT ( 'NONE',  ( -0.04936135483071932978, 41.35198246893876473, -0.09174695092890516879 ) ) ;
#393 = CARTESIAN_POINT ( 'NONE',  ( 0.6094223824907667453, -0.8604377456890117681, -5.887500131257939806 ) ) ;
#394 = EDGE_CURVE ( 'NONE', #4456, #1797, #3618, .T. ) ;
#395 = CARTESIAN_POINT ( 'NONE',  ( -17.23670764207871642, 24.22308443989907190, 10.18016032861180697 ) ) ;
#396 = ORIENTED_EDGE ( 'NONE', *, *, #3089, .F. ) ;
#397 = CARTESIAN_POINT ( 'NONE',  ( 25.05902419773516954, 6.781715436050707702, -17.76190397092890194 ) ) ;
#398 = CARTESIAN_POINT ( 'NONE',  ( -2.472977823839352940, 15.32665845939336080, 19.49414168539498959 ) ) ;
#399 = CARTESIAN_POINT ( 'NONE',  ( 25.17206816840032246, 19.39207220945917953, -11.12298071593422044 ) ) ;
#400 = SHAPE_DEFINITION_REPRESENTATION ( #546, #1203 ) ;
#401 = FACE_OUTER_BOUND ( 'NONE', #594, .T. ) ;
#402 = CARTESIAN_POINT ( 'NONE',  ( 0.6094223824907665232, -25.80355100546741198, -20.28841328621832218 ) ) ;
#403 = CARTESIAN_POINT ( 'NONE',  ( -14.09840215443637845, 21.59018675506845497, -13.81955003976000462 ) ) ;
#404 = VECTOR ( 'NONE', #2012, 1000.000000000000000 ) ;
#405 = ORIENTED_EDGE ( 'NONE', *, *, #4171, .T. ) ;
#406 = CARTESIAN_POINT ( 'NONE',  ( 25.11983828796158136, 19.62193476266792658, 10.54135319316134733 ) ) ;
#407 = VECTOR ( 'NONE', #4377, 1000.000000000000000 ) ;
#408 = CARTESIAN_POINT ( 'NONE',  ( -25.77303150313678159, 11.63708032303291695, -17.76190397092891615 ) ) ;
#409 = CARTESIAN_POINT ( 'NONE',  ( 0.000000000000000000, 0.000000000000000000, 0.000000000000000000 ) ) ;
#410 = CARTESIAN_POINT ( 'NONE',  ( -25.69547617586628618, -7.140195482066098442, -13.78590558418361489 ) ) ;
#411 = VERTEX_POINT ( 'NONE', #582 ) ;
#412 = VECTOR ( 'NONE', #219, 1000.000000000000000 ) ;
#413 = ADVANCED_FACE ( 'NONE', ( #3781, #2703 ), #3808, .F. ) ;
#414 = EDGE_LOOP ( 'NONE', ( #366, #3393 ) ) ;
#415 = CARTESIAN_POINT ( 'NONE',  ( -34.40800000483071130, 5.357218168938774561, -12.79151526320880272 ) ) ;
#416 = CARTESIAN_POINT ( 'NONE',  ( -14.05192550285051922, 29.10462054468122517, -13.85682046926618760 ) ) ;
#417 = AXIS2_PLACEMENT_3D ( 'NONE', #2894, #4283, #1443 ) ;
#418 = CARTESIAN_POINT ( 'NONE',  ( -1.190722704830725398, -0.8604377456890117681, -5.887500131257939806 ) ) ;
#419 = AXIS2_PLACEMENT_3D ( 'NONE', #941, #2364, #4517 ) ;
#420 = CARTESIAN_POINT ( 'NONE',  ( 9.966967216562562015, 19.15162010829142503, -17.29047964510509061 ) ) ;
#421 = ORIENTED_EDGE ( 'NONE', *, *, #3089, .T. ) ;
#422 = ORIENTED_EDGE ( 'NONE', *, *, #1600, .F. ) ;
#423 = DIRECTION ( 'NONE',  ( 0.000000000000000000, 1.000000000000000000, 0.000000000000000000 ) ) ;
#424 = FACE_OUTER_BOUND ( 'NONE', #2540, .T. ) ;
#425 = EDGE_CURVE ( 'NONE', #1116, #3414, #3871, .T. ) ;
#426 = CARTESIAN_POINT ( 'NONE',  ( 25.67430879347534756, 17.52009196007082892, -14.36534561864031190 ) ) ;
#427 = AXIS2_PLACEMENT_3D ( 'NONE', #2943, #4370, #4496 ) ;
#428 = DIRECTION ( 'NONE',  ( 0.000000000000000000, -0.1742513006357898908, 0.9847012157130382581 ) ) ;
#429 = AXIS2_PLACEMENT_3D ( 'NONE', #3487, #2216, #4583 ) ;
#430 = CARTESIAN_POINT ( 'NONE',  ( 25.80142391516926992, -2.421197696786974163, 17.57841006907108650 ) ) ;
#431 = DIRECTION ( 'NONE',  ( 0.000000000000000000, 0.5000000000000003331, 0.8660254037844383745 ) ) ;
#432 = DIRECTION ( 'NONE',  ( 1.000000000000000000, 0.000000000000000000, 0.000000000000000000 ) ) ;
#433 = CARTESIAN_POINT ( 'NONE',  ( -11.29017005478510427, 20.03130875532511723, -16.18897784919580829 ) ) ;
#434 = VECTOR ( 'NONE', #3728, 1000.000000000000000 ) ;
#435 = ORIENTED_EDGE ( 'NONE', *, *, #681, .T. ) ;
#436 = ORIENTED_EDGE ( 'NONE', *, *, #4140, .T. ) ;
#437 = CARTESIAN_POINT ( 'NONE',  ( 25.41854083425497635, 22.82501907295411314, 4.993448426818975605 ) ) ;
#438 = AXIS2_PLACEMENT_3D ( 'NONE', #3153, #3134, #3834 ) ;
#439 = CARTESIAN_POINT ( 'NONE',  ( -25.27079087806147939, 7.893119824253449046, -17.76190397092890905 ) ) ;
#440 = DIRECTION ( 'NONE',  ( 0.000000000000000000, 1.000000000000000000, 0.000000000000000000 ) ) ;
#441 = CARTESIAN_POINT ( 'NONE',  ( -25.76534304620306060, -13.04948120657620869, -3.550722472890631032 ) ) ;
#442 = ORIENTED_EDGE ( 'NONE', *, *, #139, .F. ) ;
#443 = LINE ( 'NONE', #2710, #3408 ) ;
#444 = CARTESIAN_POINT ( 'NONE',  ( -15.44146129430134984, 26.60018020057056987, -12.28033396236713948 ) ) ;
#445 = LINE ( 'NONE', #873, #1331 ) ;
#446 = EDGE_CURVE ( 'NONE', #4158, #269, #4204, .T. ) ;
#447 = CARTESIAN_POINT ( 'NONE',  ( 1.501460052394724132, 15.96624839748004732, -19.74535493655335117 ) ) ;
#448 = VERTEX_POINT ( 'NONE', #3827 ) ;
#449 = CARTESIAN_POINT ( 'NONE',  ( 25.64825278702138789, -6.928715081703159306, 13.96870648055943143 ) ) ;
#450 = LINE ( 'NONE', #4423, #1462 ) ;
#451 = CARTESIAN_POINT ( 'NONE',  ( 25.34336741534742643, 22.56406848055194203, -5.628922012982550349 ) ) ;
#452 = DIRECTION ( 'NONE',  ( 0.000000000000000000, 1.000000000000000000, -8.546500828371390138E-16 ) ) ;
#453 = PLANE ( 'NONE',  #817 ) ;
#454 = CARTESIAN_POINT ( 'NONE',  ( -8.392144277728531776, 15.79975742506772107, -18.84017442430595679 ) ) ;
#455 = CARTESIAN_POINT ( 'NONE',  ( -14.69462537350383435, 22.33752432116948938, -13.16644737013086264 ) ) ;
#456 = CARTESIAN_POINT ( 'NONE',  ( 25.73803953927555099, -13.41905263423668515, -2.910605983156926868 ) ) ;
#457 = EDGE_CURVE ( 'NONE', #2245, #2803, #2057, .T. ) ;
#458 = ORIENTED_EDGE ( 'NONE', *, *, #3441, .F. ) ;
#459 = CARTESIAN_POINT ( 'NONE',  ( 1.102182119232617714E-15, 3.000000000000000000, 9.000000000000000000 ) ) ;
#460 = CARTESIAN_POINT ( 'NONE',  ( -4.794290577405249110, 25.31795280033326634, -19.14326329924483616 ) ) ;
#461 = FILL_AREA_STYLE_COLOUR ( '', #350 ) ;
#462 = CARTESIAN_POINT ( 'NONE',  ( -25.50529715786685259, -7.821971654146502750, -12.60503461475053477 ) ) ;
#463 = ORIENTED_EDGE ( 'NONE', *, *, #2676, .T. ) ;
#464 = ORIENTED_EDGE ( 'NONE', *, *, #2423, .F. ) ;
#465 = CARTESIAN_POINT ( 'NONE',  ( -4.892333316411693112, 24.27826734420388988, -19.11864721977615389 ) ) ;
#466 = CARTESIAN_POINT ( 'NONE',  ( -13.05508134099980033, 29.90755840128159093, -14.80403839163201596 ) ) ;
#467 = CYLINDRICAL_SURFACE ( 'NONE', #2599, 5.291230352099999479 ) ;
#468 = CARTESIAN_POINT ( 'NONE',  ( -7.507303664693937506, 17.69418020693347771, -18.55658388454283170 ) ) ;
#469 = ORIENTED_EDGE ( 'NONE', *, *, #1680, .F. ) ;
#470 = DIRECTION ( 'NONE',  ( 0.000000000000000000, 1.000000000000000000, 0.000000000000000000 ) ) ;
#471 = LINE ( 'NONE', #3280, #2144 ) ;
#472 = CARTESIAN_POINT ( 'NONE',  ( -19.68286915483071553, 5.357218168938772784, -0.09174695092890516879 ) ) ;
#473 = EDGE_CURVE ( 'NONE', #3011, #2245, #564, .T. ) ;
#474 = ADVANCED_FACE ( 'NONE', ( #3846 ), #2448, .T. ) ;
#475 = CARTESIAN_POINT ( 'NONE',  ( 25.67162080496138543, -0.8971978649362185587, 17.57841006907109360 ) ) ;
#476 = CARTESIAN_POINT ( 'NONE',  ( -25.60749589189597941, 23.14240668511932952, -4.627210858713665331 ) ) ;
#477 = CARTESIAN_POINT ( 'NONE',  ( -9.754453040706820843, 41.35198246893876473, 10.76408144367674957 ) ) ;
#478 = LINE ( 'NONE', #3333, #2460 ) ;
#479 = CARTESIAN_POINT ( 'NONE',  ( 25.67430879347531203, -13.08551777628825441, -3.488305303218864672 ) ) ;
#480 = ORIENTED_EDGE ( 'NONE', *, *, #3117, .T. ) ;
#481 = ORIENTED_EDGE ( 'NONE', *, *, #503, .F. ) ;
#482 = CARTESIAN_POINT ( 'NONE',  ( -0.04936135483071932284, 32.49733347892289004, -0.09174695092890515491 ) ) ;
#483 = CARTESIAN_POINT ( 'NONE',  ( -25.21950078059690270, 7.442398828019731738, -17.76190397092890905 ) ) ;
#484 = DIRECTION ( 'NONE',  ( -1.000000000000000000, -0.000000000000000000, 0.000000000000000000 ) ) ;
#485 = ADVANCED_FACE ( 'NONE', ( #4135 ), #1067, .F. ) ;
#486 = CARTESIAN_POINT ( 'NONE',  ( -19.94464925883071515, 38.06336991243877321, -0.09174695092890516879 ) ) ;
#487 = VECTOR ( 'NONE', #869, 1000.000000000000114 ) ;
#488 = VERTEX_POINT ( 'NONE', #3588 ) ;
#489 = CARTESIAN_POINT ( 'NONE',  ( -8.061385722472442339, 20.35722365914001131, -18.01616049411844855 ) ) ;
#490 = CARTESIAN_POINT ( 'NONE',  ( -12.30485547164766302, 30.28729017449031247, -15.43058434127181400 ) ) ;
#491 = CARTESIAN_POINT ( 'NONE',  ( -22.20798793257640469, 22.52478426077425411, -17.25931304276438638 ) ) ;
#492 = AXIS2_PLACEMENT_3D ( 'NONE', #4249, #54, #4623 ) ;
#493 = CARTESIAN_POINT ( 'NONE',  ( 17.84365417156794820, 24.16241571708810909, 8.677761244744274904 ) ) ;
#494 = TOROIDAL_SURFACE ( 'NONE', #1092, 19.55474809580329776, 2.617801039999999801 ) ;
#495 = CARTESIAN_POINT ( 'NONE',  ( 25.12077807093556459, -8.902996369700350243, 10.54915098131577267 ) ) ;
#496 = CARTESIAN_POINT ( 'NONE',  ( 2.449293598294706414E-16, -25.00000000000000000, -2.000000000000000000 ) ) ;
#497 = CARTESIAN_POINT ( 'NONE',  ( -25.09926571571918075, 5.357218168938773672, 17.57841006907111137 ) ) ;
#498 = AXIS2_PLACEMENT_3D ( 'NONE', #125, #1497, #2978 ) ;
#499 = DIRECTION ( 'NONE',  ( 1.000000000000000000, 0.000000000000000000, 0.000000000000000000 ) ) ;
#500 = CIRCLE ( 'NONE', #2296, 19.96073292999999893 ) ;
#501 = CARTESIAN_POINT ( 'NONE',  ( -25.74758921645602427, 17.63560150953807693, -14.16527721020365682 ) ) ;
#502 = CARTESIAN_POINT ( 'NONE',  ( -2.472977823839352940, 15.32665845939336080, 19.49414168539498959 ) ) ;
#503 = EDGE_CURVE ( 'NONE', #2589, #2497, #3105, .T. ) ;
#504 = ORIENTED_EDGE ( 'NONE', *, *, #764, .F. ) ;
#505 = AXIS2_PLACEMENT_3D ( 'NONE', #3111, #2322, #4545 ) ;
#506 = ORIENTED_EDGE ( 'NONE', *, *, #149, .T. ) ;
#507 = VERTEX_POINT ( 'NONE', #4334 ) ;
#508 = CARTESIAN_POINT ( 'NONE',  ( 0.000000000000000000, 3.000000000000000000, -9.000000000000000000 ) ) ;
#509 = CARTESIAN_POINT ( 'NONE',  ( -21.22523492344811658, 22.96285568126648968, -0.09174695092890604309 ) ) ;
#510 = DIRECTION ( 'NONE',  ( -0.3826834323650899483, 0.000000000000000000, 0.9238795325112867385 ) ) ;
#511 = CARTESIAN_POINT ( 'NONE',  ( -25.13911657952999334, -9.288657822487554228, -10.06465965242531091 ) ) ;
#512 = AXIS2_PLACEMENT_3D ( 'NONE', #4170, #992, #1011 ) ;
#513 = VERTEX_POINT ( 'NONE', #2186 ) ;
#514 = CARTESIAN_POINT ( 'NONE',  ( -25.21950078059690270, 19.61743270757819602, 10.54915098131523443 ) ) ;
#515 = CARTESIAN_POINT ( 'NONE',  ( -15.59255502983071473, 25.68742415754695330, -12.08690259452523819 ) ) ;
#516 = CARTESIAN_POINT ( 'NONE',  ( -0.04936135483071932284, 5.357218168938771896, 27.04836835905521397 ) ) ;
#517 = CONICAL_SURFACE ( 'NONE', #1188, 12.48093780438496303, 0.03123964828144646863 ) ;
#518 = DIRECTION ( 'NONE',  ( 0.000000000000000000, -1.000000000000000000, 8.546500828371390138E-16 ) ) ;
#519 = ORIENTED_EDGE ( 'NONE', *, *, #2232, .F. ) ;
#520 = CARTESIAN_POINT ( 'NONE',  ( 25.73803953927554744, -6.472120764246678704, 14.75955103684128744 ) ) ;
#521 = DIRECTION ( 'NONE',  ( -0.000000000000000000, 1.000000000000000000, -0.000000000000000000 ) ) ;
#522 = CARTESIAN_POINT ( 'NONE',  ( -25.21016942240549596, 7.351777670772611017, 17.57841006907109715 ) ) ;
#523 = CARTESIAN_POINT ( 'NONE',  ( 25.67121292628508655, -0.8933604348123825867, 17.57841006907109005 ) ) ;
#524 = CARTESIAN_POINT ( 'NONE',  ( -25.47087228560378946, 18.65547133577793915, -12.39881085404975458 ) ) ;
#525 = CARTESIAN_POINT ( 'NONE',  ( 1.647556585456438683, 14.64346129842377664, -19.96411796777670844 ) ) ;
#526 = CARTESIAN_POINT ( 'NONE',  ( 25.75826859541184533, -6.409409319269204985, -15.05166434761612670 ) ) ;
#527 = EDGE_LOOP ( 'NONE', ( #2597, #4307, #1457, #1956 ) ) ;
#528 = VERTEX_POINT ( 'NONE', #761 ) ;
#529 = CARTESIAN_POINT ( 'NONE',  ( -0.04936135483071932284, 5.357218168938771896, -27.23186226091301521 ) ) ;
#530 = CARTESIAN_POINT ( 'NONE',  ( 19.88349122551821324, 21.47971803049107109, -9.000040112884473587 ) ) ;
#531 = CARTESIAN_POINT ( 'NONE',  ( -25.21905908471472557, -10.98606508187804565, 6.941170136166918248 ) ) ;
#532 = CARTESIAN_POINT ( 'NONE',  ( -25.21905908471472202, -8.905108316604282592, -10.72898688383307686 ) ) ;
#533 = ORIENTED_EDGE ( 'NONE', *, *, #4420, .F. ) ;
#534 = ADVANCED_FACE ( 'NONE', ( #3608 ), #380, .T. ) ;
#535 = ORIENTED_EDGE ( 'NONE', *, *, #3652, .F. ) ;
#536 = CARTESIAN_POINT ( 'NONE',  ( -25.22140975618147607, 19.60834752882986010, 10.56488697250318687 ) ) ;
#537 = DIRECTION ( 'NONE',  ( 1.000000000000000000, 0.000000000000000000, 0.000000000000000000 ) ) ;
#538 = ORIENTED_EDGE ( 'NONE', *, *, #2479, .F. ) ;
#539 = CARTESIAN_POINT ( 'NONE',  ( 25.00054300605775381, 5.357218168938779890, 17.57841006907109360 ) ) ;
#540 = FACE_OUTER_BOUND ( 'NONE', #2153, .T. ) ;
#541 = ORIENTED_EDGE ( 'NONE', *, *, #2349, .F. ) ;
#542 = CARTESIAN_POINT ( 'NONE',  ( 25.66932541646269783, -13.06203275681506959, 3.345488648305376955 ) ) ;
#543 = DIRECTION ( 'NONE',  ( -1.000000000000000000, 0.000000000000000000, 0.000000000000000000 ) ) ;
#544 = CARTESIAN_POINT ( 'NONE',  ( -25.15774690739661068, 6.781715436051225510, 17.57841006907110071 ) ) ;
#545 = EDGE_CURVE ( 'NONE', #513, #2808, #1610, .T. ) ;
#546 = PRODUCT_DEFINITION_SHAPE ( 'NONE', 'NONE',  #3911 ) ;
#547 = CARTESIAN_POINT ( 'NONE',  ( -1.190722704830725398, -2.770879276604500951, -2.578518334822671676 ) ) ;
#548 = CARTESIAN_POINT ( 'NONE',  ( -25.21750609177702529, 19.62700997508795453, -10.71605656924848304 ) ) ;
#549 = CARTESIAN_POINT ( 'NONE',  ( -9.547970583869958006, 16.76290461595587900, 17.76991965568814891 ) ) ;
#550 = CARTESIAN_POINT ( 'NONE',  ( 25.66932541646266586, -6.829140641667341249, -14.32466837169448404 ) ) ;
#551 = ORIENTED_EDGE ( 'NONE', *, *, #1592, .T. ) ;
#552 = UNCERTAINTY_MEASURE_WITH_UNIT (LENGTH_MEASURE( 1.000000000000000082E-05 ), #2165, 'distance_accuracy_value', 'NONE');
#553 = CYLINDRICAL_SURFACE ( 'NONE', #4594, 8.500000000000000000 ) ;
#554 = CARTESIAN_POINT ( 'NONE',  ( -2.569409947281121376, 14.78580227536893865, 19.66137740500738573 ) ) ;
#555 = CARTESIAN_POINT ( 'NONE',  ( -25.43083638743760844, -11.81262771367909181, 5.509521662249660778 ) ) ;
#556 = CARTESIAN_POINT ( 'NONE',  ( 10.46942406114836821, 41.35198246893876473, 10.42703846505018284 ) ) ;
#557 = DIRECTION ( 'NONE',  ( 0.000000000000000000, 1.000000000000000000, 0.000000000000000000 ) ) ;
#558 = ORIENTED_EDGE ( 'NONE', *, *, #4627, .T. ) ;
#559 = ORIENTED_EDGE ( 'NONE', *, *, #4020, .F. ) ;
#560 = CARTESIAN_POINT ( 'NONE',  ( -25.78897110381499758, 17.44282174631340965, 14.31568765292202627 ) ) ;
#561 = LINE ( 'NONE', #1289, #2958 ) ;
#562 = FACE_OUTER_BOUND ( 'NONE', #2011, .T. ) ;
#563 = ADVANCED_FACE ( 'NONE', ( #401 ), #1431, .T. ) ;
#564 = CIRCLE ( 'NONE', #944, 13.07607077996993361 ) ;
#565 = CARTESIAN_POINT ( 'NONE',  ( 25.67664119311186610, 23.81106256937998111, 3.285570992536504864 ) ) ;
#566 = EDGE_LOOP ( 'NONE', ( #1399, #4409 ) ) ;
#567 = CARTESIAN_POINT ( 'NONE',  ( 25.11570196150600154, -10.96368870168684850, 6.979927163547573699 ) ) ;
#568 = CARTESIAN_POINT ( 'NONE',  ( 25.59675346625026293, 10.96800060369122676, 17.57841006907107939 ) ) ;
#569 = AXIS2_PLACEMENT_3D ( 'NONE', #672, #3407, #1283 ) ;
#570 = CARTESIAN_POINT ( 'NONE',  ( -14.92517034980065205, 48.15826517293877629, -0.09174695092890954029 ) ) ;
#571 = CARTESIAN_POINT ( 'NONE',  ( -14.50867917250502082, 22.07323812461699220, -13.37410673975325004 ) ) ;
#572 = AXIS2_PLACEMENT_3D ( 'NONE', #3468, #260, #3424 ) ;
#573 = CARTESIAN_POINT ( 'NONE',  ( -15.16127612331851715, 23.20167485580669364, -12.62600318309194947 ) ) ;
#574 = EDGE_CURVE ( 'NONE', #4297, #4174, #3937, .T. ) ;
#575 = CARTESIAN_POINT ( 'NONE',  ( -25.22006904117406378, 21.70532676453335341, -7.116306295705637552 ) ) ;
#576 = CARTESIAN_POINT ( 'NONE',  ( -22.01226838533919405, 22.61240139924662174, -0.09174695092890608472 ) ) ;
#577 = AXIS2_PLACEMENT_3D ( 'NONE', #4339, #1093, #4385 ) ;
#578 = LINE ( 'NONE', #2353, #4153 ) ;
#579 = DIRECTION ( 'NONE',  ( 1.000000000000000000, 0.000000000000000000, 0.000000000000000000 ) ) ;
#580 = EDGE_LOOP ( 'NONE', ( #285, #3741, #3029, #4050 ) ) ;
#581 = CIRCLE ( 'NONE', #419, 14.56151828499999823 ) ;
#582 = CARTESIAN_POINT ( 'NONE',  ( -25.90014662483071817, 25.76095799317868540, -0.09174695092891904658 ) ) ;
#583 = CARTESIAN_POINT ( 'NONE',  ( -25.21750609177698621, -8.912573637211236743, 10.53256266738922342 ) ) ;
#584 = LINE ( 'NONE', #301, #2014 ) ;
#585 = AXIS2_PLACEMENT_3D ( 'NONE', #2771, #3165, #3824 ) ;
#586 = ORIENTED_EDGE ( 'NONE', *, *, #1598, .T. ) ;
#587 = ORIENTED_EDGE ( 'NONE', *, *, #1191, .F. ) ;
#588 = CIRCLE ( 'NONE', #1180, 2.617801039999999357 ) ;
#589 = CARTESIAN_POINT ( 'NONE',  ( -25.21750609177704305, 21.69303609914967979, 6.954100450751146134 ) ) ;
#590 = CARTESIAN_POINT ( 'NONE',  ( -10.19334038483071758, 25.31795109893877083, -19.72525475092890446 ) ) ;
#591 = CARTESIAN_POINT ( 'NONE',  ( 11.98065852665691899, 17.40849753697578350, 16.72051316296615653 ) ) ;
#592 = AXIS2_PLACEMENT_3D ( 'NONE', #1989, #256, #3420 ) ;
#593 = LINE ( 'NONE', #3747, #660 ) ;
#594 = EDGE_LOOP ( 'NONE', ( #469, #4043, #3532 ) ) ;
#595 = CARTESIAN_POINT ( 'NONE',  ( 4.300089231327646644, 5.357218168938795877, -1.396594728885399039 ) ) ;
#596 = EDGE_CURVE ( 'NONE', #1939, #1887, #2143, .T. ) ;
#597 = PRODUCT_DEFINITION_FORMATION_WITH_SPECIFIED_SOURCE ( 'ANY', '', #3197, .NOT_KNOWN. ) ;
#598 = CARTESIAN_POINT ( 'NONE',  ( 25.80142391516928768, 13.43446844827065334, 17.57841006907108650 ) ) ;
#599 = DIRECTION ( 'NONE',  ( 0.000000000000000000, 0.000000000000000000, -1.000000000000000000 ) ) ;
#600 = DIRECTION ( 'NONE',  ( 0.000000000000000000, 1.000000000000000000, 1.836597269759255432E-16 ) ) ;
#601 = CARTESIAN_POINT ( 'NONE',  ( -5.425670240730719129, 25.31795109893877083, -23.91373641492890556 ) ) ;
#602 = EDGE_CURVE ( 'NONE', #1359, #3202, #2137, .T. ) ;
#603 = CARTESIAN_POINT ( 'NONE',  ( -0.7081450921521601494, -2.770879276604500951, -2.578518334822671676 ) ) ;
#604 = CARTESIAN_POINT ( 'NONE',  ( 25.67162080496138188, -6.818378682303623428, -14.34330863210143825 ) ) ;
#605 = VERTEX_POINT ( 'NONE', #3523 ) ;
#606 = UNCERTAINTY_MEASURE_WITH_UNIT (LENGTH_MEASURE( 1.000000000000000082E-05 ), #3233, 'distance_accuracy_value', 'NONE');
#607 = PLANE ( 'NONE',  #3774 ) ;
#608 = CARTESIAN_POINT ( 'NONE',  ( -25.77997338822103401, -13.11877328868130022, 3.247211164264566463 ) ) ;
#609 = CARTESIAN_POINT ( 'NONE',  ( -0.04936135483071932978, 41.35198246893876473, -0.09174695092890516879 ) ) ;
#610 = EDGE_CURVE ( 'NONE', #2834, #839, #120, .T. ) ;
#611 = VERTEX_POINT ( 'NONE', #1048 ) ;
#612 = ORIENTED_EDGE ( 'NONE', *, *, #4055, .T. ) ;
#613 = CARTESIAN_POINT ( 'NONE',  ( -25.90014662483072527, 16.62139789745276985, 15.73843549369745354 ) ) ;
#614 = DIRECTION ( 'NONE',  ( 0.000000000000000000, 0.000000000000000000, 1.000000000000000000 ) ) ;
#615 = CARTESIAN_POINT ( 'NONE',  ( -22.01226838533919405, 22.61240139924662174, -1.616698705093117416 ) ) ;
#616 = CARTESIAN_POINT ( 'NONE',  ( -2.353056203315238459, 16.13172996238151313, 19.45069558483233862 ) ) ;
#617 = ORIENTED_EDGE ( 'NONE', *, *, #3342, .T. ) ;
#618 = CARTESIAN_POINT ( 'NONE',  ( -25.90014662483071817, -14.13347769528161280, -1.673185479226639849 ) ) ;
#619 = CARTESIAN_POINT ( 'NONE',  ( 25.41854083426002120, 9.687210240653129745, 17.57841006907108294 ) ) ;
#620 = CARTESIAN_POINT ( 'NONE',  ( -10.56814677080980580, 48.15826517293877629, -10.61053236690799118 ) ) ;
#621 = VERTEX_POINT ( 'NONE', #2167 ) ;
#622 = CARTESIAN_POINT ( 'NONE',  ( -7.938450416815000743, 41.35198246893876473, 11.51629435979787708 ) ) ;
#623 = DIRECTION ( 'NONE',  ( -0.3826834323650898928, 0.000000000000000000, 0.9238795325112867385 ) ) ;
#624 = EDGE_CURVE ( 'NONE', #2527, #2323, #2284, .T. ) ;
#625 = ORIENTED_EDGE ( 'NONE', *, *, #55, .T. ) ;
#626 = CARTESIAN_POINT ( 'NONE',  ( -25.09926571571918075, 5.357218168938773672, 17.57841006907111137 ) ) ;
#627 = CARTESIAN_POINT ( 'NONE',  ( 21.12555368617077889, 22.96250683239241397, -0.09172980710959040274 ) ) ;
#628 = CARTESIAN_POINT ( 'NONE',  ( -10.19334038483071758, 25.31795109893877083, -19.72525475092890446 ) ) ;
#629 = ORIENTED_EDGE ( 'NONE', *, *, #2993, .F. ) ;
#630 = EDGE_CURVE ( 'NONE', #2261, #3711, #1110, .T. ) ;
#631 = DIRECTION ( 'NONE',  ( 0.000000000000000000, -1.000000000000000000, 8.546500828371390138E-16 ) ) ;
#632 = EDGE_CURVE ( 'NONE', #4067, #448, #2838, .T. ) ;
#633 = DIRECTION ( 'NONE',  ( -0.000000000000000000, 1.000000000000000000, -0.000000000000000000 ) ) ;
#634 = LINE ( 'NONE', #1119, #2386 ) ;
#635 = CARTESIAN_POINT ( 'NONE',  ( 25.55173661254787376, 18.02487077136245830, 13.30754916904117735 ) ) ;
#636 = ORIENTED_EDGE ( 'NONE', *, *, #984, .T. ) ;
#637 = CARTESIAN_POINT ( 'NONE',  ( -14.92517034980065205, 48.15826517293877629, -0.09174695092890954029 ) ) ;
#638 = FACE_OUTER_BOUND ( 'NONE', #3419, .T. ) ;
#639 = PLANE ( 'NONE',  #666 ) ;
#640 = AXIS2_PLACEMENT_3D ( 'NONE', #2707, #4138, #2359 ) ;
#641 = ORIENTED_EDGE ( 'NONE', *, *, #4288, .T. ) ;
#642 = VECTOR ( 'NONE', #361, 1000.000000000000000 ) ;
#643 = CARTESIAN_POINT ( 'NONE',  ( -15.44033381707716401, 24.04325941840204095, -12.28162714138785638 ) ) ;
#644 = CARTESIAN_POINT ( 'NONE',  ( -2.626375931101540218, 14.49354571714784257, 19.79358973374560904 ) ) ;
#645 = CARTESIAN_POINT ( 'NONE',  ( -27.40538222283071335, 5.357218168938772784, 12.38919085345605708 ) ) ;
#646 = AXIS2_PLACEMENT_3D ( 'NONE', #693, #1830, #3914 ) ;
#647 = CARTESIAN_POINT ( 'NONE',  ( -10.19334038483071758, 25.31795109893877083, -23.91373641492890556 ) ) ;
#648 = ORIENTED_EDGE ( 'NONE', *, *, #316, .T. ) ;
#649 = PRODUCT_DEFINITION_CONTEXT ( 'detailed design', #1385, 'design' ) ;
#650 = DIRECTION ( 'NONE',  ( -1.000000000000000000, 0.000000000000000000, 0.000000000000000000 ) ) ;
#651 = AXIS2_PLACEMENT_3D ( 'NONE', #733, #2162, #377 ) ;
#652 = EDGE_CURVE ( 'NONE', #838, #4456, #3543, .T. ) ;
#653 = CARTESIAN_POINT ( 'NONE',  ( -0.04936135483071714403, 48.15826517293877629, -14.96755594589883742 ) ) ;
#654 = PLANE ( 'NONE',  #812 ) ;
#655 = EDGE_LOOP ( 'NONE', ( #1513, #662, #2891 ) ) ;
#656 = AXIS2_PLACEMENT_3D ( 'NONE', #2571, #3372, #1176 ) ;
#657 = LINE ( 'NONE', #1351, #1243 ) ;
#658 = CARTESIAN_POINT ( 'NONE',  ( 27.30665951316927931, 5.357218168938772784, -12.57268475531386720 ) ) ;
#659 = CARTESIAN_POINT ( 'NONE',  ( -2.947008625272357740, 14.35678333469673618, -20.09379953798391938 ) ) ;
#660 = VECTOR ( 'NONE', #2297, 1000.000000000000000 ) ;
#661 = CARTESIAN_POINT ( 'NONE',  ( 25.40657444820592303, 22.78363808221564923, 5.065122405245518600 ) ) ;
#662 = ORIENTED_EDGE ( 'NONE', *, *, #1740, .F. ) ;
#663 = CARTESIAN_POINT ( 'NONE',  ( -25.78897110381499402, -1.077184412659820678, 17.57841006907110781 ) ) ;
#664 = DIRECTION ( 'NONE',  ( 0.000000000000000000, 0.000000000000000000, 1.000000000000000000 ) ) ;
#665 = DIRECTION ( 'NONE',  ( 1.000000000000000000, 0.000000000000000000, -0.000000000000000000 ) ) ;
#666 = AXIS2_PLACEMENT_3D ( 'NONE', #3073, #1650, #2029 ) ;
#667 = ORIENTED_EDGE ( 'NONE', *, *, #394, .T. ) ;
#668 = CIRCLE ( 'NONE', #1336, 14.56151828499999823 ) ;
#669 = CARTESIAN_POINT ( 'NONE',  ( 25.11785512505718998, 7.414290713959154289, -17.76190397092889839 ) ) ;
#670 = CARTESIAN_POINT ( 'NONE',  ( 19.88257077305364007, 21.47782558869117864, 8.817054081567558654 ) ) ;
#671 = CARTESIAN_POINT ( 'NONE',  ( 23.18362287516927722, 5.357218168938772784, -17.02869400673220213 ) ) ;
#672 = CARTESIAN_POINT ( 'NONE',  ( -0.04936135483071932978, 35.46193012893877494, -0.09174695092890516879 ) ) ;
#673 = CARTESIAN_POINT ( 'NONE',  ( 19.96267011949022674, 24.04442128046854066, -0.09168036849757785212 ) ) ;
#674 = DIRECTION ( 'NONE',  ( -1.000000000000000000, 0.000000000000000000, 0.000000000000000000 ) ) ;
#675 = ORIENTED_EDGE ( 'NONE', *, *, #2409, .F. ) ;
#676 = DIRECTION ( 'NONE',  ( 0.000000000000000000, 0.000000000000000000, 1.000000000000000000 ) ) ;
#677 = DIRECTION ( 'NONE',  ( 0.000000000000000000, 0.000000000000000000, -1.000000000000000000 ) ) ;
#678 = CARTESIAN_POINT ( 'NONE',  ( 23.18362287516927722, 5.357218168938775449, 19.46300114487439004 ) ) ;
#679 = ORIENTED_EDGE ( 'NONE', *, *, #1171, .T. ) ;
#680 = EDGE_CURVE ( 'NONE', #1192, #605, #3025, .T. ) ;
#681 = EDGE_CURVE ( 'NONE', #3785, #925, #1772, .T. ) ;
#682 = CARTESIAN_POINT ( 'NONE',  ( 25.10314052858185718, 19.70420263485807055, 10.39886105869745592 ) ) ;
#683 = VERTEX_POINT ( 'NONE', #4405 ) ;
#684 = CARTESIAN_POINT ( 'NONE',  ( -25.13911657952741407, 4.043360415483069126, 17.57841006907110426 ) ) ;
#685 = CARTESIAN_POINT ( 'NONE',  ( -7.258008832718543246, 29.86328878404733445, -18.35742454294540238 ) ) ;
#686 = CARTESIAN_POINT ( 'NONE',  ( -0.04936135483071932978, 41.35198246893876473, 14.78406204404102908 ) ) ;
#687 = ORIENTED_EDGE ( 'NONE', *, *, #1876, .F. ) ;
#688 = CARTESIAN_POINT ( 'NONE',  ( -14.43745032093071679, 25.31795109893877083, -24.20823903192890825 ) ) ;
#689 = CARTESIAN_POINT ( 'NONE',  ( -19.73108528791233240, 23.81042846947274327, 4.254444126314449015 ) ) ;
#690 = EDGE_CURVE ( 'NONE', #343, #1051, #874, .T. ) ;
#691 = FACE_OUTER_BOUND ( 'NONE', #756, .T. ) ;
#692 = DIRECTION ( 'NONE',  ( 0.000000000000000000, -1.000000000000000000, 0.000000000000000000 ) ) ;
#693 = CARTESIAN_POINT ( 'NONE',  ( -25.90014662483071817, 5.357218168938767455, -0.09174695092890516879 ) ) ;
#694 = PLANE ( 'NONE',  #29 ) ;
#695 = CARTESIAN_POINT ( 'NONE',  ( -5.308754062820255193, 49.42576294137244020, -12.78904415640332637 ) ) ;
#696 = CYLINDRICAL_SURFACE ( 'NONE', #4475, 5.291230352099999479 ) ;
#697 = VERTEX_POINT ( 'NONE', #881 ) ;
#698 = CARTESIAN_POINT ( 'NONE',  ( -25.77034351462281592, 23.78723105405618554, 3.326848387898652781 ) ) ;
#699 = CARTESIAN_POINT ( 'NONE',  ( 0.6094223824907665232, 5.357218168938772784, -0.09174695092890516879 ) ) ;
#700 = CARTESIAN_POINT ( 'NONE',  ( -11.29017005478510427, 20.03130875532511723, -16.18897784919580829 ) ) ;
#701 = ORIENTED_EDGE ( 'NONE', *, *, #4537, .F. ) ;
#702 = CARTESIAN_POINT ( 'NONE',  ( 25.14396474003285675, 19.50613176486460176, 10.74192986902550295 ) ) ;
#703 = ORIENTED_EDGE ( 'NONE', *, *, #1822, .F. ) ;
#704 = CARTESIAN_POINT ( 'NONE',  ( -25.22415028085451283, 3.228055875384713058, 17.57841006907110781 ) ) ;
#705 = CARTESIAN_POINT ( 'NONE',  ( -5.673801191753076623, 28.27729639259006689, -18.90267731239275051 ) ) ;
#706 = DIRECTION ( 'NONE',  ( 0.000000000000000000, 1.000000000000000000, 0.000000000000000000 ) ) ;
#707 = EDGE_CURVE ( 'NONE', #3845, #1887, #1756, .T. ) ;
#708 = ORIENTED_EDGE ( 'NONE', *, *, #3915, .T. ) ;
#709 = CARTESIAN_POINT ( 'NONE',  ( 25.08734541370407456, 7.104502814043914150, -17.76190397092889839 ) ) ;
#710 = CARTESIAN_POINT ( 'NONE',  ( 19.65867207720204135, 25.61220960395435498, -3.140529193106786465 ) ) ;
#711 = CARTESIAN_POINT ( 'NONE',  ( 25.67664119311188742, 17.50898350485578092, -14.38458602746636572 ) ) ;
#712 = EDGE_CURVE ( 'NONE', #4254, #2562, #809, .T. ) ;
#713 = EDGE_CURVE ( 'NONE', #838, #2017, #1238, .T. ) ;
#714 = CARTESIAN_POINT ( 'NONE',  ( 25.08735437094651033, 3.609847537245106430, 17.57841006907109005 ) ) ;
#715 = FACE_OUTER_BOUND ( 'NONE', #3227, .T. ) ;
#716 = CARTESIAN_POINT ( 'NONE',  ( -25.90014662483071817, -3.018563823142123237, -17.76190397092890194 ) ) ;
#717 = ORIENTED_EDGE ( 'NONE', *, *, #1361, .F. ) ;
#718 = VECTOR ( 'NONE', #2114, 1000.000000000000114 ) ;
#719 = CARTESIAN_POINT ( 'NONE',  ( -25.76993563594637848, 23.78531233899358099, 3.330171699872344515 ) ) ;
#720 = CARTESIAN_POINT ( 'NONE',  ( 10.46942406114836821, 41.35198246893876473, -10.61053236690799118 ) ) ;
#721 = CARTESIAN_POINT ( 'NONE',  ( -25.90014662483071817, -5.906961559589041677, -15.92192939553133435 ) ) ;
#722 = AXIS2_PLACEMENT_3D ( 'NONE', #3886, #1078, #3224 ) ;
#723 = ORIENTED_EDGE ( 'NONE', *, *, #4288, .F. ) ;
#724 =( BOUNDED_CURVE ( )  B_SPLINE_CURVE ( 2, ( #3569, #3897, #744 ),
 .UNSPECIFIED., .F., .F. ) 
 B_SPLINE_CURVE_WITH_KNOTS ( ( 3, 3 ),
 ( 0.000000000000000000, 1.751308635449589923 ),
 .UNSPECIFIED. ) 
 CURVE ( )  GEOMETRIC_REPRESENTATION_ITEM ( )  RATIONAL_B_SPLINE_CURVE ( ( 1.000000000000000000, 1.082392200292389806, 1.000000000000000000 ) ) 
 REPRESENTATION_ITEM ( '' )  );
#725 = EDGE_LOOP ( 'NONE', ( #188, #1776, #144 ) ) ;
#726 = AXIS2_PLACEMENT_3D ( 'NONE', #2341, #4143, #2412 ) ;
#727 = CARTESIAN_POINT ( 'NONE',  ( -25.77086586219025577, -0.9021293765168596490, 17.57841006907110426 ) ) ;
#728 = CARTESIAN_POINT ( 'NONE',  ( -6.530232087345700265, 29.28855035245724991, -18.62537444655731278 ) ) ;
#729 = FACE_OUTER_BOUND ( 'NONE', #580, .T. ) ;
#730 = AXIS2_PLACEMENT_3D ( 'NONE', #4291, #3567, #2058 ) ;
#731 = ADVANCED_FACE ( 'NONE', ( #2236 ), #3002, .T. ) ;
#732 = EDGE_LOOP ( 'NONE', ( #3006, #3963, #1892, #4437 ) ) ;
#733 = CARTESIAN_POINT ( 'NONE',  ( -22.20798793257640114, 5.357218168938772784, -0.09174695092890516879 ) ) ;
#734 = VECTOR ( 'NONE', #1317, 1000.000000000000000 ) ;
#735 = CARTESIAN_POINT ( 'NONE',  ( -19.33712679565189418, 25.27167196487996748, 4.407241594032261567 ) ) ;
#736 = CARTESIAN_POINT ( 'NONE',  ( 25.14396474003610393, 21.81391430938420939, -6.928227150954777258 ) ) ;
#737 = AXIS2_PLACEMENT_3D ( 'NONE', #2908, #2697, #4128 ) ;
#738 = EDGE_CURVE ( 'NONE', #3711, #925, #2926, .T. ) ;
#739 = EDGE_CURVE ( 'NONE', #967, #4144, #2276, .T. ) ;
#740 = CARTESIAN_POINT ( 'NONE',  ( -4.902110032730718991, 25.31795109893877083, -19.72525475092890446 ) ) ;
#741 = SHAPE_REPRESENTATION_RELATIONSHIP ( 'NONE' , 'NONE' ,  #2960, #3406 ) ;
#742 = CARTESIAN_POINT ( 'NONE',  ( 0.6094223824907667453, 11.57487408356659664, 5.704006229400087058 ) ) ;
#743 = EDGE_CURVE ( 'NONE', #3991, #1313, #3923, .T. ) ;
#744 = CARTESIAN_POINT ( 'NONE',  ( -0.04936135483072223717, 48.15826517293877629, 14.78406204404102908 ) ) ;
#745 = VERTEX_POINT ( 'NONE', #4033 ) ;
#746 = LINE ( 'NONE', #3641, #3258 ) ;
#747 = CARTESIAN_POINT ( 'NONE',  ( 25.80142391516927702, -5.757695703200715442, -16.18046544263119912 ) ) ;
#748 = EDGE_CURVE ( 'NONE', #2344, #2261, #1928, .T. ) ;
#749 = CARTESIAN_POINT ( 'NONE',  ( -25.90014662483071817, -5.757695703200715442, -16.18046544263119912 ) ) ;
#750 = EDGE_LOOP ( 'NONE', ( #1748, #2819 ) ) ;
#751 = ORIENTED_EDGE ( 'NONE', *, *, #2052, .F. ) ;
#752 = CARTESIAN_POINT ( 'NONE',  ( -25.90014662483071817, 5.357218168938767455, -0.09174695092890516879 ) ) ;
#753 = FACE_OUTER_BOUND ( 'NONE', #1933, .T. ) ;
#754 = CARTESIAN_POINT ( 'NONE',  ( 25.80142391516927702, -4.844651743181184855, 17.57841006907109360 ) ) ;
#755 = CARTESIAN_POINT ( 'NONE',  ( -19.31922037836244854, 25.89883648723049703, -4.693246768577328254 ) ) ;
#756 = EDGE_LOOP ( 'NONE', ( #1034, #1380, #3924, #538 ) ) ;
#757 = CARTESIAN_POINT ( 'NONE',  ( 25.39347488093649119, 9.514108827828234638, -17.76190397092890194 ) ) ;
#758 = CARTESIAN_POINT ( 'NONE',  ( 14.40582689327446886, 22.14146267115774336, -13.77672051170053891 ) ) ;
#759 = CARTESIAN_POINT ( 'NONE',  ( 25.66099255524020961, 23.73821963279007008, -3.595232561540564031 ) ) ;
#760 = DIRECTION ( 'NONE',  ( 0.000000000000000000, 0.000000000000000000, 1.000000000000000000 ) ) ;
#761 = CARTESIAN_POINT ( 'NONE',  ( 22.10926522291496354, 5.357218168938772784, -17.25931304276440770 ) ) ;
#762 = CARTESIAN_POINT ( 'NONE',  ( 0.000000000000000000, -25.00000000000000000, 1.304999999999999938 ) ) ;
#763 = LINE ( 'NONE', #3591, #4180 ) ;
#764 = EDGE_CURVE ( 'NONE', #3312, #122, #1984, .T. ) ;
#765 = CARTESIAN_POINT ( 'NONE',  ( 25.45780860447817773, -12.24739645371973218, -4.939974016814375091 ) ) ;
#766 = CARTESIAN_POINT ( 'NONE',  ( -25.55653131415400026, 9.960837678032014253, -17.76190397092891260 ) ) ;
#767 = CARTESIAN_POINT ( 'NONE',  ( -19.68286915483071553, 35.46193012893877494, -0.09174695092890516879 ) ) ;
#768 = DIRECTION ( 'NONE',  ( 1.000000000000000000, 0.000000000000000000, 0.000000000000000000 ) ) ;
#769 = EDGE_LOOP ( 'NONE', ( #1155, #4228, #919, #541 ) ) ;
#770 = EDGE_CURVE ( 'NONE', #1484, #4118, #3329, .T. ) ;
#771 = VERTEX_POINT ( 'NONE', #1204 ) ;
#772 = CARTESIAN_POINT ( 'NONE',  ( -10.01049827862308383, 19.92072550777454154, -17.01122529665914129 ) ) ;
#773 = CARTESIAN_POINT ( 'NONE',  ( 25.67664119311186965, -0.9448608955838702084, -17.76190397092889128 ) ) ;
#774 = FACE_OUTER_BOUND ( 'NONE', #1611, .T. ) ;
#775 = CARTESIAN_POINT ( 'NONE',  ( -19.32012396350220129, 25.89746815344992115, 4.510520446664897598 ) ) ;
#776 = ORIENTED_EDGE ( 'NONE', *, *, #2992, .F. ) ;
#777 = CARTESIAN_POINT ( 'NONE',  ( 25.11144671274406548, -10.94286645015807125, 7.015992361123375431 ) ) ;
#778 = CARTESIAN_POINT ( 'NONE',  ( 9.966967216562562015, 19.15162010829142503, -17.29047964510509061 ) ) ;
#779 = CARTESIAN_POINT ( 'NONE',  ( 25.24428199788064830, 19.10778516370211833, -11.61538032311910484 ) ) ;
#780 = CARTESIAN_POINT ( 'NONE',  ( 679.4194396585875211, 879.6384518594225028, 1311.136264623364013 ) ) ;
#781 = CARTESIAN_POINT ( 'NONE',  ( -10.19334038483071758, 25.31795109893877083, -0.09174695092890516879 ) ) ;
#782 = DIRECTION ( 'NONE',  ( 0.000000000000000000, 0.000000000000000000, -1.000000000000000000 ) ) ;
#783 = CARTESIAN_POINT ( 'NONE',  ( -14.77231647358054900, 18.65685507163431112, -15.34819708948109707 ) ) ;
#784 = CARTESIAN_POINT ( 'NONE',  ( -13.32918923729505423, 20.92320730676074092, -14.57863881302854558 ) ) ;
#785 = ORIENTED_EDGE ( 'NONE', *, *, #596, .F. ) ;
#786 = ORIENTED_EDGE ( 'NONE', *, *, #630, .T. ) ;
#787 = CARTESIAN_POINT ( 'NONE',  ( 25.80142391516928058, 16.77081510427086286, 15.47963729996350857 ) ) ;
#788 = EDGE_CURVE ( 'NONE', #4124, #1512, #4369, .T. ) ;
#789 = EDGE_CURVE ( 'NONE', #3206, #2035, #2400, .T. ) ;
#790 = CIRCLE ( 'NONE', #1157, 19.96073292999999893 ) ;
#791 = CARTESIAN_POINT ( 'NONE',  ( -20.68548862986013859, 5.357218168938774561, -12.36268932592890302 ) ) ;
#792 = CARTESIAN_POINT ( 'NONE',  ( -19.94464925883071515, 38.09609242543876917, -0.09174695092890516879 ) ) ;
#793 = CARTESIAN_POINT ( 'NONE',  ( -25.77034351462281592, -13.07279471617870747, -3.510342289756368750 ) ) ;
#794 = VECTOR ( 'NONE', #2224, 1000.000000000000000 ) ;
#795 = EDGE_LOOP ( 'NONE', ( #3943, #2085, #1506, #2658, #889, #535, #846 ) ) ;
#796 = CARTESIAN_POINT ( 'NONE',  ( -10.14320435449720215, 19.91821207000463190, -16.93216446591054591 ) ) ;
#797 = CARTESIAN_POINT ( 'NONE',  ( -13.81946953750402685, 29.32117968078971870, -14.08773442863291159 ) ) ;
#798 = AXIS2_PLACEMENT_3D ( 'NONE', #1690, #2070, #977 ) ;
#799 = CARTESIAN_POINT ( 'NONE',  ( 22.10926522291496354, 5.357218168938772784, -0.09174695092890516879 ) ) ;
#800 = EDGE_CURVE ( 'NONE', #2388, #3625, #790, .T. ) ;
#801 = PRESENTATION_LAYER_ASSIGNMENT (  '', '', ( #1768 ) ) ;
#802 = CARTESIAN_POINT ( 'NONE',  ( -19.68286915483071553, 26.19954656072355448, 1.443228792148473438 ) ) ;
#803 = ORIENTED_EDGE ( 'NONE', *, *, #334, .T. ) ;
#804 = CARTESIAN_POINT ( 'NONE',  ( 25.67263159927027161, -6.813604370028584434, 14.16808408167520028 ) ) ;
#805 = LINE ( 'NONE', #2272, #276 ) ;
#806 = CARTESIAN_POINT ( 'NONE',  ( 25.00056640456855561, 20.34980830484574810, -9.464133138482068830 ) ) ;
#807 = CONICAL_SURFACE ( 'NONE', #3121, 19.89528790399999636, 1.325817663667999913 ) ;
#808 = CIRCLE ( 'NONE', #4317, 4.244109936100000091 ) ;
#809 = LINE ( 'NONE', #2951, #4598 ) ;
#810 = CARTESIAN_POINT ( 'NONE',  ( -19.27588432022671938, 21.09695528069710591, 10.17075220543864233 ) ) ;
#811 = CARTESIAN_POINT ( 'NONE',  ( 0.000000000000000000, -25.00000000000000000, 2.000000000000000000 ) ) ;
#812 = AXIS2_PLACEMENT_3D ( 'NONE', #4188, #3440, #1328 ) ;
#813 = ORIENTED_EDGE ( 'NONE', *, *, #4588, .F. ) ;
#814 = ORIENTED_EDGE ( 'NONE', *, *, #2704, .F. ) ;
#815 = ORIENTED_EDGE ( 'NONE', *, *, #748, .F. ) ;
#816 = CARTESIAN_POINT ( 'NONE',  ( -22.20798793257640469, -11.81034792289671032, -17.25931304276438638 ) ) ;
#817 = AXIS2_PLACEMENT_3D ( 'NONE', #835, #782, #4007 ) ;
#818 = CARTESIAN_POINT ( 'NONE',  ( -25.77135430893170920, 11.62118282736390995, -17.76190397092891615 ) ) ;
#819 = CARTESIAN_POINT ( 'NONE',  ( -25.76993563594643533, -13.07087600111644754, -3.513665601729450749 ) ) ;
#820 = MANIFOLD_SOLID_BREP ( 'Boss-Extrude3', #4438 ) ;
#821 = ORIENTED_EDGE ( 'NONE', *, *, #4333, .F. ) ;
#822 = CARTESIAN_POINT ( 'NONE',  ( -5.190989061817225192, 23.24211600167391722, -19.04113704137431995 ) ) ;
#823 = CARTESIAN_POINT ( 'NONE',  ( -14.58670424713231029, 28.45570909672853688, -13.28798043453939570 ) ) ;
#824 = FACE_OUTER_BOUND ( 'NONE', #1988, .T. ) ;
#825 = EDGE_CURVE ( 'NONE', #4254, #2841, #4115, .T. ) ;
#826 = EDGE_CURVE ( 'NONE', #1116, #683, #3841, .T. ) ;
#827 = CARTESIAN_POINT ( 'NONE',  ( -17.33206884725774799, 23.69561612765053837, -10.19605113197687274 ) ) ;
#828 = ORIENTED_EDGE ( 'NONE', *, *, #3342, .F. ) ;
#829 = CARTESIAN_POINT ( 'NONE',  ( 25.24428199788551552, -8.393348825808621072, 11.43188642128893484 ) ) ;
#830 = CARTESIAN_POINT ( 'NONE',  ( -19.68286915483071553, 26.19954656072355448, -0.09174695092890626513 ) ) ;
#831 = CARTESIAN_POINT ( 'NONE',  ( 10.46942406114836821, 41.35198246893876473, -10.61053236690799118 ) ) ;
#832 = EDGE_CURVE ( 'NONE', #4141, #1887, #1277, .T. ) ;
#833 = CARTESIAN_POINT ( 'NONE',  ( 34.30927729516927371, 15.55908808105873220, 17.57841006907109360 ) ) ;
#834 = ADVANCED_FACE ( 'NONE', ( #3075 ), #3623, .F. ) ;
#835 = CARTESIAN_POINT ( 'NONE',  ( -10.19334038483071758, 25.31795109893877083, -24.20823903192890825 ) ) ;
#836 = CARTESIAN_POINT ( 'NONE',  ( 11.98065852665691899, 17.40849753697578350, 16.72051316296615653 ) ) ;
#837 = CARTESIAN_POINT ( 'NONE',  ( -1.190722704830725398, 5.357218168938772784, -8.591746950928905946 ) ) ;
#838 = VERTEX_POINT ( 'NONE', #4154 ) ;
#839 = VERTEX_POINT ( 'NONE', #4526 ) ;
#840 = ORIENTED_EDGE ( 'NONE', *, *, #2031, .F. ) ;
#841 = CARTESIAN_POINT ( 'NONE',  ( 0.000000000000000000, 0.000000000000000000, 0.000000000000000000 ) ) ;
#842 = CARTESIAN_POINT ( 'NONE',  ( -25.60749589191499709, 10.32198546511939519, -17.76190397092890905 ) ) ;
#843 = CARTESIAN_POINT ( 'NONE',  ( 23.18362287516927722, 5.357218168938772784, -0.09174695092890516879 ) ) ;
#844 = CARTESIAN_POINT ( 'NONE',  ( -25.74758921645380028, -12.97000822681452448, -3.688373711666762755 ) ) ;
#845 = EDGE_LOOP ( 'NONE', ( #1098, #3183 ) ) ;
#846 = ORIENTED_EDGE ( 'NONE', *, *, #457, .F. ) ;
#847 = DIRECTION ( 'NONE',  ( -1.000000000000000000, 0.000000000000000000, 0.000000000000000000 ) ) ;
#848 = CARTESIAN_POINT ( 'NONE',  ( -12.74525142627891938, 30.08860612837179360, -15.07341386714032794 ) ) ;
#849 = CARTESIAN_POINT ( 'NONE',  ( -0.04936135483071932284, 32.49733347892289004, -0.09174695092890515491 ) ) ;
#850 = CARTESIAN_POINT ( 'NONE',  ( 7.386083048942778007, 17.51721320584565333, 18.15713056405293102 ) ) ;
#851 = VERTEX_POINT ( 'NONE', #688 ) ;
#852 =( BOUNDED_SURFACE ( )  B_SPLINE_SURFACE ( 2, 2, ( 
 ( #1232, #137, #3030, #816, #4086, #1978, #3735, #2987, #2333 ),
 ( #178, #3689, #1911, #111, #529, #3666, #482, #3381, #88 ),
 ( #4013, #3338, #4459, #4112, #912, #1507, #4062, #4359, #1156 ) ),
 .UNSPECIFIED., .F., .T., .F. ) 
 B_SPLINE_SURFACE_WITH_KNOTS ( ( 3, 3 ),
 ( 3, 2, 2, 2, 3 ),
 ( -0.4228977318137769892, 0.4228977318137769892 ),
 ( -3.141592653589790007, -1.570796326794899889, 0.000000000000000000, 1.570796326794899889, 3.141592653589790007 ),
 .UNSPECIFIED. ) 
 GEOMETRIC_REPRESENTATION_ITEM ( )  RATIONAL_B_SPLINE_SURFACE ( (
 ( 1.000000000000000000, 0.7071067811865480168, 1.000000000000000000, 0.7071067811865480168, 1.000000000000000000, 0.7071067811865480168, 1.000000000000000000, 0.7071067811865480168, 1.000000000000000000),
 ( 0.9119035279960699958, 0.6448131684339579728, 0.9119035279960699958, 0.6448131684339579728, 0.9119035279960699958, 0.6448131684339579728, 0.9119035279960699958, 0.6448131684339579728, 0.9119035279960699958),
 ( 1.000000000000000000, 0.7071067811865480168, 1.000000000000000000, 0.7071067811865480168, 1.000000000000000000, 0.7071067811865480168, 1.000000000000000000, 0.7071067811865480168, 1.000000000000000000) ) ) 
 REPRESENTATION_ITEM ( '' )  SURFACE ( )  );
#853 = CARTESIAN_POINT ( 'NONE',  ( 25.12268704652035467, -8.893911190951234502, 10.56488697250508757 ) ) ;
#854 = EDGE_CURVE ( 'NONE', #47, #1239, #2601, .T. ) ;
#855 = CARTESIAN_POINT ( 'NONE',  ( -34.40800000483071130, 15.55908808105873220, -17.76190397092890194 ) ) ;
#856 = CARTESIAN_POINT ( 'NONE',  ( -25.24268744969421618, 7.665000713446467273, 17.57841006907110071 ) ) ;
#857 = CARTESIAN_POINT ( 'NONE',  ( 25.19719044504249794, 2.609693553432747226, 17.57841006907109005 ) ) ;
#858 = ADVANCED_FACE ( 'NONE', ( #3228 ), #4217, .F. ) ;
#859 = CARTESIAN_POINT ( 'NONE',  ( -25.56710097857073549, 18.32344618182112939, -12.97389529009383224 ) ) ;
#860 = CARTESIAN_POINT ( 'NONE',  ( -17.78251737695929435, 22.47193704875421005, -9.957131527600884269 ) ) ;
#861 = CARTESIAN_POINT ( 'NONE',  ( 25.41854083425397803, -12.11058273507175365, -5.176942328685111505 ) ) ;
#862 = CARTESIAN_POINT ( 'NONE',  ( -25.90014662483071817, 15.55908808105873220, -17.76190397092890194 ) ) ;
#863 = ORIENTED_EDGE ( 'NONE', *, *, #3425, .T. ) ;
#864 = CARTESIAN_POINT ( 'NONE',  ( 0.6094223824907665232, -25.80355100546741198, -20.28841328621832218 ) ) ;
#865 = CARTESIAN_POINT ( 'NONE',  ( -18.68481789287028505, 21.49412611672452300, 9.948871878901774934 ) ) ;
#866 = DIRECTION ( 'NONE',  ( 0.000000000000000000, -1.000000000000000000, 0.000000000000000000 ) ) ;
#867 = VECTOR ( 'NONE', #247, 999.9999999999998863 ) ;
#868 = CARTESIAN_POINT ( 'NONE',  ( -25.21750609177697200, -10.97859976127106840, -7.137594352610808990 ) ) ;
#869 = DIRECTION ( 'NONE',  ( 0.000000000000000000, 0.5000000000000003331, 0.8660254037844383745 ) ) ;
#870 = ORIENTED_EDGE ( 'NONE', *, *, #4020, .T. ) ;
#871 = CARTESIAN_POINT ( 'NONE',  ( -25.83676224893699569, 17.18655710210455467, 14.75955103687534375 ) ) ;
#872 = CARTESIAN_POINT ( 'NONE',  ( -15.59255502983071828, 25.31795109893877083, -12.08690259452524884 ) ) ;
#873 = CARTESIAN_POINT ( 'NONE',  ( 27.30665951316927931, 5.357218168938774561, 12.38919085345605708 ) ) ;
#874 = CIRCLE ( 'NONE', #268, 8.500000000000000000 ) ;
#875 = CARTESIAN_POINT ( 'NONE',  ( -10.56814677080980580, 41.35198246893876473, 10.42703846505018284 ) ) ;
#876 = ORIENTED_EDGE ( 'NONE', *, *, #473, .T. ) ;
#877 = CARTESIAN_POINT ( 'NONE',  ( 25.08734541370407456, -10.81922902179388402, 7.230138668767313703 ) ) ;
#878 = DIRECTION ( 'NONE',  ( 0.000000000000000000, 1.000000000000000000, 0.000000000000000000 ) ) ;
#879 = CARTESIAN_POINT ( 'NONE',  ( -25.18606812336551570, 7.104502814044228565, 17.57841006907109715 ) ) ;
#880 = VECTOR ( 'NONE', #261, 1000.000000000000000 ) ;
#881 = CARTESIAN_POINT ( 'NONE',  ( -0.8630550849336700026, 41.35198246893876473, 14.44701906541439484 ) ) ;
#882 = CIRCLE ( 'NONE', #1325, 2.617801039999999357 ) ;
#883 = CARTESIAN_POINT ( 'NONE',  ( -25.15774690739660713, 19.94777440356296339, -10.16047628186896823 ) ) ;
#884 = CARTESIAN_POINT ( 'NONE',  ( 15.67956053919400716, 19.84173330591785245, 13.46416559907008548 ) ) ;
#885 = DIRECTION ( 'NONE',  ( 0.000000000000000000, 0.000000000000000000, 1.000000000000000000 ) ) ;
#886 = ADVANCED_FACE ( 'NONE', ( #3956, #3891 ), #2486, .F. ) ;
#887 = AXIS2_PLACEMENT_3D ( 'NONE', #267, #2470, #3146 ) ;
#888 = VERTEX_POINT ( 'NONE', #2118 ) ;
#889 = ORIENTED_EDGE ( 'NONE', *, *, #4356, .F. ) ;
#890 = PLANE ( 'NONE',  #31 ) ;
#891 = CARTESIAN_POINT ( 'NONE',  ( 11.98065852665691899, 17.40849753697578350, 16.72051316296615653 ) ) ;
#892 = CARTESIAN_POINT ( 'NONE',  ( -25.18606812336452450, -9.071944376709089042, 10.25652444933912300 ) ) ;
#893 = CIRCLE ( 'NONE', #2381, 19.63350779999999673 ) ;
#894 = CARTESIAN_POINT ( 'NONE',  ( -25.49678062092129238, -12.03985575428314014, -5.299445052876946782 ) ) ;
#895 = EDGE_LOOP ( 'NONE', ( #2395, #2429 ) ) ;
#896 = ORIENTED_EDGE ( 'NONE', *, *, #832, .T. ) ;
#897 = CARTESIAN_POINT ( 'NONE',  ( -25.90014662483071817, 16.47213204107826101, 15.99697154077339079 ) ) ;
#898 = EDGE_CURVE ( 'NONE', #2686, #2337, #3161, .T. ) ;
#899 = DIRECTION ( 'NONE',  ( 0.000000000000000000, 0.000000000000000000, 1.000000000000000000 ) ) ;
#900 = DIRECTION ( 'NONE',  ( 0.9995120818701392906, 3.825131289025661118E-18, 0.03123456731923740862 ) ) ;
#901 =( GEOMETRIC_REPRESENTATION_CONTEXT ( 3 ) GLOBAL_UNCERTAINTY_ASSIGNED_CONTEXT ( ( #2425 ) ) GLOBAL_UNIT_ASSIGNED_CONTEXT ( ( #3285, #3211, #1150 ) ) REPRESENTATION_CONTEXT ( 'NONE', 'WORKASPACE' ) );
#902 = CARTESIAN_POINT ( 'NONE',  ( 10.70474732710521160, 19.64394391443790866, 16.52340874484822564 ) ) ;
#903 = EDGE_LOOP ( 'NONE', ( #4521, #110, #4085, #2040 ) ) ;
#904 = FACE_OUTER_BOUND ( 'NONE', #1848, .T. ) ;
#905 = CARTESIAN_POINT ( 'NONE',  ( -2.353056203315238459, 16.13172996238151313, 19.45069558483233862 ) ) ;
#906 = LINE ( 'NONE', #472, #2972 ) ;
#907 = CARTESIAN_POINT ( 'NONE',  ( -25.71985517619788908, 17.75266862475710283, -13.96251101874876355 ) ) ;
#908 = CARTESIAN_POINT ( 'NONE',  ( -5.814976250332605012, 15.42809271986726216, 19.09639337443988794 ) ) ;
#909 =( BOUNDED_CURVE ( )  B_SPLINE_CURVE ( 2, ( #3649, #4395, #3347 ),
 .UNSPECIFIED., .F., .F. ) 
 B_SPLINE_CURVE_WITH_KNOTS ( ( 3, 3 ),
 ( 0.000000000000000000, 1.751308635449589923 ),
 .UNSPECIFIED. ) 
 CURVE ( )  GEOMETRIC_REPRESENTATION_ITEM ( )  RATIONAL_B_SPLINE_CURVE ( ( 1.000000000000000000, 1.082392200292400020, 1.000000000000000000 ) ) 
 REPRESENTATION_ITEM ( '' )  );
#910 = CARTESIAN_POINT ( 'NONE',  ( 25.01545782094154902, -9.544275562048275319, -9.621916740190222583 ) ) ;
#911 = VERTEX_POINT ( 'NONE', #1784 ) ;
#912 = CARTESIAN_POINT ( 'NONE',  ( 22.10926522291496354, 5.357218168938772784, -17.25931304276440414 ) ) ;
#913 = CARTESIAN_POINT ( 'NONE',  ( -8.202625357923736260, 16.12757718237552851, -18.68845060178074746 ) ) ;
#914 = EDGE_CURVE ( 'NONE', #4119, #2768, #1316, .T. ) ;
#915 = LINE ( 'NONE', #962, #4169 ) ;
#916 = DIRECTION ( 'NONE',  ( 0.000000000000000000, 1.000000000000000000, -6.098889046747715678E-17 ) ) ;
#917 = CARTESIAN_POINT ( 'NONE',  ( -14.92517034980065205, 41.35198246893876473, -0.09174695092890568227 ) ) ;
#918 = ORIENTED_EDGE ( 'NONE', *, *, #748, .T. ) ;
#919 = ORIENTED_EDGE ( 'NONE', *, *, #938, .T. ) ;
#920 = CARTESIAN_POINT ( 'NONE',  ( -25.74697549668930563, 17.64315141955839650, 13.96870648059804942 ) ) ;
#921 = DIRECTION ( 'NONE',  ( 0.000000000000000000, -0.8660254037844387076, -0.4999999999999998890 ) ) ;
#922 = CARTESIAN_POINT ( 'NONE',  ( -22.20798793257640114, -11.81034792289672986, -0.09174695092890516879 ) ) ;
#923 = EDGE_CURVE ( 'NONE', #2651, #2478, #1912, .T. ) ;
#924 = CARTESIAN_POINT ( 'NONE',  ( -0.04936135483071932978, 38.06336991243877321, -0.09174695092890516879 ) ) ;
#925 = VERTEX_POINT ( 'NONE', #2506 ) ;
#926 = CARTESIAN_POINT ( 'NONE',  ( 25.66662033654160879, -13.04948120657609678, 3.367228571033027418 ) ) ;
#927 = CARTESIAN_POINT ( 'NONE',  ( -0.04936135483071932978, 38.11245368193876715, -0.09174695092890516879 ) ) ;
#928 = CARTESIAN_POINT ( 'NONE',  ( -25.47087228560371841, 9.366321571619396380, 17.57841006907110781 ) ) ;
#929 = CARTESIAN_POINT ( 'NONE',  ( -20.68548862986013859, 5.357218168938772784, -0.09174695092890516879 ) ) ;
#930 = CARTESIAN_POINT ( 'NONE',  ( -25.21905908471473978, 21.70050141975569957, -7.124664038024539181 ) ) ;
#931 = CARTESIAN_POINT ( 'NONE',  ( 10.88782210382118798, 17.36467196436455751, -17.33884392532982233 ) ) ;
#932 = CARTESIAN_POINT ( 'NONE',  ( 25.19719044502038230, -8.571824391565131762, -11.30625157534685421 ) ) ;
#933 = ORIENTED_EDGE ( 'NONE', *, *, #3283, .T. ) ;
#934 = DIRECTION ( 'NONE',  ( 0.000000000000000000, 1.000000000000000000, 0.000000000000000000 ) ) ;
#935 = CARTESIAN_POINT ( 'NONE',  ( -25.21442467116729702, -8.927484696798384078, 10.50673595458959753 ) ) ;
#936 = CARTESIAN_POINT ( 'NONE',  ( -0.04936135483071879548, 41.35198246893876473, 14.78406204404102908 ) ) ;
#937 = ORIENTED_EDGE ( 'NONE', *, *, #1469, .F. ) ;
#938 = EDGE_CURVE ( 'NONE', #2478, #2651, #4302, .T. ) ;
#939 = EDGE_LOOP ( 'NONE', ( #2100, #3448, #1884, #751 ) ) ;
#940 = DIRECTION ( 'NONE',  ( 1.000000000000000000, 0.000000000000000000, 0.000000000000000000 ) ) ;
#941 = CARTESIAN_POINT ( 'NONE',  ( -0.04936135483071932978, 41.35198246893876473, -0.09174695092890516879 ) ) ;
#942 = VERTEX_POINT ( 'NONE', #1805 ) ;
#943 = CARTESIAN_POINT ( 'NONE',  ( -2.626375931101540218, 14.49354571714784257, 19.79358973374560904 ) ) ;
#944 = AXIS2_PLACEMENT_3D ( 'NONE', #3081, #3476, #1005 ) ;
#945 = CARTESIAN_POINT ( 'NONE',  ( 4.032617612470617452, 16.46320510140764881, 19.23511024517979351 ) ) ;
#946 = ORIENTED_EDGE ( 'NONE', *, *, #3186, .T. ) ;
#947 = CARTESIAN_POINT ( 'NONE',  ( 1.809277295169274602, 5.357218168938772784, -0.09174695092890516879 ) ) ;
#948 = CARTESIAN_POINT ( 'NONE',  ( 25.64825278702822331, 11.39096140406270408, 17.57841006907109005 ) ) ;
#949 = ADVANCED_FACE ( 'NONE', ( #2789 ), #4591, .T. ) ;
#950 = DIRECTION ( 'NONE',  ( 0.9238795325112867385, 0.000000000000000000, 0.3826834323650898928 ) ) ;
#951 = CARTESIAN_POINT ( 'NONE',  ( -14.66691765270091175, 22.29616924447597626, -13.19742324522288257 ) ) ;
#952 = B_SPLINE_CURVE_WITH_KNOTS ( 'NONE', 3,
 ( #3872, #627, #673, #2145, #320 ),
 .UNSPECIFIED., .F., .F.,
 ( 4, 1, 4 ),
 ( 0.000000000000000000, 0.5714285714285709528, 1.000000000000000000 ),
 .UNSPECIFIED. ) ;
#953 = CIRCLE ( 'NONE', #1915, 12.27094237500000062 ) ;
#954 = FILL_AREA_STYLE ('',( #224 ) ) ;
#955 = ADVANCED_FACE ( 'NONE', ( #1496 ), #3371, .T. ) ;
#956 = CARTESIAN_POINT ( 'NONE',  ( 25.68125067855962484, 17.48683644767537970, -14.42294585574096288 ) ) ;
#957 = AXIS2_PLACEMENT_3D ( 'NONE', #3445, #4096, #899 ) ;
#958 = CARTESIAN_POINT ( 'NONE',  ( 25.11878338211554507, -8.912573637211236743, -10.71605656924703176 ) ) ;
#959 = EDGE_LOOP ( 'NONE', ( #1286, #2110 ) ) ;
#960 = AXIS2_PLACEMENT_3D ( 'NONE', #3814, #4168, #3108 ) ;
#961 = CARTESIAN_POINT ( 'NONE',  ( -19.68286915483071553, 26.19954656072355448, -0.09174695092890644554 ) ) ;
#962 = CARTESIAN_POINT ( 'NONE',  ( 25.80142391516927702, -15.04652165530114338, -0.09174695092889822989 ) ) ;
#963 = DIRECTION ( 'NONE',  ( 0.000000000000000000, 0.8660254037844387076, 0.4999999999999999445 ) ) ;
#964 = CIRCLE ( 'NONE', #3188, 14.56151828499999823 ) ;
#965 = LINE ( 'NONE', #917, #1981 ) ;
#966 = EDGE_LOOP ( 'NONE', ( #2023, #3215 ) ) ;
#967 = VERTEX_POINT ( 'NONE', #3628 ) ;
#968 = CIRCLE ( 'NONE', #3722, 1.304847777956471999 ) ;
#969 = CARTESIAN_POINT ( 'NONE',  ( -25.50529715786847973, 18.53640799201677680, 12.42154071290530659 ) ) ;
#970 = CARTESIAN_POINT ( 'NONE',  ( 0.000000000000000000, -25.00000000000000000, 0.000000000000000000 ) ) ;
#971 = CARTESIAN_POINT ( 'NONE',  ( 19.88257077305364007, 21.47782558869117864, 8.817054081567558654 ) ) ;
#972 = AXIS2_PLACEMENT_3D ( 'NONE', #628, #1638, #2358 ) ;
#973 = DIRECTION ( 'NONE',  ( -1.000000000000000000, 0.000000000000000000, 0.000000000000000000 ) ) ;
#974 = VERTEX_POINT ( 'NONE', #2976 ) ;
#975 = CARTESIAN_POINT ( 'NONE',  ( -17.31048696233071382, 41.02475733893876964, -0.09174695092890516879 ) ) ;
#976 = CIRCLE ( 'NONE', #297, 8.500000000000000000 ) ;
#977 = DIRECTION ( 'NONE',  ( 1.000000000000000000, 0.000000000000000000, 0.000000000000000000 ) ) ;
#978 = DIRECTION ( 'NONE',  ( 1.000000000000000000, 0.000000000000000000, 0.000000000000000000 ) ) ;
#979 = EDGE_CURVE ( 'NONE', #4118, #1484, #3706, .T. ) ;
#980 = DIRECTION ( 'NONE',  ( 1.000000000000000000, 0.000000000000000000, 0.000000000000000000 ) ) ;
#981 = CARTESIAN_POINT ( 'NONE',  ( -0.04936135483071932978, 38.11245368193876715, -0.09174695092890516879 ) ) ;
#982 = DIRECTION ( 'NONE',  ( 0.000000000000000000, 0.000000000000000000, -1.000000000000000000 ) ) ;
#983 = CARTESIAN_POINT ( 'NONE',  ( 25.66099255523891642, -6.867390103574170901, -14.25841836030968324 ) ) ;
#984 = EDGE_CURVE ( 'NONE', #3241, #74, #2211, .T. ) ;
#985 = ORIENTED_EDGE ( 'NONE', *, *, #246, .T. ) ;
#986 = DIRECTION ( 'NONE',  ( 1.000000000000000000, 0.000000000000000000, 0.000000000000000000 ) ) ;
#987 = CARTESIAN_POINT ( 'NONE',  ( -25.13911657953000400, -10.60251557599477756, 7.605497367574682421 ) ) ;
#988 = CARTESIAN_POINT ( 'NONE',  ( 0.6094223824907665232, 13.48531561448206340, 2.395024432964806493 ) ) ;
#989 = VERTEX_POINT ( 'NONE', #75 ) ;
#990 = CARTESIAN_POINT ( 'NONE',  ( -10.56814677080980580, 41.35198246893876473, 10.42703846505018284 ) ) ;
#991 = DIRECTION ( 'NONE',  ( 0.000000000000000000, 0.4999999999999998890, -0.8660254037844387076 ) ) ;
#992 = DIRECTION ( 'NONE',  ( 1.000000000000000000, 0.000000000000000000, 0.000000000000000000 ) ) ;
#993 = CARTESIAN_POINT ( 'NONE',  ( 25.64886650679231650, 17.63560150954558381, 13.98178330833284022 ) ) ;
#994 = EDGE_LOOP ( 'NONE', ( #1463, #2241, #463, #2915, #4514, #717, #2590, #3670, #2614, #3066, #814, #1355 ) ) ;
#995 = LINE ( 'NONE', #975, #4532 ) ;
#996 = CARTESIAN_POINT ( 'NONE',  ( 34.30927729516927371, 15.55908808105873220, -17.76190397092890194 ) ) ;
#997 = DIRECTION ( 'NONE',  ( 1.000000000000000000, 0.000000000000000000, 0.000000000000000000 ) ) ;
#998 = ADVANCED_FACE ( 'NONE', ( #1850 ), #2202, .T. ) ;
#999 = ORIENTED_EDGE ( 'NONE', *, *, #3903, .F. ) ;
#1000 = PRESENTATION_STYLE_ASSIGNMENT (( #2376 ) ) ;
#1001 = CARTESIAN_POINT ( 'NONE',  ( -22.01226838533919405, 22.61240139924662174, 1.433204803193879995 ) ) ;
#1002 = FACE_OUTER_BOUND ( 'NONE', #4323, .T. ) ;
#1003 = EDGE_LOOP ( 'NONE', ( #1368, #158, #4203 ) ) ;
#1004 = B_SPLINE_CURVE_WITH_KNOTS ( 'NONE', 3,
 ( #2956, #2280, #3687, #456, #4337, #2910, #1862, #2240, #479, #2536, #4357, #4318, #1154, #2629, #3982, #765, #1135, #861, #2608, #3288, #2556, #3707, #2580, #2309, #4184, #3098, #3474, #3436, #2034, #3455, #4455, #227, #3805, #3378, #910, #2053, #1580, #2380, #1300, #2330, #176, #958, #2721, #1677, #2701, #932, #1603, #4529, #1975, #3005, #3754, #1281, #4157, #202, #3026, #3732, #983, #4110, #550, #1256, #2750, #1655, #604, #526, #1631, #3404 ),
 .UNSPECIFIED., .F., .F.,
 ( 4, 1, 1, 1, 1, 1, 1, 1, 2, 2, 1, 1, 1, 1, 2, 2, 1, 1, 1, 1, 1, 1, 1, 2, 2, 2, 1, 1, 1, 1, 1, 1, 1, 2, 2, 1, 1, 1, 1, 2, 2, 1, 1, 1, 1, 1, 1, 1, 2, 2, 4 ),
 ( 0.000000000000000000, 0.06250000000001569578, 0.09375000000002353673, 0.1093750000000274919, 0.1171875000000294070, 0.1210937500000303507, 0.1230468750000309336, 0.1240234375000312528, 0.1245117187500315165, 0.1250000000000317801, 0.1875000000000555944, 0.2187500000000674738, 0.2343750000000734690, 0.2421875000000764666, 0.2460937500000780764, 0.2500000000000796585, 0.3125000000001054712, 0.3437500000001183498, 0.3593750000001247891, 0.3671875000001278977, 0.3710937500001292855, 0.3730468750001300626, 0.3740234375001304512, 0.3745117187501303957, 0.3750000000001303957, 0.5000000000001249001, 0.5625000000001220135, 0.5937500000001204592, 0.6093750000001196820, 0.6171875000001192380, 0.6210937500001190159, 0.6230468750001186828, 0.6240234375001186828, 0.6245117187501185718, 0.6250000000001184608, 0.6875000000000984768, 0.7187500000000885958, 0.7343750000000835998, 0.7421875000000812683, 0.7460937500000801581, 0.7500000000000789369, 0.8125000000000616174, 0.8437500000000529576, 0.8593750000000486278, 0.8671875000000465183, 0.8710937500000452971, 0.8730468750000447420, 0.8740234375000441869, 0.8745117187500440759, 0.8750000000000439648, 1.000000000000000000 ),
 .UNSPECIFIED. ) ;
#1005 = DIRECTION ( 'NONE',  ( 1.000000000000000000, 0.000000000000000000, 0.000000000000000000 ) ) ;
#1006 = CARTESIAN_POINT ( 'NONE',  ( 1.809277295169274602, 5.357218168938772784, -0.09174695092890516879 ) ) ;
#1007 = CARTESIAN_POINT ( 'NONE',  ( -0.04936135483071932978, 41.35198246893876473, -0.09174695092890516879 ) ) ;
#1008 = ORIENTED_EDGE ( 'NONE', *, *, #3456, .T. ) ;
#1009 = CARTESIAN_POINT ( 'NONE',  ( -0.7081450921521601494, -25.80355100546741198, -20.28841328621832218 ) ) ;
#1010 = CARTESIAN_POINT ( 'NONE',  ( -0.04936135483071932978, 41.35198246893876473, -0.09174695092890516879 ) ) ;
#1011 = DIRECTION ( 'NONE',  ( 0.000000000000000000, 1.000000000000000000, 0.000000000000000000 ) ) ;
#1012 = CARTESIAN_POINT ( 'NONE',  ( 25.80142391516927702, 16.47213204107826101, 15.99697154077339079 ) ) ;
#1013 = ORIENTED_EDGE ( 'NONE', *, *, #4569, .F. ) ;
#1014 = CARTESIAN_POINT ( 'NONE',  ( 25.80142391516927702, 15.55908808105873220, 17.57841006907109360 ) ) ;
#1015 = CARTESIAN_POINT ( 'NONE',  ( -7.910830649581047425, 30.22436255271048466, -18.08610375754052058 ) ) ;
#1016 = DIRECTION ( 'NONE',  ( 0.000000000000000000, 0.000000000000000000, -1.000000000000000000 ) ) ;
#1017 = AXIS2_PLACEMENT_3D ( 'NONE', #2723, #4508, #650 ) ;
#1018 = ORIENTED_EDGE ( 'NONE', *, *, #652, .T. ) ;
#1019 = AXIS2_PLACEMENT_3D ( 'NONE', #2101, #2138, #333 ) ;
#1020 = CARTESIAN_POINT ( 'NONE',  ( 25.37214957594231279, 9.366321571619813824, -17.76190397092889839 ) ) ;
#1021 = CARTESIAN_POINT ( 'NONE',  ( 1.647556585456438683, 14.64346129842377664, -19.96411796777670844 ) ) ;
#1022 = DIRECTION ( 'NONE',  ( -0.000000000000000000, 1.000000000000000000, 0.000000000000000000 ) ) ;
#1023 = VECTOR ( 'NONE', #940, 1000.000000000000000 ) ;
#1024 = DIRECTION ( 'NONE',  ( 0.000000000000000000, 1.000000000000000000, 0.000000000000000000 ) ) ;
#1025 = VECTOR ( 'NONE', #2500, 1000.000000000000000 ) ;
#1026 = PLANE ( 'NONE',  #2149 ) ;
#1027 = CARTESIAN_POINT ( 'NONE',  ( -25.65045932222311720, 0.08691363731028996231, -17.76190397092890549 ) ) ;
#1028 = EDGE_CURVE ( 'NONE', #1558, #942, #4229, .T. ) ;
#1029 = EDGE_LOOP ( 'NONE', ( #1207, #1657 ) ) ;
#1030 = FACE_OUTER_BOUND ( 'NONE', #2389, .T. ) ;
#1031 = CARTESIAN_POINT ( 'NONE',  ( 19.58414644516928149, 35.46193012893877494, -0.09174695092890276793 ) ) ;
#1032 = CIRCLE ( 'NONE', #3047, 8.500000000000000000 ) ;
#1033 = DIRECTION ( 'NONE',  ( 1.000000000000000000, 0.000000000000000000, 0.000000000000000000 ) ) ;
#1034 = ORIENTED_EDGE ( 'NONE', *, *, #3857, .F. ) ;
#1035 = CIRCLE ( 'NONE', #3643, 17.16756609183550353 ) ;
#1036 = EDGE_CURVE ( 'NONE', #488, #3831, #2821, .T. ) ;
#1037 = FACE_OUTER_BOUND ( 'NONE', #3370, .T. ) ;
#1038 = EDGE_LOOP ( 'NONE', ( #2453, #1216, #3780, #2521 ) ) ;
#1039 = CARTESIAN_POINT ( 'NONE',  ( -25.50529715786829144, 1.109988078736153794, 17.57841006907110426 ) ) ;
#1040 = CARTESIAN_POINT ( 'NONE',  ( 25.04037044227912290, 6.670851119821382014, 17.57841006907108650 ) ) ;
#1041 = DIRECTION ( 'NONE',  ( 0.000000000000000000, 1.000000000000000000, -1.224646799147353207E-16 ) ) ;
#1042 = AXIS2_PLACEMENT_3D ( 'NONE', #2567, #3622, #4265 ) ;
#1043 = VERTEX_POINT ( 'NONE', #618 ) ;
#1044 = VECTOR ( 'NONE', #4478, 1000.000000000000000 ) ;
#1045 = CARTESIAN_POINT ( 'NONE',  ( 25.28959109318967791, 8.784070998925834317, -17.76190397092889839 ) ) ;
#1046 = CARTESIAN_POINT ( 'NONE',  ( -17.32957858245169191, 23.69863451316163960, 10.01112515112949986 ) ) ;
#1047 = FACE_OUTER_BOUND ( 'NONE', #2354, .T. ) ;
#1048 = CARTESIAN_POINT ( 'NONE',  ( -25.90014662483071817, -5.757695703200715442, -16.18046544263119912 ) ) ;
#1049 = CARTESIAN_POINT ( 'NONE',  ( 25.80142391516927702, -4.844651743181184855, -17.76190397092890194 ) ) ;
#1050 = FACE_OUTER_BOUND ( 'NONE', #1392, .T. ) ;
#1051 = VERTEX_POINT ( 'NONE', #1995 ) ;
#1052 = ADVANCED_FACE ( 'NONE', ( #2416 ), #3837, .T. ) ;
#1053 = CARTESIAN_POINT ( 'NONE',  ( -25.48361335433018837, 22.70876243693853880, 5.194810827114964447 ) ) ;
#1054 = DIRECTION ( 'NONE',  ( -0.000000000000000000, -1.000000000000000000, -0.000000000000000000 ) ) ;
#1055 = CARTESIAN_POINT ( 'NONE',  ( -0.04936135483071932978, 5.357218168938772784, -0.09174695092890516879 ) ) ;
#1056 = ORIENTED_EDGE ( 'NONE', *, *, #307, .T. ) ;
#1057 = CARTESIAN_POINT ( 'NONE',  ( 25.12542757119617676, 21.72460418391057146, 6.899422924047653893 ) ) ;
#1058 = ORIENTED_EDGE ( 'NONE', *, *, #770, .F. ) ;
#1059 = CARTESIAN_POINT ( 'NONE',  ( -25.50915259998168239, 1.083359140371102702, 17.57841006907111137 ) ) ;
#1060 = CARTESIAN_POINT ( 'NONE',  ( -4.836123088325148700, 25.98803147634069077, -19.13279880764318364 ) ) ;
#1061 = EDGE_CURVE ( 'NONE', #1594, #371, #953, .T. ) ;
#1062 = VERTEX_POINT ( 'NONE', #637 ) ;
#1063 = CARTESIAN_POINT ( 'NONE',  ( 25.67162080496138188, 11.61163420281372360, -17.76190397092889839 ) ) ;
#1064 = CARTESIAN_POINT ( 'NONE',  ( 1.524905075173368596, 15.72907523261213569, -19.74590119652771847 ) ) ;
#1065 = CARTESIAN_POINT ( 'NONE',  ( 25.64886650679452273, 23.68444456469930159, -3.688373711654262532 ) ) ;
#1066 = FACE_OUTER_BOUND ( 'NONE', #1427, .T. ) ;
#1067 = CYLINDRICAL_SURFACE ( 'NONE', #1691, 12.27094237499999885 ) ;
#1068 = CARTESIAN_POINT ( 'NONE',  ( -25.76937346340240609, -6.822939217945204859, 14.15191565080267821 ) ) ;
#1069 = CARTESIAN_POINT ( 'NONE',  ( -25.76534304620471616, -0.8505708457452675342, -17.76190397092890194 ) ) ;
#1070 = ORIENTED_EDGE ( 'NONE', *, *, #3020, .F. ) ;
#1071 = DIRECTION ( 'NONE',  ( -0.3826834323650898928, 0.000000000000000000, -0.9238795325112867385 ) ) ;
#1072 = CYLINDRICAL_SURFACE ( 'NONE', #2002, 9.000000000000000000 ) ;
#1073 = DIRECTION ( 'NONE',  ( -1.000000000000000000, 0.000000000000000000, 0.000000000000000000 ) ) ;
#1074 = ORIENTED_EDGE ( 'NONE', *, *, #2409, .T. ) ;
#1075 = EDGE_CURVE ( 'NONE', #513, #1594, #2069, .T. ) ;
#1076 = ORIENTED_EDGE ( 'NONE', *, *, #738, .T. ) ;
#1077 = CARTESIAN_POINT ( 'NONE',  ( -25.69547617590067645, -0.2535642657376797060, 17.57841006907110781 ) ) ;
#1078 = DIRECTION ( 'NONE',  ( 0.000000000000000000, 1.000000000000000000, 0.000000000000000000 ) ) ;
#1079 = CARTESIAN_POINT ( 'NONE',  ( 19.91137157516928013, 38.11245368193876715, -0.09174695092890516879 ) ) ;
#1080 = EDGE_CURVE ( 'NONE', #30, #3619, #1620, .T. ) ;
#1081 = VERTEX_POINT ( 'NONE', #1648 ) ;
#1082 = CARTESIAN_POINT ( 'NONE',  ( -0.04936135483071932978, 41.35198246893876473, -0.09174695092890516879 ) ) ;
#1083 = CARTESIAN_POINT ( 'NONE',  ( -5.398049191283336157, 16.61825668722726590, 18.90553636650522762 ) ) ;
#1084 = CARTESIAN_POINT ( 'NONE',  ( 25.55173661255290796, 23.29517530289199456, -4.362607850929340891 ) ) ;
#1085 = CARTESIAN_POINT ( 'NONE',  ( 25.01547829464076855, 4.554399353685478324, 17.57841006907109005 ) ) ;
#1086 = ADVANCED_FACE ( 'NONE', ( #904 ), #4444, .T. ) ;
#1087 = DIRECTION ( 'NONE',  ( 0.000000000000000000, 0.000000000000000000, 1.000000000000000000 ) ) ;
#1088 = CARTESIAN_POINT ( 'NONE',  ( -21.60547483878146480, 22.38405358262276579, -4.663756919123868805 ) ) ;
#1089 = AXIS2_PLACEMENT_3D ( 'NONE', #4005, #1522, #1149 ) ;
#1090 = DIRECTION ( 'NONE',  ( 0.000000000000000000, 0.000000000000000000, -1.000000000000000000 ) ) ;
#1091 = ORIENTED_EDGE ( 'NONE', *, *, #1798, .F. ) ;
#1092 = AXIS2_PLACEMENT_3D ( 'NONE', #1417, #3919, #676 ) ;
#1093 = DIRECTION ( 'NONE',  ( 1.000000000000000000, 0.000000000000000000, -0.000000000000000000 ) ) ;
#1094 = CARTESIAN_POINT ( 'NONE',  ( -15.48457073693071706, 25.31795109893877083, -19.72525475092890446 ) ) ;
#1095 = CARTESIAN_POINT ( 'NONE',  ( -0.04936135483071931590, 5.357218168938771008, -27.23186226091302231 ) ) ;
#1096 = AXIS2_PLACEMENT_3D ( 'NONE', #2611, #2191, #2517 ) ;
#1097 = ORIENTED_EDGE ( 'NONE', *, *, #1426, .T. ) ;
#1098 = ORIENTED_EDGE ( 'NONE', *, *, #76, .T. ) ;
#1099 = AXIS2_PLACEMENT_3D ( 'NONE', #1727, #3879, #2433 ) ;
#1100 = CARTESIAN_POINT ( 'NONE',  ( -25.88396337992167062, -2.231360411124209797, 17.57841006907109715 ) ) ;
#1101 = CARTESIAN_POINT ( 'NONE',  ( 25.00054300605775381, 5.357218168938779890, 17.57841006907109360 ) ) ;
#1102 = CARTESIAN_POINT ( 'NONE',  ( 14.82644764013921268, 48.15826517293877629, -0.09174695092890516879 ) ) ;
#1103 = CIRCLE ( 'NONE', #1704, 1.304999999999999938 ) ;
#1104 = ORIENTED_EDGE ( 'NONE', *, *, #307, .F. ) ;
#1105 = CARTESIAN_POINT ( 'NONE',  ( 25.66662033654223762, 11.56500718361297331, -17.76190397092890194 ) ) ;
#1106 = ADVANCED_FACE ( 'NONE', ( #1294 ), #1314, .T. ) ;
#1107 = CIRCLE ( 'NONE', #356, 8.500000000000000000 ) ;
#1108 = CARTESIAN_POINT ( 'NONE',  ( 20.03551202752317195, 24.09478227540878947, -3.021268133100253550 ) ) ;
#1109 = CARTESIAN_POINT ( 'NONE',  ( 25.50877318226112678, 18.17763938900347398, -13.22644006334267530 ) ) ;
#1110 = LINE ( 'NONE', #2122, #3403 ) ;
#1111 = EDGE_CURVE ( 'NONE', #605, #3241, #995, .T. ) ;
#1112 = CARTESIAN_POINT ( 'NONE',  ( 1.809277295169274602, 5.357218168938772784, -0.09174695092890516879 ) ) ;
#1113 = FACE_OUTER_BOUND ( 'NONE', #1767, .T. ) ;
#1114 = CARTESIAN_POINT ( 'NONE',  ( -25.09926571571919496, 5.357218168938767455, -17.76190397092890194 ) ) ;
#1115 = EDGE_CURVE ( 'NONE', #298, #4097, #4102, .T. ) ;
#1116 = VERTEX_POINT ( 'NONE', #4175 ) ;
#1117 = CARTESIAN_POINT ( 'NONE',  ( -25.50529715786847618, 9.604448259142674971, -17.76190397092890905 ) ) ;
#1118 = LINE ( 'NONE', #792, #3633 ) ;
#1119 = CARTESIAN_POINT ( 'NONE',  ( -25.90014662483071817, -4.844651743181184855, 17.57841006907109360 ) ) ;
#1120 = ORIENTED_EDGE ( 'NONE', *, *, #707, .F. ) ;
#1121 = ORIENTED_EDGE ( 'NONE', *, *, #3889, .T. ) ;
#1122 = DIRECTION ( 'NONE',  ( 1.000000000000000000, 0.000000000000000000, 0.000000000000000000 ) ) ;
#1123 = CARTESIAN_POINT ( 'NONE',  ( -15.01979555306812308, 27.76253329473018638, -12.79629699630144302 ) ) ;
#1124 = CARTESIAN_POINT ( 'NONE',  ( 23.18362287516927722, 5.357218168938772784, -19.64649504673220193 ) ) ;
#1125 = CARTESIAN_POINT ( 'NONE',  ( -19.33712679565189418, 25.27167196487996748, 4.407241594032261567 ) ) ;
#1126 = ORIENTED_EDGE ( 'NONE', *, *, #2767, .F. ) ;
#1127 = CARTESIAN_POINT ( 'NONE',  ( 25.13114499916118660, -8.854545968573201975, 10.63306953771508567 ) ) ;
#1128 = CARTESIAN_POINT ( 'NONE',  ( 19.66141048594407081, 26.26202289126317879, -3.220009110624102444 ) ) ;
#1129 = CARTESIAN_POINT ( 'NONE',  ( 25.08734541370408522, 21.53366535967681017, -7.413632570615802386 ) ) ;
#1130 = EDGE_CURVE ( 'NONE', #3812, #1239, #2396, .T. ) ;
#1131 = CARTESIAN_POINT ( 'NONE',  ( 23.18362287516927722, 5.357218168938772784, -0.09174695092890516879 ) ) ;
#1132 = DIRECTION ( 'NONE',  ( 0.000000000000000000, -0.8660254037844387076, 0.4999999999999998890 ) ) ;
#1133 = CARTESIAN_POINT ( 'NONE',  ( 25.80142391516927702, 24.84791403315915304, -1.673185479226646510 ) ) ;
#1134 = CARTESIAN_POINT ( 'NONE',  ( -34.40800000483071130, 15.55908808105873220, 17.57841006907109360 ) ) ;
#1135 = CARTESIAN_POINT ( 'NONE',  ( 25.43058270666231735, -12.15234197974954178, -5.104613195217480026 ) ) ;
#1136 = CARTESIAN_POINT ( 'NONE',  ( 25.66932541646270138, 17.54357697954477757, 14.14117446983686222 ) ) ;
#1137 = PLANE ( 'NONE',  #1096 ) ;
#1138 = ADVANCED_FACE ( 'NONE', ( #4611 ), #3951, .T. ) ;
#1139 = CARTESIAN_POINT ( 'NONE',  ( -25.90014662483071817, -4.844651743181184855, -17.76190397092890194 ) ) ;
#1140 = EDGE_LOOP ( 'NONE', ( #458, #68 ) ) ;
#1141 = CARTESIAN_POINT ( 'NONE',  ( -5.595740300318183813, 22.48786075887132796, -18.92564043159725884 ) ) ;
#1142 = CARTESIAN_POINT ( 'NONE',  ( 25.12040063756699837, 3.275647655744385212, -17.76190397092889484 ) ) ;
#1143 = DIRECTION ( 'NONE',  ( 0.000000000000000000, -1.000000000000000000, 5.697667218914260421E-16 ) ) ;
#1144 = CARTESIAN_POINT ( 'NONE',  ( -19.68286915483071553, 25.55339647824940386, -1.592093230799337400 ) ) ;
#1145 = VERTEX_POINT ( 'NONE', #3885 ) ;
#1146 = CARTESIAN_POINT ( 'NONE',  ( 25.67430879347532979, -6.805655622194101362, 14.18185171678108425 ) ) ;
#1147 = DIRECTION ( 'NONE',  ( 1.000000000000000000, 0.000000000000000000, 0.000000000000000000 ) ) ;
#1148 = CARTESIAN_POINT ( 'NONE',  ( 25.43058270667238574, 18.45326775656607055, -12.74903772671697233 ) ) ;
#1149 = DIRECTION ( 'NONE',  ( 1.000000000000000000, 0.000000000000000000, 0.000000000000000000 ) ) ;
#1150 =( NAMED_UNIT ( * ) SI_UNIT ( $, .STERADIAN. ) SOLID_ANGLE_UNIT ( ) );
#1151 = CARTESIAN_POINT ( 'NONE',  ( 16.12195600866595413, 19.44621948534901534, 13.67353205376389269 ) ) ;
#1152 = CARTESIAN_POINT ( 'NONE',  ( -11.96226521082558492, 20.20402629314604681, -15.71071362250547132 ) ) ;
#1153 = VECTOR ( 'NONE', #4410, 1000.000000000000000 ) ;
#1154 = CARTESIAN_POINT ( 'NONE',  ( 25.64825278700313760, -12.96245831669254223, -3.701450539590608546 ) ) ;
#1155 = ORIENTED_EDGE ( 'NONE', *, *, #2817, .F. ) ;
#1156 = CARTESIAN_POINT ( 'NONE',  ( 22.10926522291496354, 5.357218168938772784, 17.07581914090659936 ) ) ;
#1157 = AXIS2_PLACEMENT_3D ( 'NONE', #981, #3823, #294 ) ;
#1158 = CARTESIAN_POINT ( 'NONE',  ( -25.34300470754171997, 8.461693915766115737, -17.76190397092890905 ) ) ;
#1159 = EDGE_CURVE ( 'NONE', #1688, #3831, #373, .T. ) ;
#1160 = EDGE_CURVE ( 'NONE', #4371, #771, #344, .T. ) ;
#1161 = DIRECTION ( 'NONE',  ( 1.000000000000000000, 0.000000000000000000, 0.000000000000000000 ) ) ;
#1162 = CARTESIAN_POINT ( 'NONE',  ( -25.21812614596690238, -10.98158538972806220, -7.132423092430779654 ) ) ;
#1163 = B_SPLINE_CURVE_WITH_KNOTS ( 'NONE', 3,
 ( #1212, #1890, #2964, #4386, #2586 ),
 .UNSPECIFIED., .F., .F.,
 ( 4, 1, 4 ),
 ( 0.000000000000000000, 0.5714285714285709528, 1.000000000000000000 ),
 .UNSPECIFIED. ) ;
#1164 = ORIENTED_EDGE ( 'NONE', *, *, #713, .T. ) ;
#1165 = CIRCLE ( 'NONE', #1616, 2.617801039999999357 ) ;
#1166 = ORIENTED_EDGE ( 'NONE', *, *, #3399, .F. ) ;
#1167 = CARTESIAN_POINT ( 'NONE',  ( -9.741070788534715419, 19.93837873945972561, -17.16647027935861658 ) ) ;
#1168 = CARTESIAN_POINT ( 'NONE',  ( -14.84224532261011653, 28.08771939177388077, -13.00471146250721333 ) ) ;
#1169 = AXIS2_PLACEMENT_3D ( 'NONE', #4567, #543, #2372 ) ;
#1170 = CARTESIAN_POINT ( 'NONE',  ( 22.10926522291496354, 5.357218168938772784, -17.25931304276440414 ) ) ;
#1171 = EDGE_CURVE ( 'NONE', #169, #989, #1403, .T. ) ;
#1172 = AXIS2_PLACEMENT_3D ( 'NONE', #3743, #279, #537 ) ;
#1173 = CARTESIAN_POINT ( 'NONE',  ( -2.679025263934492695, 15.73094417303499881, -19.74543060497520486 ) ) ;
#1174 = ORIENTED_EDGE ( 'NONE', *, *, #1413, .F. ) ;
#1175 = DIRECTION ( 'NONE',  ( -0.9238795325112867385, 0.000000000000000000, 0.3826834323650899483 ) ) ;
#1176 = DIRECTION ( 'NONE',  ( 0.000000000000000000, 1.000000000000000000, 1.836597269759255432E-16 ) ) ;
#1177 = CARTESIAN_POINT ( 'NONE',  ( -25.76534304620306770, 11.56500718360891256, 17.57841006907109715 ) ) ;
#1178 = VECTOR ( 'NONE', #1904, 1000.000000000000000 ) ;
#1179 = APPLICATION_PROTOCOL_DEFINITION ( 'draft international standard', 'automotive_design', 1998, #1385 ) ;
#1180 = AXIS2_PLACEMENT_3D ( 'NONE', #1124, #3247, #42 ) ;
#1181 = CARTESIAN_POINT ( 'NONE',  ( -34.40800000483071130, 5.357218168938772784, -0.09174695092890516879 ) ) ;
#1182 = FACE_OUTER_BOUND ( 'NONE', #4235, .T. ) ;
#1183 = CARTESIAN_POINT ( 'NONE',  ( 20.58676592019870100, 5.357218168938774561, -12.36268932592890302 ) ) ;
#1184 = CARTESIAN_POINT ( 'NONE',  ( -14.68894237989199603, 22.32902326263751647, -13.17279930778334140 ) ) ;
#1185 = ORIENTED_EDGE ( 'NONE', *, *, #1796, .F. ) ;
#1186 = ORIENTED_EDGE ( 'NONE', *, *, #4279, .F. ) ;
#1187 = CARTESIAN_POINT ( 'NONE',  ( 10.46942406114836821, 48.15826517293877629, 10.42703846505018284 ) ) ;
#1188 = AXIS2_PLACEMENT_3D ( 'NONE', #4378, #2927, #2858 ) ;
#1189 = CARTESIAN_POINT ( 'NONE',  ( -25.78897110381498692, 11.79162075053736913, -17.76190397092890905 ) ) ;
#1190 = CARTESIAN_POINT ( 'NONE',  ( -25.11418053060299371, -10.34689783643277039, -8.231734181669798645 ) ) ;
#1191 = EDGE_CURVE ( 'NONE', #3890, #348, #1991, .T. ) ;
#1192 = VERTEX_POINT ( 'NONE', #3223 ) ;
#1193 = CARTESIAN_POINT ( 'NONE',  ( -6.354753779431457694, 21.51566301794739999, -18.68586378912783985 ) ) ;
#1194 = CARTESIAN_POINT ( 'NONE',  ( 25.68125067855960353, -0.9891550099415598041, -17.76190397092889484 ) ) ;
#1195 = DIRECTION ( 'NONE',  ( 0.000000000000000000, 0.000000000000000000, -1.000000000000000000 ) ) ;
#1196 = EDGE_CURVE ( 'NONE', #2808, #371, #17, .T. ) ;
#1197 = CARTESIAN_POINT ( 'NONE',  ( -5.398049191283336157, 16.61825668722726590, 18.90553636650522762 ) ) ;
#1198 = VERTEX_POINT ( 'NONE', #1442 ) ;
#1199 = CARTESIAN_POINT ( 'NONE',  ( 25.68125067855959998, -6.772400109801083090, 14.23945195387753060 ) ) ;
#1200 = CARTESIAN_POINT ( 'NONE',  ( -0.04936135483071932978, 41.35198246893876473, -0.09174695092890516879 ) ) ;
#1201 = ADVANCED_FACE ( 'NONE', ( #2804 ), #4601, .F. ) ;
#1202 = CARTESIAN_POINT ( 'NONE',  ( -25.74758921645382159, 11.40606122408552459, 17.57841006907109715 ) ) ;
#1203 = SHAPE_REPRESENTATION ( 'inner stopper of waste valve custom nv', ( #3876 ), #1860 ) ;
#1204 = CARTESIAN_POINT ( 'NONE',  ( 1.102182119232617714E-15, 3.000000000000000000, 9.000000000000000000 ) ) ;
#1205 = CARTESIAN_POINT ( 'NONE',  ( -25.49678062092111475, 18.56575398207732519, -12.55420586897985125 ) ) ;
#1206 = CARTESIAN_POINT ( 'NONE',  ( -14.39481897654373022, 19.04728953184065077, -15.14912677184180900 ) ) ;
#1207 = ORIENTED_EDGE ( 'NONE', *, *, #1061, .T. ) ;
#1208 = ORIENTED_EDGE ( 'NONE', *, *, #2925, .T. ) ;
#1209 = EDGE_LOOP ( 'NONE', ( #2846, #4473, #1342, #3761 ) ) ;
#1210 = FACE_OUTER_BOUND ( 'NONE', #2505, .T. ) ;
#1211 = CARTESIAN_POINT ( 'NONE',  ( 0.7934203173312338597, 14.54912369759621349, 19.85779643810211681 ) ) ;
#1212 = CARTESIAN_POINT ( 'NONE',  ( -22.01226838533919405, 22.61240139924662529, -0.09174695092890562675 ) ) ;
#1213 = CARTESIAN_POINT ( 'NONE',  ( -25.09928911423256892, -9.635371967037674068, -9.464133138361724207 ) ) ;
#1214 = LINE ( 'NONE', #1661, #487 ) ;
#1215 = EDGE_LOOP ( 'NONE', ( #4607, #2727, #4274, #3389 ) ) ;
#1216 = ORIENTED_EDGE ( 'NONE', *, *, #1918, .T. ) ;
#1217 = DIRECTION ( 'NONE',  ( 0.000000000000000000, 1.000000000000000000, 0.000000000000000000 ) ) ;
#1218 = CARTESIAN_POINT ( 'NONE',  ( 25.43058270667003029, 0.9437076078490587161, -17.76190397092889484 ) ) ;
#1219 = CARTESIAN_POINT ( 'NONE',  ( -22.20798793257640114, 5.357218168938772784, -17.25931304276440414 ) ) ;
#1220 = CARTESIAN_POINT ( 'NONE',  ( 4.093211355271122898, 16.21311806028395708, 19.22581141925796544 ) ) ;
#1221 = CARTESIAN_POINT ( 'NONE',  ( 25.80142391516928413, -5.906961559590220290, 15.73843549367149741 ) ) ;
#1222 = FACE_OUTER_BOUND ( 'NONE', #3930, .T. ) ;
#1223 = CARTESIAN_POINT ( 'NONE',  ( -25.75971526490051033, 11.51361136027377974, 17.57841006907109360 ) ) ;
#1224 = EDGE_CURVE ( 'NONE', #1633, #1313, #286, .T. ) ;
#1225 = DIRECTION ( 'NONE',  ( 0.000000000000000000, -1.000000000000000000, 0.000000000000000000 ) ) ;
#1226 = CARTESIAN_POINT ( 'NONE',  ( -25.21950078059744271, 21.70261336666169072, -7.121006038680501860 ) ) ;
#1227 = CARTESIAN_POINT ( 'NONE',  ( 4.245185440945691724, 15.62957568417204079, 19.26149501958983024 ) ) ;
#1228 = CARTESIAN_POINT ( 'NONE',  ( 19.91137157516928013, 40.69753220893876744, -0.09174695092890516879 ) ) ;
#1229 = EDGE_CURVE ( 'NONE', #3222, #3611, #329, .T. ) ;
#1230 = ORIENTED_EDGE ( 'NONE', *, *, #1367, .T. ) ;
#1231 = ORIENTED_EDGE ( 'NONE', *, *, #2689, .F. ) ;
#1232 = CARTESIAN_POINT ( 'NONE',  ( -22.20798793257640114, 5.357218168938772784, 17.07581914090659936 ) ) ;
#1233 = CARTESIAN_POINT ( 'NONE',  ( -14.77231647358054900, 18.65685507163431112, -15.34819708948109707 ) ) ;
#1234 = CARTESIAN_POINT ( 'NONE',  ( -25.50915259997939444, -12.08251621351418770, 5.042061068156740156 ) ) ;
#1235 = CIRCLE ( 'NONE', #3844, 5.399214644999999813 ) ;
#1236 = CARTESIAN_POINT ( 'NONE',  ( -25.22986770883200691, -8.854545968529922817, -10.81656343964785272 ) ) ;
#1237 = EDGE_LOOP ( 'NONE', ( #405, #1782, #2415, #3537, #3505, #3807, #2620, #1174, #109, #3323 ) ) ;
#1238 = CIRCLE ( 'NONE', #3995, 2.000000000000000000 ) ;
#1239 = VERTEX_POINT ( 'NONE', #4045 ) ;
#1240 = CARTESIAN_POINT ( 'NONE',  ( -25.50915259998242846, 18.52309352283239008, 12.44460205000847708 ) ) ;
#1241 = LINE ( 'NONE', #214, #2582 ) ;
#1242 = PLANE ( 'NONE',  #3650 ) ;
#1243 = VECTOR ( 'NONE', #1071, 1000.000000000000000 ) ;
#1244 = CARTESIAN_POINT ( 'NONE',  ( 25.78524067026024369, 24.45431232714951264, 2.171429730123305646 ) ) ;
#1245 = ORIENTED_EDGE ( 'NONE', *, *, #713, .F. ) ;
#1246 = AXIS2_PLACEMENT_3D ( 'NONE', #3490, #3157, #3178 ) ;
#1247 = CARTESIAN_POINT ( 'NONE',  ( 25.67158641261538321, -13.07263367429405143, 3.327127320624946094 ) ) ;
#1248 = CARTESIAN_POINT ( 'NONE',  ( -13.52475714578791610, 21.38794036784090125, 14.66638826063354806 ) ) ;
#1249 = CARTESIAN_POINT ( 'NONE',  ( -25.48361335432825925, 9.454696968561778547, 17.57841006907110071 ) ) ;
#1250 = VECTOR ( 'NONE', #878, 1000.000000000000000 ) ;
#1251 = EDGE_CURVE ( 'NONE', #1484, #967, #2267, .T. ) ;
#1252 = CARTESIAN_POINT ( 'NONE',  ( 25.64886650679451563, -0.6916248862220423232, 17.57841006907109005 ) ) ;
#1253 = AXIS2_PLACEMENT_3D ( 'NONE', #1010, #304, #1396 ) ;
#1254 = CARTESIAN_POINT ( 'NONE',  ( -25.21016942240549952, 19.66274328620185230, -10.65416465887651754 ) ) ;
#1255 = CARTESIAN_POINT ( 'NONE',  ( 18.28386092244041450, 22.87492125318721747, 8.447126611735738422 ) ) ;
#1256 = CARTESIAN_POINT ( 'NONE',  ( 25.67065075374067717, -6.822939217946542456, -14.33540955265816841 ) ) ;
#1257 = AXIS2_PLACEMENT_3D ( 'NONE', #3662, #3939, #1482 ) ;
#1258 = ORIENTED_EDGE ( 'NONE', *, *, #1568, .T. ) ;
#1259 = CARTESIAN_POINT ( 'NONE',  ( -23.28234558483071481, 5.357218168938772784, -0.09174695092890516879 ) ) ;
#1260 = CARTESIAN_POINT ( 'NONE',  ( 1.583127567953576786, 15.17566610988907350, -19.79732613829922983 ) ) ;
#1261 = DIRECTION ( 'NONE',  ( 1.000000000000000000, 0.000000000000000000, 0.000000000000000000 ) ) ;
#1262 = CIRCLE ( 'NONE', #4178, 14.56151828499999823 ) ;
#1263 = ADVANCED_FACE ( 'NONE', ( #4393 ), #4366, .T. ) ;
#1264 = DIRECTION ( 'NONE',  ( 1.000000000000000000, 0.000000000000000000, 0.000000000000000000 ) ) ;
#1265 = ORIENTED_EDGE ( 'NONE', *, *, #1224, .T. ) ;
#1266 = CIRCLE ( 'NONE', #3129, 14.56151828499999823 ) ;
#1267 = ORIENTED_EDGE ( 'NONE', *, *, #4420, .T. ) ;
#1268 = CARTESIAN_POINT ( 'NONE',  ( -25.88396337992169549, 16.86573374706167883, 15.31523338806431589 ) ) ;
#1269 = DIRECTION ( 'NONE',  ( 0.000000000000000000, 1.000000000000000000, -6.098889046747715678E-17 ) ) ;
#1270 = DIRECTION ( 'NONE',  ( 0.000000000000000000, 0.000000000000000000, 1.000000000000000000 ) ) ;
#1271 = CARTESIAN_POINT ( 'NONE',  ( 25.68125067855959998, 23.83320962655878716, 3.247211164264686367 ) ) ;
#1272 = ORIENTED_EDGE ( 'NONE', *, *, #3568, .T. ) ;
#1273 = CARTESIAN_POINT ( 'NONE',  ( 25.11785512505718287, -10.97412297175137752, 6.961854477655902151 ) ) ;
#1274 = CARTESIAN_POINT ( 'NONE',  ( -0.04936135483071932978, 41.02475733893876964, -0.09174695092890516879 ) ) ;
#1275 = DIRECTION ( 'NONE',  ( 0.000000000000000000, 1.000000000000000000, 0.000000000000000000 ) ) ;
#1276 = CARTESIAN_POINT ( 'NONE',  ( -0.7081450921521601494, -25.80355100546741198, -20.28841328621832218 ) ) ;
#1277 = LINE ( 'NONE', #601, #2435 ) ;
#1278 = CARTESIAN_POINT ( 'NONE',  ( -25.76993563594652770, 17.53473373524311540, -14.33998532012889804 ) ) ;
#1279 = CARTESIAN_POINT ( 'NONE',  ( -13.78697417646565526, 19.85743328049681011, -14.96757731959158200 ) ) ;
#1280 = EDGE_CURVE ( 'NONE', #4038, #1581, #2331, .T. ) ;
#1281 = CARTESIAN_POINT ( 'NONE',  ( 25.39805791125988321, -7.851317644199133028, -12.55420586898096502 ) ) ;
#1282 = ORIENTED_EDGE ( 'NONE', *, *, #1566, .F. ) ;
#1283 = DIRECTION ( 'NONE',  ( 1.000000000000000000, 0.000000000000000000, 0.000000000000000000 ) ) ;
#1284 = CARTESIAN_POINT ( 'NONE',  ( -25.90014662483071817, -13.98421183889248631, 1.748227624470040320 ) ) ;
#1285 = DIRECTION ( 'NONE',  ( 0.000000000000000000, 0.4999999999999998890, -0.8660254037844387076 ) ) ;
#1286 = ORIENTED_EDGE ( 'NONE', *, *, #624, .T. ) ;
#1287 = ORIENTED_EDGE ( 'NONE', *, *, #232, .F. ) ;
#1288 = CARTESIAN_POINT ( 'NONE',  ( -25.18606812336552991, 21.53366535967680662, 7.230138668757986942 ) ) ;
#1289 = CARTESIAN_POINT ( 'NONE',  ( 17.21176425266927978, 41.02475733893876964, -0.09174695092890727821 ) ) ;
#1290 = CARTESIAN_POINT ( 'NONE',  ( -15.48457073693071706, 25.31795109893877083, -23.61923379792890643 ) ) ;
#1291 = ADVANCED_FACE ( 'NONE', ( #39, #4023 ), #2893, .F. ) ;
#1292 = DIRECTION ( 'NONE',  ( 1.000000000000000000, 0.000000000000000000, 0.000000000000000000 ) ) ;
#1293 = ORIENTED_EDGE ( 'NONE', *, *, #3746, .T. ) ;
#1294 = FACE_OUTER_BOUND ( 'NONE', #3150, .T. ) ;
#1295 = LINE ( 'NONE', #996, #880 ) ;
#1296 = DIRECTION ( 'NONE',  ( 0.000000000000000000, 1.000000000000000000, 1.836597269759255432E-16 ) ) ;
#1297 = CYLINDRICAL_SURFACE ( 'NONE', #737, 12.27094237499999885 ) ;
#1298 = CARTESIAN_POINT ( 'NONE',  ( -25.90014662483071817, 24.84791403315915304, -1.673185479226646510 ) ) ;
#1299 = CARTESIAN_POINT ( 'NONE',  ( -5.591940560483868339, 16.00820770804602944, 18.92707574958910755 ) ) ;
#1300 = CARTESIAN_POINT ( 'NONE',  ( 25.11144671274379192, -8.948306948329960875, -10.65416465886673869 ) ) ;
#1301 = ORIENTED_EDGE ( 'NONE', *, *, #2828, .T. ) ;
#1302 = CARTESIAN_POINT ( 'NONE',  ( 25.80142391516927702, 25.76095799317868540, -0.09174695092891904658 ) ) ;
#1303 = DIRECTION ( 'NONE',  ( 1.000000000000000000, 0.000000000000000000, 0.000000000000000000 ) ) ;
#1304 = CARTESIAN_POINT ( 'NONE',  ( 23.18362287516927722, 5.357218168938772784, -0.09174695092890516879 ) ) ;
#1305 = CARTESIAN_POINT ( 'NONE',  ( -25.90014662483071817, -4.844651743181184855, 17.57841006907109360 ) ) ;
#1306 = ORIENTED_EDGE ( 'NONE', *, *, #43, .F. ) ;
#1307 = EDGE_CURVE ( 'NONE', #2497, #3312, #3180, .T. ) ;
#1308 = ORIENTED_EDGE ( 'NONE', *, *, #4152, .T. ) ;
#1309 = CARTESIAN_POINT ( 'NONE',  ( -25.44209012501255529, 22.56406848056962389, 5.445428111094081203 ) ) ;
#1310 = CYLINDRICAL_SURFACE ( 'NONE', #3790, 1.304999999999999938 ) ;
#1311 = LINE ( 'NONE', #4192, #4252 ) ;
#1312 = CARTESIAN_POINT ( 'NONE',  ( 17.76857797161128971, 24.71394734863421050, 8.838687080620955427 ) ) ;
#1313 = VERTEX_POINT ( 'NONE', #415 ) ;
#1314 = CYLINDRICAL_SURFACE ( 'NONE', #198, 5.399214644999999813 ) ;
#1315 = CARTESIAN_POINT ( 'NONE',  ( 25.80142391516927702, 13.73300016101966747, 17.57841006907109360 ) ) ;
#1316 = CIRCLE ( 'NONE', #1532, 14.56151828499999823 ) ;
#1317 = DIRECTION ( 'NONE',  ( 0.9238795325112867385, 0.000000000000000000, -0.3826834323650898928 ) ) ;
#1318 = CARTESIAN_POINT ( 'NONE',  ( -25.90014662483071817, 5.357218168938772784, -0.09174695092890516879 ) ) ;
#1319 = EDGE_CURVE ( 'NONE', #3664, #1688, #1893, .T. ) ;
#1320 = AXIS2_PLACEMENT_3D ( 'NONE', #2688, #3813, #3037 ) ;
#1321 = DIRECTION ( 'NONE',  ( -0.000000000000000000, 1.000000000000000000, 0.000000000000000000 ) ) ;
#1322 = AXIS2_PLACEMENT_3D ( 'NONE', #1685, #2320, #1269 ) ;
#1323 = CARTESIAN_POINT ( 'NONE',  ( 25.00054300605774316, 5.357218168938773672, -17.76190397092890905 ) ) ;
#1324 = VERTEX_POINT ( 'NONE', #3647 ) ;
#1325 = AXIS2_PLACEMENT_3D ( 'NONE', #2193, #866, #2286 ) ;
#1326 = FACE_OUTER_BOUND ( 'NONE', #795, .T. ) ;
#1327 = CARTESIAN_POINT ( 'NONE',  ( -25.22415028085907451, -11.01016784603924670, 6.899422924036872296 ) ) ;
#1328 = DIRECTION ( 'NONE',  ( 0.000000000000000000, 0.000000000000000000, 1.000000000000000000 ) ) ;
#1329 = CIRCLE ( 'NONE', #1771, 19.55474809580329776 ) ;
#1330 = ORIENTED_EDGE ( 'NONE', *, *, #446, .F. ) ;
#1331 = VECTOR ( 'NONE', #900, 1000.000000000000114 ) ;
#1332 = CARTESIAN_POINT ( 'NONE',  ( -25.21442467116744979, 21.67812503956513837, 6.979927163546260083 ) ) ;
#1333 = CARTESIAN_POINT ( 'NONE',  ( 34.30927729516927371, -4.844651743181184855, -17.76190397092890194 ) ) ;
#1334 = CARTESIAN_POINT ( 'NONE',  ( 0.8124817686698054819, 14.26324537477092314, 19.98665661655430270 ) ) ;
#1335 = EDGE_CURVE ( 'NONE', #3599, #4012, #443, .T. ) ;
#1336 = AXIS2_PLACEMENT_3D ( 'NONE', #1007, #2015, #1660 ) ;
#1337 = CARTESIAN_POINT ( 'NONE',  ( 25.00053130680235469, 20.50491567098906032, 9.011985397835823974 ) ) ;
#1338 = ORIENTED_EDGE ( 'NONE', *, *, #1936, .F. ) ;
#1339 = CARTESIAN_POINT ( 'NONE',  ( 25.28959109318956067, -11.65901311423395192, 5.775589953273003729 ) ) ;
#1340 = CARTESIAN_POINT ( 'NONE',  ( 25.14352536958568507, 7.650324421152522092, 17.57841006907108650 ) ) ;
#1341 = CARTESIAN_POINT ( 'NONE',  ( 4.300089231327646644, 5.357218168938795877, 1.213100827027545181 ) ) ;
#1342 = ORIENTED_EDGE ( 'NONE', *, *, #4493, .T. ) ;
#1343 = CARTESIAN_POINT ( 'NONE',  ( -15.19846407357368001, 23.29201394591001417, -12.58097041167756025 ) ) ;
#1344 = CARTESIAN_POINT ( 'NONE',  ( -21.60547483878146480, 22.38405358262276579, -4.663756919123868805 ) ) ;
#1345 = DIRECTION ( 'NONE',  ( -1.000000000000000000, 0.000000000000000000, 0.000000000000000000 ) ) ;
#1346 = ORIENTED_EDGE ( 'NONE', *, *, #854, .F. ) ;
#1347 = CARTESIAN_POINT ( 'NONE',  ( 10.46942406114836821, 48.15826517293877629, -10.61053236690799118 ) ) ;
#1348 = DIRECTION ( 'NONE',  ( -1.000000000000000000, -0.000000000000000000, -0.000000000000000000 ) ) ;
#1349 = DIRECTION ( 'NONE',  ( 0.000000000000000000, 0.000000000000000000, -1.000000000000000000 ) ) ;
#1350 = ORIENTED_EDGE ( 'NONE', *, *, #1526, .T. ) ;
#1351 = CARTESIAN_POINT ( 'NONE',  ( -13.83591445505289030, 41.35198246893876473, 2.537949403065859588 ) ) ;
#1352 = FACE_OUTER_BOUND ( 'NONE', #2898, .T. ) ;
#1353 = CARTESIAN_POINT ( 'NONE',  ( 21.91234881490933972, 22.61226013995126038, -0.09176655859228850798 ) ) ;
#1354 = CARTESIAN_POINT ( 'NONE',  ( 25.43058270666400489, 22.86677831763528701, 4.921119293345470602 ) ) ;
#1355 = ORIENTED_EDGE ( 'NONE', *, *, #979, .F. ) ;
#1356 = CARTESIAN_POINT ( 'NONE',  ( -25.51726354391994889, 1.027226097234875457, 17.57841006907110781 ) ) ;
#1357 = DIRECTION ( 'NONE',  ( -1.000000000000000000, 0.000000000000000000, 0.000000000000000000 ) ) ;
#1358 = LINE ( 'NONE', #3517, #734 ) ;
#1359 = VERTEX_POINT ( 'NONE', #2293 ) ;
#1360 = CARTESIAN_POINT ( 'NONE',  ( -15.48527046187125933, 24.23871542623995268, -12.22474633305569114 ) ) ;
#1361 = EDGE_CURVE ( 'NONE', #683, #1192, #123, .T. ) ;
#1362 = CARTESIAN_POINT ( 'NONE',  ( -8.392144277728531776, 15.79975742506772107, -18.84017442430595679 ) ) ;
#1363 = CARTESIAN_POINT ( 'NONE',  ( 25.78524067026025435, 16.86573374706099671, -15.49872728992331972 ) ) ;
#1364 = CARTESIAN_POINT ( 'NONE',  ( -1.190722704830725398, 5.357218168938773672, 8.408253049071095830 ) ) ;
#1365 = CARTESIAN_POINT ( 'NONE',  ( -25.44209012499545253, -8.041541255859513626, 12.04123500692812243 ) ) ;
#1366 = CARTESIAN_POINT ( 'NONE',  ( -25.11420100430220970, 4.554399353710091525, -17.76190397092891260 ) ) ;
#1367 = EDGE_CURVE ( 'NONE', #4489, #3733, #1964, .T. ) ;
#1368 = ORIENTED_EDGE ( 'NONE', *, *, #277, .F. ) ;
#1369 = DIRECTION ( 'NONE',  ( 0.000000000000000000, 0.4999999999999999445, -0.8660254037844387076 ) ) ;
#1370 = DIRECTION ( 'NONE',  ( 0.000000000000000000, 1.000000000000000000, 1.224646799147353207E-16 ) ) ;
#1371 = CARTESIAN_POINT ( 'NONE',  ( 16.12084922779547114, 19.44321317381890779, -13.85809889014646856 ) ) ;
#1372 = EDGE_LOOP ( 'NONE', ( #1258, #2175, #4408, #3423 ) ) ;
#1373 =( BOUNDED_SURFACE ( )  B_SPLINE_SURFACE ( 2, 2, ( 
 ( #4419, #3696, #922, #167, #1219, #491, #3390, #3298, #3321 ),
 ( #189, #1921, #1516, #1615, #3040, #1543, #849, #2248, #516 ),
 ( #2971, #2295, #2942, #4470, #1170, #1591, #3674, #1943, #4025 ) ),
 .UNSPECIFIED., .F., .T., .F. ) 
 B_SPLINE_SURFACE_WITH_KNOTS ( ( 3, 3 ),
 ( 3, 2, 2, 2, 3 ),
 ( -0.4228977318137769892, 0.4228977318137769892 ),
 ( -3.141592653589790007, -1.570796326794899889, 0.000000000000000000, 1.570796326794899889, 3.141592653589790007 ),
 .UNSPECIFIED. ) 
 GEOMETRIC_REPRESENTATION_ITEM ( )  RATIONAL_B_SPLINE_SURFACE ( (
 ( 1.000000000000000000, 0.7071067811865480168, 1.000000000000000000, 0.7071067811865480168, 1.000000000000000000, 0.7071067811865480168, 1.000000000000000000, 0.7071067811865480168, 1.000000000000000000),
 ( 0.9119035279960699958, 0.6448131684339579728, 0.9119035279960699958, 0.6448131684339579728, 0.9119035279960699958, 0.6448131684339579728, 0.9119035279960699958, 0.6448131684339579728, 0.9119035279960699958),
 ( 1.000000000000000000, 0.7071067811865480168, 1.000000000000000000, 0.7071067811865480168, 1.000000000000000000, 0.7071067811865480168, 1.000000000000000000, 0.7071067811865480168, 1.000000000000000000) ) ) 
 REPRESENTATION_ITEM ( '' )  SURFACE ( )  );
#1374 = CIRCLE ( 'NONE', #1976, 4.244109936100000091 ) ;
#1375 = CARTESIAN_POINT ( 'NONE',  ( 25.66099255523904432, 17.58182644145134077, 14.07492445845252860 ) ) ;
#1376 = ORIENTED_EDGE ( 'NONE', *, *, #334, .F. ) ;
#1377 = CARTESIAN_POINT ( 'NONE',  ( -25.77202597681123919, -0.9131074835610943907, 17.57841006907110781 ) ) ;
#1378 = CARTESIAN_POINT ( 'NONE',  ( -8.237918191932827483, 30.36360086582359585, -17.94022678663725401 ) ) ;
#1379 = PLANE ( 'NONE',  #1927 ) ;
#1380 = ORIENTED_EDGE ( 'NONE', *, *, #15, .T. ) ;
#1381 = VECTOR ( 'NONE', #452, 1000.000000000000000 ) ;
#1382 = DIRECTION ( 'NONE',  ( 1.000000000000000000, 0.000000000000000000, 0.000000000000000000 ) ) ;
#1383 = CARTESIAN_POINT ( 'NONE',  ( 14.53800687199818320, 21.71362973967911003, 13.45666727531279960 ) ) ;
#1384 = LINE ( 'NONE', #645, #1550 ) ;
#1385 = APPLICATION_CONTEXT ( 'automotive_design' ) ;
#1386 = CIRCLE ( 'NONE', #3332, 12.27094237500000062 ) ;
#1387 = EDGE_CURVE ( 'NONE', #3271, #411, #3387, .T. ) ;
#1388 = DIRECTION ( 'NONE',  ( 0.000000000000000000, 0.000000000000000000, -1.000000000000000000 ) ) ;
#1389 = CIRCLE ( 'NONE', #577, 8.500000000000000000 ) ;
#1390 = PLANE ( 'NONE',  #730 ) ;
#1391 = CARTESIAN_POINT ( 'NONE',  ( -25.77034351462283368, -0.8971978649362318814, -17.76190397092890549 ) ) ;
#1392 = EDGE_LOOP ( 'NONE', ( #4570, #679, #3510 ) ) ;
#1393 = CIRCLE ( 'NONE', #3493, 1.304847777956471999 ) ;
#1394 = CARTESIAN_POINT ( 'NONE',  ( -25.56710097856591091, 22.99659989239370717, 4.696261729945261365 ) ) ;
#1395 = EDGE_CURVE ( 'NONE', #621, #683, #3627, .T. ) ;
#1396 = DIRECTION ( 'NONE',  ( 1.000000000000000000, 0.000000000000000000, 0.000000000000000000 ) ) ;
#1397 = AXIS2_PLACEMENT_3D ( 'NONE', #2067, #284, #4236 ) ;
#1398 = CARTESIAN_POINT ( 'NONE',  ( -0.04936135483072223717, 48.15826517293877629, 14.78406204404102908 ) ) ;
#1399 = ORIENTED_EDGE ( 'NONE', *, *, #394, .F. ) ;
#1400 = AXIS2_PLACEMENT_3D ( 'NONE', #2833, #1821, #1444 ) ;
#1401 = CARTESIAN_POINT ( 'NONE',  ( 25.11878338211558770, 19.62700997508795808, 10.53256266739066227 ) ) ;
#1402 = EDGE_LOOP ( 'NONE', ( #2885, #2136 ) ) ;
#1403 = LINE ( 'NONE', #1014, #2806 ) ;
#1404 = DIRECTION ( 'NONE',  ( 1.000000000000000000, 0.000000000000000000, 0.000000000000000000 ) ) ;
#1405 = DIRECTION ( 'NONE',  ( 0.000000000000000000, -5.697667218914260421E-16, -1.000000000000000000 ) ) ;
#1406 = VECTOR ( 'NONE', #1703, 1000.000000000000000 ) ;
#1407 = ORIENTED_EDGE ( 'NONE', *, *, #4509, .F. ) ;
#1408 = AXIS2_PLACEMENT_3D ( 'NONE', #2924, #3587, #2185 ) ;
#1409 = CARTESIAN_POINT ( 'NONE',  ( -22.20798793257640114, 5.357218168938772784, -0.09174695092890516879 ) ) ;
#1410 = CARTESIAN_POINT ( 'NONE',  ( 14.98057744159942928, 20.70683226147656342, 13.28234406035128856 ) ) ;
#1411 = CARTESIAN_POINT ( 'NONE',  ( -23.28234558483071481, 5.357218168938772784, -0.09174695092890516879 ) ) ;
#1412 = CARTESIAN_POINT ( 'NONE',  ( -0.04936135483071932978, 35.46193012893877494, -0.09174695092890516879 ) ) ;
#1413 = EDGE_CURVE ( 'NONE', #1505, #3717, #3888, .T. ) ;
#1414 = DIRECTION ( 'NONE',  ( 1.000000000000000000, 0.000000000000000000, 0.000000000000000000 ) ) ;
#1415 = DIRECTION ( 'NONE',  ( 1.000000000000000000, 0.000000000000000000, 0.000000000000000000 ) ) ;
#1416 = ORIENTED_EDGE ( 'NONE', *, *, #4206, .F. ) ;
#1417 = CARTESIAN_POINT ( 'NONE',  ( -23.28234558483071481, 5.357218168938772784, -0.09174695092890516879 ) ) ;
#1418 = EDGE_CURVE ( 'NONE', #4119, #2281, #657, .T. ) ;
#1419 = CARTESIAN_POINT ( 'NONE',  ( -23.28234558483071481, 5.357218168938775449, -19.64649504673220193 ) ) ;
#1420 = CARTESIAN_POINT ( 'NONE',  ( 17.76940080032966662, 24.71617943185556143, -9.021761326457983898 ) ) ;
#1421 = VERTEX_POINT ( 'NONE', #323 ) ;
#1422 = ORIENTED_EDGE ( 'NONE', *, *, #3511, .T. ) ;
#1423 = DIRECTION ( 'NONE',  ( 0.000000000000000000, 1.000000000000000000, -8.546500828371390138E-16 ) ) ;
#1424 = CARTESIAN_POINT ( 'NONE',  ( -11.24640299621473361, 30.62634643383906052, -16.22410905116219126 ) ) ;
#1425 = CARTESIAN_POINT ( 'NONE',  ( -14.92517034980065205, 41.35198246893876473, -0.09174695092890516879 ) ) ;
#1426 = EDGE_CURVE ( 'NONE', #47, #3202, #1165, .T. ) ;
#1427 = EDGE_LOOP ( 'NONE', ( #1662, #4237, #896, #3099 ) ) ;
#1428 = CARTESIAN_POINT ( 'NONE',  ( 25.10314052858186429, 7.268858973459760620, -17.76190397092889839 ) ) ;
#1429 = CARTESIAN_POINT ( 'NONE',  ( -8.860449405295383940, 18.14021885142745205, 17.62958346025827794 ) ) ;
#1430 = CARTESIAN_POINT ( 'NONE',  ( 25.80142391516927347, 24.54923096998078691, -2.190519720011870231 ) ) ;
#1431 = PLANE ( 'NONE',  #646 ) ;
#1432 = LINE ( 'NONE', #4034, #2980 ) ;
#1433 = CARTESIAN_POINT ( 'NONE',  ( -22.20798793257640114, 5.357218168938775449, -17.25931304276440770 ) ) ;
#1434 = CARTESIAN_POINT ( 'NONE',  ( -25.38831380284479167, 1.930365339012359183, -17.76190397092890905 ) ) ;
#1435 = ORIENTED_EDGE ( 'NONE', *, *, #3592, .F. ) ;
#1436 = LINE ( 'NONE', #3832, #4372 ) ;
#1437 = DIRECTION ( 'NONE',  ( 0.000000000000000000, 0.000000000000000000, -1.000000000000000000 ) ) ;
#1438 = CARTESIAN_POINT ( 'NONE',  ( -25.77303150313676028, -6.805655622194066723, -14.36534561863894055 ) ) ;
#1439 = ORIENTED_EDGE ( 'NONE', *, *, #1361, .T. ) ;
#1440 = EDGE_CURVE ( 'NONE', #1198, #3637, #1386, .T. ) ;
#1441 = EDGE_LOOP ( 'NONE', ( #4101, #211 ) ) ;
#1442 = CARTESIAN_POINT ( 'NONE',  ( -1.190722704830725398, 5.357218168938772784, 12.17919542407109645 ) ) ;
#1443 = DIRECTION ( 'NONE',  ( 0.000000000000000000, -0.8660254037844387076, -0.4999999999999999445 ) ) ;
#1444 = DIRECTION ( 'NONE',  ( 0.000000000000000000, 0.000000000000000000, 1.000000000000000000 ) ) ;
#1445 = ORIENTED_EDGE ( 'NONE', *, *, #1319, .F. ) ;
#1446 = CARTESIAN_POINT ( 'NONE',  ( 25.19719044503669991, 8.104742784404015410, -17.76190397092889839 ) ) ;
#1447 = CARTESIAN_POINT ( 'NONE',  ( 17.84451015396287232, 24.16457934014426456, -8.860756842296046543 ) ) ;
#1448 = ADVANCED_FACE ( 'NONE', ( #2150 ), #3110, .T. ) ;
#1449 = CARTESIAN_POINT ( 'NONE',  ( 25.67263159927028582, 17.52804070790590174, -14.35157798353340297 ) ) ;
#1450 = APPLICATION_PROTOCOL_DEFINITION ( 'draft international standard', 'automotive_design', 1998, #4018 ) ;
#1451 = CIRCLE ( 'NONE', #640, 16.93694705580329796 ) ;
#1452 = CARTESIAN_POINT ( 'NONE',  ( 25.05903955300788155, 3.932573496246498657, 17.57841006907109005 ) ) ;
#1453 = CARTESIAN_POINT ( 'NONE',  ( -0.7081450921521601494, -25.80355100546741198, -20.28841328621832218 ) ) ;
#1454 = DIRECTION ( 'NONE',  ( 0.000000000000000000, 0.000000000000000000, 1.000000000000000000 ) ) ;
#1455 = VECTOR ( 'NONE', #3354, 1000.000000000000000 ) ;
#1456 = DIRECTION ( 'NONE',  ( 0.000000000000000000, 0.000000000000000000, 1.000000000000000000 ) ) ;
#1457 = ORIENTED_EDGE ( 'NONE', *, *, #3660, .T. ) ;
#1458 = AXIS2_PLACEMENT_3D ( 'NONE', #2945, #4052, #2921 ) ;
#1459 = CARTESIAN_POINT ( 'NONE',  ( -25.80608151379694348, 11.96544425198561612, -17.76190397092891260 ) ) ;
#1460 = CARTESIAN_POINT ( 'NONE',  ( 9.655730331045383252, 41.35198246893876473, 10.76408144367674957 ) ) ;
#1461 = CARTESIAN_POINT ( 'NONE',  ( -25.80608151379694348, -6.641473657717148704, -14.64971712279943539 ) ) ;
#1462 = VECTOR ( 'NONE', #3303, 1000.000000000000000 ) ;
#1463 = ORIENTED_EDGE ( 'NONE', *, *, #4140, .F. ) ;
#1464 = ORIENTED_EDGE ( 'NONE', *, *, #610, .T. ) ;
#1465 = VECTOR ( 'NONE', #2823, 1000.000000000000000 ) ;
#1466 = DIRECTION ( 'NONE',  ( -0.000000000000000000, 1.000000000000000000, 0.000000000000000000 ) ) ;
#1467 = CARTESIAN_POINT ( 'NONE',  ( -5.888777435351631340, 28.59409316458707195, -18.83792916858501343 ) ) ;
#1468 = CARTESIAN_POINT ( 'NONE',  ( 10.46942406114836821, 48.15826517293877629, 10.42703846505018284 ) ) ;
#1469 = EDGE_CURVE ( 'NONE', #1729, #4111, #4275, .T. ) ;
#1470 = AXIS2_PLACEMENT_3D ( 'NONE', #2124, #3544, #339 ) ;
#1471 = APPLICATION_CONTEXT ( 'automotive_design' ) ;
#1472 = CARTESIAN_POINT ( 'NONE',  ( -20.06154792591975777, 24.04457280107860484, 1.357526607627735693 ) ) ;
#1473 = EDGE_LOOP ( 'NONE', ( #1287, #1750 ) ) ;
#1474 = DIRECTION ( 'NONE',  ( -0.9238795325112867385, 0.000000000000000000, 0.3826834323650899483 ) ) ;
#1475 = CIRCLE ( 'NONE', #4099, 14.56151828499999823 ) ;
#1476 = CARTESIAN_POINT ( 'NONE',  ( -13.66532991126459073, 20.98758728276500918, 14.54701062994568872 ) ) ;
#1477 = CARTESIAN_POINT ( 'NONE',  ( 25.11570196150601220, 21.67812503956514547, -7.163421065404079968 ) ) ;
#1478 = SHAPE_REPRESENTATION_RELATIONSHIP ( 'NONE' , 'NONE' ,  #1203, #2179 ) ;
#1479 = VECTOR ( 'NONE', #1285, 1000.000000000000000 ) ;
#1480 = DIRECTION ( 'NONE',  ( 0.000000000000000000, 0.000000000000000000, -1.000000000000000000 ) ) ;
#1481 = PLANE ( 'NONE',  #364 ) ;
#1482 = DIRECTION ( 'NONE',  ( 0.000000000000000000, 0.000000000000000000, 1.000000000000000000 ) ) ;
#1483 = DIRECTION ( 'NONE',  ( 0.000000000000000000, 0.8660254037844387076, 0.4999999999999999445 ) ) ;
#1484 = VERTEX_POINT ( 'NONE', #4579 ) ;
#1485 = CARTESIAN_POINT ( 'NONE',  ( 25.41042989031843291, 22.79695255139407095, 5.042061068152688286 ) ) ;
#1486 = CARTESIAN_POINT ( 'NONE',  ( -25.77086586219026287, 11.61656571439440810, -17.76190397092891260 ) ) ;
#1487 = CARTESIAN_POINT ( 'NONE',  ( -0.04936135483071932978, 41.35198246893876473, -0.09174695092890516879 ) ) ;
#1488 = LINE ( 'NONE', #34, #1555 ) ;
#1489 = ORIENTED_EDGE ( 'NONE', *, *, #3652, .T. ) ;
#1490 = ORIENTED_EDGE ( 'NONE', *, *, #4266, .F. ) ;
#1491 = CARTESIAN_POINT ( 'NONE',  ( -6.576613829773839903, 21.30834936491353560, -18.60865098975369847 ) ) ;
#1492 = CARTESIAN_POINT ( 'NONE',  ( 25.12077807093556459, 3.272037509857148141, -17.76190397092889839 ) ) ;
#1493 = CARTESIAN_POINT ( 'NONE',  ( -1.190722704830725398, 5.357218168938774561, -12.36268932592890657 ) ) ;
#1494 = CARTESIAN_POINT ( 'NONE',  ( -19.73108528791233240, 23.81042846947274327, 4.254444126314449015 ) ) ;
#1495 = ORIENTED_EDGE ( 'NONE', *, *, #103, .F. ) ;
#1496 = FACE_OUTER_BOUND ( 'NONE', #3269, .T. ) ;
#1497 = DIRECTION ( 'NONE',  ( 1.000000000000000000, 0.000000000000000000, 0.000000000000000000 ) ) ;
#1498 = CARTESIAN_POINT ( 'NONE',  ( 25.67158641261541518, 23.78707001217173911, -3.510621222482483095 ) ) ;
#1499 = DIRECTION ( 'NONE',  ( 0.000000000000000000, -0.9847012157130382581, -0.1742513006357898908 ) ) ;
#1500 = ADVANCED_FACE ( 'NONE', ( #2088 ), #3195, .T. ) ;
#1501 = CARTESIAN_POINT ( 'NONE',  ( -1.190722704830725398, 5.357218168938772784, -0.09174695092890516879 ) ) ;
#1502 = CARTESIAN_POINT ( 'NONE',  ( 34.30927729516927371, 15.55908808105873220, -17.76190397092890194 ) ) ;
#1503 = CARTESIAN_POINT ( 'NONE',  ( 8.156565770310413299, 15.88821654340237544, 18.47184131199416868 ) ) ;
#1504 = DIRECTION ( 'NONE',  ( 0.000000000000000000, 1.000000000000000000, 0.000000000000000000 ) ) ;
#1505 = VERTEX_POINT ( 'NONE', #4629 ) ;
#1506 = ORIENTED_EDGE ( 'NONE', *, *, #3334, .F. ) ;
#1507 = CARTESIAN_POINT ( 'NONE',  ( 22.10926522291495999, 22.52478426077425411, -17.25931304276438638 ) ) ;
#1508 = FACE_OUTER_BOUND ( 'NONE', #4469, .T. ) ;
#1509 = FACE_OUTER_BOUND ( 'NONE', #655, .T. ) ;
#1510 = ADVANCED_FACE ( 'NONE', ( #1030 ), #494, .F. ) ;
#1511 = CARTESIAN_POINT ( 'NONE',  ( -25.55653131413893320, -7.643776944765942716, -12.91367690503763477 ) ) ;
#1512 = VERTEX_POINT ( 'NONE', #3216 ) ;
#1513 = ORIENTED_EDGE ( 'NONE', *, *, #1666, .T. ) ;
#1514 = CARTESIAN_POINT ( 'NONE',  ( -8.200045973347382500, 20.29990310506347129, -17.95353728565380536 ) ) ;
#1515 = CARTESIAN_POINT ( 'NONE',  ( 25.67330326714980160, -0.9131074835611255880, -17.76190397092889128 ) ) ;
#1516 = CARTESIAN_POINT ( 'NONE',  ( -0.04936135483071932284, -21.78289714104534269, -0.09174695092890515491 ) ) ;
#1517 = DIRECTION ( 'NONE',  ( 0.000000000000000000, 1.000000000000000000, -6.098889046747715678E-17 ) ) ;
#1518 = ORIENTED_EDGE ( 'NONE', *, *, #4279, .T. ) ;
#1519 = CARTESIAN_POINT ( 'NONE',  ( 25.33211367775466627, -8.078545684902074697, 11.97714145572133937 ) ) ;
#1520 = CARTESIAN_POINT ( 'NONE',  ( -19.68286915483071553, 26.19954656072355448, 1.443228792148473438 ) ) ;
#1521 = CARTESIAN_POINT ( 'NONE',  ( 25.11785512505720064, 21.68855930962930145, -7.145348379513058568 ) ) ;
#1522 = DIRECTION ( 'NONE',  ( 0.000000000000000000, 0.000000000000000000, -1.000000000000000000 ) ) ;
#1523 = LINE ( 'NONE', #1502, #2758 ) ;
#1524 = CARTESIAN_POINT ( 'NONE',  ( 0.000000000000000000, 3.000000000000000000, 0.000000000000000000 ) ) ;
#1525 = FACE_OUTER_BOUND ( 'NONE', #2332, .T. ) ;
#1526 = EDGE_CURVE ( 'NONE', #3733, #2131, #1436, .T. ) ;
#1527 = AXIS2_PLACEMENT_3D ( 'NONE', #1639, #1586, #4414 ) ;
#1528 = CARTESIAN_POINT ( 'NONE',  ( -22.01226838533919405, 22.61240139924662529, -0.09174695092890562675 ) ) ;
#1529 = ORIENTED_EDGE ( 'NONE', *, *, #2147, .F. ) ;
#1530 = EDGE_LOOP ( 'NONE', ( #326, #4243, #3119, #587, #4546, #177, #1818, #4093, #3221, #2931 ) ) ;
#1531 = DIRECTION ( 'NONE',  ( 1.000000000000000000, 0.000000000000000000, -0.000000000000000000 ) ) ;
#1532 = AXIS2_PLACEMENT_3D ( 'NONE', #1082, #3910, #1382 ) ;
#1533 = FACE_BOUND ( 'NONE', #3385, .T. ) ;
#1534 = DIRECTION ( 'NONE',  ( 1.000000000000000000, 0.000000000000000000, 0.000000000000000000 ) ) ;
#1535 = CARTESIAN_POINT ( 'NONE',  ( -25.21856099762310066, -10.98367497369222079, -7.128803826838171709 ) ) ;
#1536 = ORIENTED_EDGE ( 'NONE', *, *, #3558, .T. ) ;
#1537 = AXIS2_PLACEMENT_3D ( 'NONE', #2252, #4373, #3725 ) ;
#1538 = EDGE_CURVE ( 'NONE', #3688, #2323, #2063, .T. ) ;
#1539 = ORIENTED_EDGE ( 'NONE', *, *, #3806, .T. ) ;
#1540 = CARTESIAN_POINT ( 'NONE',  ( -8.744742184448783817, 20.11344429671931522, -17.69590001980309424 ) ) ;
#1541 = CARTESIAN_POINT ( 'NONE',  ( 25.80142391516927702, -3.018563823142123237, -17.76190397092890194 ) ) ;
#1542 = VECTOR ( 'NONE', #3797, 1000.000000000000000 ) ;
#1543 = CARTESIAN_POINT ( 'NONE',  ( -0.04936135483071932284, 32.49733347892290425, -27.23186226091304007 ) ) ;
#1544 = AXIS2_PLACEMENT_3D ( 'NONE', #3714, #3033, #510 ) ;
#1545 = CARTESIAN_POINT ( 'NONE',  ( -17.32957858245169191, 23.69863451316163960, 10.01112515112949986 ) ) ;
#1546 = ORIENTED_EDGE ( 'NONE', *, *, #2584, .F. ) ;
#1547 = CARTESIAN_POINT ( 'NONE',  ( 25.12134633151181617, -8.900282971830300482, 10.55385072428784632 ) ) ;
#1548 = CARTESIAN_POINT ( 'NONE',  ( -0.04936135483071932978, 41.35198246893876473, -0.09174695092890516879 ) ) ;
#1549 = CARTESIAN_POINT ( 'NONE',  ( -0.04936135483071932978, 35.46193012893877494, -0.09174695092890516879 ) ) ;
#1550 = VECTOR ( 'NONE', #2077, 1000.000000000000114 ) ;
#1551 = CARTESIAN_POINT ( 'NONE',  ( 25.80142391516927702, -3.018563823142123237, 17.57841006907109360 ) ) ;
#1552 = CARTESIAN_POINT ( 'NONE',  ( -25.78897110381498692, 23.87722432791799321, -3.354469367088385834 ) ) ;
#1553 = CARTESIAN_POINT ( 'NONE',  ( 21.91234881490933972, 22.61226013995126038, -0.09176655859228850798 ) ) ;
#1554 = CARTESIAN_POINT ( 'NONE',  ( -14.69099125415421980, 22.33209401152584661, -13.17050916886478618 ) ) ;
#1555 = VECTOR ( 'NONE', #1816, 1000.000000000000000 ) ;
#1556 = ORIENTED_EDGE ( 'NONE', *, *, #2006, .T. ) ;
#1557 = EDGE_LOOP ( 'NONE', ( #3884, #1840, #183, #1755 ) ) ;
#1558 = VERTEX_POINT ( 'NONE', #4561 ) ;
#1559 = DIRECTION ( 'NONE',  ( 0.000000000000000000, 0.000000000000000000, 1.000000000000000000 ) ) ;
#1560 = ADVANCED_FACE ( 'NONE', ( #2778 ), #4208, .T. ) ;
#1561 = VECTOR ( 'NONE', #3452, 1000.000000000000000 ) ;
#1562 = CARTESIAN_POINT ( 'NONE',  ( -21.22523492344811658, 22.96285568126648968, -1.573575318272311341 ) ) ;
#1563 = FACE_OUTER_BOUND ( 'NONE', #527, .T. ) ;
#1564 = CARTESIAN_POINT ( 'NONE',  ( -25.29591315468125146, -11.31934900691525137, -6.547399346514315432 ) ) ;
#1565 = EDGE_LOOP ( 'NONE', ( #1097, #506, #2546, #4348, #108, #1070, #2564, #3950, #3949, #1346 ) ) ;
#1566 = EDGE_CURVE ( 'NONE', #2344, #989, #2455, .T. ) ;
#1567 = ORIENTED_EDGE ( 'NONE', *, *, #826, .T. ) ;
#1568 = EDGE_CURVE ( 'NONE', #3768, #4067, #4450, .T. ) ;
#1569 = CARTESIAN_POINT ( 'NONE',  ( -6.810040582211200011, 21.11038341298404575, -18.52473375344412787 ) ) ;
#1570 = CARTESIAN_POINT ( 'NONE',  ( -14.26148887696340317, 28.87133421615745021, -13.63837448476391323 ) ) ;
#1571 = CARTESIAN_POINT ( 'NONE',  ( 25.80142391516927702, 15.55908808105873220, -17.76190397092890194 ) ) ;
#1572 = CARTESIAN_POINT ( 'NONE',  ( 1.524905075173368596, 15.72907523261213569, -19.74590119652771847 ) ) ;
#1573 = CARTESIAN_POINT ( 'NONE',  ( 25.40657444820686095, -7.821971654139890262, 12.42154071290419104 ) ) ;
#1574 = DIRECTION ( 'NONE',  ( 1.000000000000000000, 0.000000000000000000, 0.000000000000000000 ) ) ;
#1575 = LINE ( 'NONE', #2644, #434 ) ;
#1576 = EDGE_CURVE ( 'NONE', #1192, #683, #746, .T. ) ;
#1577 = DIRECTION ( 'NONE',  ( 1.000000000000000000, 0.000000000000000000, 0.000000000000000000 ) ) ;
#1578 = CARTESIAN_POINT ( 'NONE',  ( -25.77135430893171275, 23.79200536633126006, -3.502072938324861440 ) ) ;
#1579 = CARTESIAN_POINT ( 'NONE',  ( 19.24846874405326602, 21.86989981927702686, -8.793017183852221308 ) ) ;
#1580 = CARTESIAN_POINT ( 'NONE',  ( 25.08734541370309401, -9.071944376709090818, -10.44001835119692778 ) ) ;
#1581 = VERTEX_POINT ( 'NONE', #460 ) ;
#1582 = DIRECTION ( 'NONE',  ( 0.3826834323650898928, 0.000000000000000000, 0.9238795325112867385 ) ) ;
#1583 = CARTESIAN_POINT ( 'NONE',  ( 22.00066058381448997, 22.66148550735918832, 3.008020046299021644 ) ) ;
#1584 = CARTESIAN_POINT ( 'NONE',  ( -25.21950078059765232, -10.98817702878503866, 6.937512136821123221 ) ) ;
#1585 = CARTESIAN_POINT ( 'NONE',  ( -25.77030912227680304, -13.07263367429404610, -3.510621222482750881 ) ) ;
#1586 = DIRECTION ( 'NONE',  ( -1.000000000000000000, 0.000000000000000000, 0.000000000000000000 ) ) ;
#1587 = ORIENTED_EDGE ( 'NONE', *, *, #3651, .T. ) ;
#1588 = ORIENTED_EDGE ( 'NONE', *, *, #3564, .F. ) ;
#1589 = CARTESIAN_POINT ( 'NONE',  ( -25.20186323824329833, 21.61584343938216080, 7.087802059439854752 ) ) ;
#1590 = CARTESIAN_POINT ( 'NONE',  ( -12.18884951735409850, 30.33556626502799247, -15.52279408626093549 ) ) ;
#1591 = CARTESIAN_POINT ( 'NONE',  ( 22.10926522291495999, 22.52478426077425411, -17.25931304276438638 ) ) ;
#1592 = EDGE_CURVE ( 'NONE', #3335, #911, #2054, .T. ) ;
#1593 = DIRECTION ( 'NONE',  ( 0.000000000000000000, -1.000000000000000000, 0.000000000000000000 ) ) ;
#1594 = VERTEX_POINT ( 'NONE', #89 ) ;
#1595 = DIRECTION ( 'NONE',  ( 1.000000000000000000, 0.000000000000000000, 0.000000000000000000 ) ) ;
#1596 = FACE_OUTER_BOUND ( 'NONE', #37, .T. ) ;
#1597 = CARTESIAN_POINT ( 'NONE',  ( -25.56710097856786845, 10.03037187951495923, 17.57841006907109715 ) ) ;
#1598 = EDGE_CURVE ( 'NONE', #2557, #1324, #1389, .T. ) ;
#1599 = DIRECTION ( 'NONE',  ( 0.000000000000000000, 0.000000000000000000, -1.000000000000000000 ) ) ;
#1600 = EDGE_CURVE ( 'NONE', #371, #1594, #3860, .T. ) ;
#1601 = CARTESIAN_POINT ( 'NONE',  ( -25.48361335432828056, 18.61128363730694346, -12.47534619287105784 ) ) ;
#1602 = CARTESIAN_POINT ( 'NONE',  ( -18.68748919974927603, 21.49165936254052411, -10.13375619345999112 ) ) ;
#1603 = CARTESIAN_POINT ( 'NONE',  ( 25.28959109317745302, -8.232160284290078067, -11.89456706665477803 ) ) ;
#1604 = ORIENTED_EDGE ( 'NONE', *, *, #3117, .F. ) ;
#1605 = LINE ( 'NONE', #508, #1153 ) ;
#1606 = CARTESIAN_POINT ( 'NONE',  ( -13.78697417646565526, 19.85743328049681011, -14.96757731959158200 ) ) ;
#1607 = FACE_OUTER_BOUND ( 'NONE', #16, .T. ) ;
#1608 = DIRECTION ( 'NONE',  ( 1.000000000000000000, 0.000000000000000000, 0.000000000000000000 ) ) ;
#1609 = ORIENTED_EDGE ( 'NONE', *, *, #1229, .T. ) ;
#1610 = CIRCLE ( 'NONE', #492, 12.27094237499999885 ) ;
#1611 = EDGE_LOOP ( 'NONE', ( #248, #3063, #2991, #2708 ) ) ;
#1612 = CARTESIAN_POINT ( 'NONE',  ( -25.80608151379693993, 17.35590999558410630, 14.46622322095995727 ) ) ;
#1613 = DIRECTION ( 'NONE',  ( 0.000000000000000000, 0.4999999999999998890, 0.8660254037844387076 ) ) ;
#1614 = VERTEX_POINT ( 'NONE', #112 ) ;
#1615 = CARTESIAN_POINT ( 'NONE',  ( -0.04936135483071932284, -21.78289714104536046, -27.23186226091304007 ) ) ;
#1616 = AXIS2_PLACEMENT_3D ( 'NONE', #345, #1769, #4190 ) ;
#1617 = CARTESIAN_POINT ( 'NONE',  ( 25.80142391516928768, 24.69864817676966595, 1.748227624470700237 ) ) ;
#1618 = ORIENTED_EDGE ( 'NONE', *, *, #743, .F. ) ;
#1619 = VECTOR ( 'NONE', #4074, 1000.000000000000000 ) ;
#1620 = LINE ( 'NONE', #4474, #412 ) ;
#1621 = EDGE_CURVE ( 'NONE', #1198, #3859, #2243, .T. ) ;
#1622 = CYLINDRICAL_SURFACE ( 'NONE', #1169, 12.27094237499999885 ) ;
#1623 = CARTESIAN_POINT ( 'NONE',  ( -25.71985517619411965, 11.17192699363707220, 17.57841006907109715 ) ) ;
#1624 = VECTOR ( 'NONE', #180, 1000.000000000000000 ) ;
#1625 = CARTESIAN_POINT ( 'NONE',  ( -15.59255502983071828, 25.31795109893877083, -12.08690259452524884 ) ) ;
#1626 = ADVANCED_FACE ( 'NONE', ( #3667 ), #138, .T. ) ;
#1627 = CIRCLE ( 'NONE', #2747, 2.000000000000000000 ) ;
#1628 = CARTESIAN_POINT ( 'NONE',  ( -25.80608151379693993, 23.96413607864211315, -3.203933799059433873 ) ) ;
#1629 = CARTESIAN_POINT ( 'NONE',  ( -20.06154792591975777, 24.04457280107860484, -1.541020509524956950 ) ) ;
#1630 = ADVANCED_FACE ( 'NONE', ( #1533, #2912 ), #1137, .F. ) ;
#1631 = CARTESIAN_POINT ( 'NONE',  ( 25.80142391516927702, -6.056378766394487023, -15.66313120181927410 ) ) ;
#1632 = AXIS2_PLACEMENT_3D ( 'NONE', #2526, #1405, #1143 ) ;
#1633 = VERTEX_POINT ( 'NONE', #791 ) ;
#1634 = CARTESIAN_POINT ( 'NONE',  ( -19.68286915483071553, 26.19954656072355448, -1.626722694048037932 ) ) ;
#1635 =( REPRESENTATION_RELATIONSHIP ('NONE','NONE', #4396, #1203 ) REPRESENTATION_RELATIONSHIP_WITH_TRANSFORMATION ( #2531 )SHAPE_REPRESENTATION_RELATIONSHIP( ) );
#1636 = CARTESIAN_POINT ( 'NONE',  ( -25.90014662483071817, -14.13347769528161280, 1.489691577368842390 ) ) ;
#1637 = AXIS2_PLACEMENT_3D ( 'NONE', #181, #1608, #4341 ) ;
#1638 = DIRECTION ( 'NONE',  ( 0.000000000000000000, 0.000000000000000000, 1.000000000000000000 ) ) ;
#1639 = CARTESIAN_POINT ( 'NONE',  ( -27.40538222283071335, 5.357218168938772784, -0.09174695092890516879 ) ) ;
#1640 = EDGE_LOOP ( 'NONE', ( #4278, #2195, #2045, #4299 ) ) ;
#1641 = AXIS2_PLACEMENT_3D ( 'NONE', #3766, #3509, #305 ) ;
#1642 = ORIENTED_EDGE ( 'NONE', *, *, #1773, .T. ) ;
#1643 = CARTESIAN_POINT ( 'NONE',  ( -25.09928911422998254, 20.34980830484572678, 9.280639236624276478 ) ) ;
#1644 = DIRECTION ( 'NONE',  ( 1.000000000000000000, 0.000000000000000000, 0.000000000000000000 ) ) ;
#1645 = CARTESIAN_POINT ( 'NONE',  ( -22.01226838533919405, 22.61240139924662174, 1.433204803193879995 ) ) ;
#1646 = CARTESIAN_POINT ( 'NONE',  ( 25.67263159927028227, 23.79200536633127427, 3.318579036467017573 ) ) ;
#1647 = ORIENTED_EDGE ( 'NONE', *, *, #1413, .T. ) ;
#1648 = CARTESIAN_POINT ( 'NONE',  ( 14.82644764013921268, 41.35198246893876473, -0.09174695092890815251 ) ) ;
#1649 = CARTESIAN_POINT ( 'NONE',  ( 1.809277295169274602, 5.357218168938773672, 8.408253049071095830 ) ) ;
#1650 = DIRECTION ( 'NONE',  ( -0.000000000000000000, 1.000000000000000000, 0.000000000000000000 ) ) ;
#1651 = CARTESIAN_POINT ( 'NONE',  ( -13.38285679714097398, 20.96166817450028930, -14.52916410995810104 ) ) ;
#1652 = DIRECTION ( 'NONE',  ( -0.3826834323650898928, 0.000000000000000000, 0.9238795325112867385 ) ) ;
#1653 = CARTESIAN_POINT ( 'NONE',  ( -25.77303150313677449, 23.79995411416576800, -3.488305303218949494 ) ) ;
#1654 = CARTESIAN_POINT ( 'NONE',  ( -21.22523492344811658, 22.96285568126648968, -0.09174695092890604309 ) ) ;
#1655 = CARTESIAN_POINT ( 'NONE',  ( 25.67158641261536545, -6.818539724188313222, -14.34302969937501615 ) ) ;
#1656 = ADVANCED_FACE ( 'NONE', ( #1508 ), #4622, .T. ) ;
#1657 = ORIENTED_EDGE ( 'NONE', *, *, #1600, .T. ) ;
#1658 = DIRECTION ( 'NONE',  ( 1.000000000000000000, 0.000000000000000000, 0.000000000000000000 ) ) ;
#1659 = CARTESIAN_POINT ( 'NONE',  ( -25.55653131413975743, -12.24739645372055463, 4.756480114955144778 ) ) ;
#1660 = DIRECTION ( 'NONE',  ( 1.000000000000000000, 0.000000000000000000, 0.000000000000000000 ) ) ;
#1661 = CARTESIAN_POINT ( 'NONE',  ( -34.40800000483071130, 15.55908808105873220, -17.76190397092890194 ) ) ;
#1662 = ORIENTED_EDGE ( 'NONE', *, *, #4574, .F. ) ;
#1663 = ADVANCED_FACE ( 'NONE', ( #1596 ), #152, .F. ) ;
#1664 = ORIENTED_EDGE ( 'NONE', *, *, #4250, .F. ) ;
#1665 = CARTESIAN_POINT ( 'NONE',  ( -25.34300470754175194, 19.10778516370404745, 11.43188642125793741 ) ) ;
#1666 = EDGE_CURVE ( 'NONE', #4297, #4458, #4454, .T. ) ;
#1667 = CYLINDRICAL_SURFACE ( 'NONE', #957, 2.000000000000000000 ) ;
#1668 = CARTESIAN_POINT ( 'NONE',  ( -5.947537264044192362, 15.11875243395421897, 19.23783479048049472 ) ) ;
#1669 = DIRECTION ( 'NONE',  ( 0.000000000000000000, -0.5000000000000003331, -0.8660254037844383745 ) ) ;
#1670 = ORIENTED_EDGE ( 'NONE', *, *, #574, .T. ) ;
#1671 = CARTESIAN_POINT ( 'NONE',  ( -14.77449220483071635, 5.357218168938772784, 12.17919542407109290 ) ) ;
#1672 = CARTESIAN_POINT ( 'NONE',  ( 25.41042989032103350, 9.631077197511821453, 17.57841006907109005 ) ) ;
#1673 = DIRECTION ( 'NONE',  ( -1.000000000000000000, 0.000000000000000000, 0.000000000000000000 ) ) ;
#1674 = DIRECTION ( 'NONE',  ( 0.000000000000000000, 0.000000000000000000, 1.000000000000000000 ) ) ;
#1675 = DIRECTION ( 'NONE',  ( -1.000000000000000000, 0.000000000000000000, 0.000000000000000000 ) ) ;
#1676 = LINE ( 'NONE', #3893, #3041 ) ;
#1677 = CARTESIAN_POINT ( 'NONE',  ( 25.11983828796165952, -8.907498424790123437, -10.72484709501961575 ) ) ;
#1678 = ORIENTED_EDGE ( 'NONE', *, *, #4574, .T. ) ;
#1679 = CARTESIAN_POINT ( 'NONE',  ( 13.92657853263921020, 48.68182538093876133, -0.09174695092890516879 ) ) ;
#1680 = EDGE_CURVE ( 'NONE', #3271, #3717, #4084, .T. ) ;
#1681 = CARTESIAN_POINT ( 'NONE',  ( -25.50529715786693785, -12.06920174433624560, 5.065122405248737358 ) ) ;
#1682 = CARTESIAN_POINT ( 'NONE',  ( 14.48940466151258022, 41.35198246893876473, -0.9054406810318689214 ) ) ;
#1683 = ORIENTED_EDGE ( 'NONE', *, *, #1883, .T. ) ;
#1684 = CARTESIAN_POINT ( 'NONE',  ( -25.21905908471475399, 19.61954465448163987, 10.54549298197559004 ) ) ;
#1685 = CARTESIAN_POINT ( 'NONE',  ( 25.80142391516927702, 5.357218168938772784, -0.09174695092890516879 ) ) ;
#1686 = CARTESIAN_POINT ( 'NONE',  ( 4.516920201811455371, 14.77134265229877919, 19.56586257968780274 ) ) ;
#1687 = AXIS2_PLACEMENT_3D ( 'NONE', #1259, #2959, #159 ) ;
#1688 = VERTEX_POINT ( 'NONE', #4030 ) ;
#1689 = CARTESIAN_POINT ( 'NONE',  ( 25.38489064466681810, -11.99432609905265856, 5.194810827129424879 ) ) ;
#1690 = CARTESIAN_POINT ( 'NONE',  ( 34.30927729516927371, 15.55908808105873220, 17.57841006907109360 ) ) ;
#1691 = AXIS2_PLACEMENT_3D ( 'NONE', #3210, #25, #319 ) ;
#1692 = DIRECTION ( 'NONE',  ( 0.000000000000000000, -0.5000000000000003331, -0.8660254037844383745 ) ) ;
#1693 = AXIS2_PLACEMENT_3D ( 'NONE', #752, #4282, #3203 ) ;
#1694 = EDGE_LOOP ( 'NONE', ( #1546, #4530, #1518, #3036 ) ) ;
#1695 = CARTESIAN_POINT ( 'NONE',  ( -15.09429120366531407, 23.05228638281397480, -12.70622918193062034 ) ) ;
#1696 = CARTESIAN_POINT ( 'NONE',  ( 19.24846874405326602, 21.86989981927702686, -8.793017183852221308 ) ) ;
#1697 = CARTESIAN_POINT ( 'NONE',  ( 0.000000000000000000, -25.00000000000000000, 0.000000000000000000 ) ) ;
#1698 = AXIS2_PLACEMENT_3D ( 'NONE', #3038, #3765, #1644 ) ;
#1699 = ORIENTED_EDGE ( 'NONE', *, *, #3521, .F. ) ;
#1700 = AXIS2_PLACEMENT_3D ( 'NONE', #3809, #1937, #1261 ) ;
#1701 = DIRECTION ( 'NONE',  ( 0.000000000000000000, 0.000000000000000000, -1.000000000000000000 ) ) ;
#1702 = CARTESIAN_POINT ( 'NONE',  ( -25.90014662483071817, -6.056378766393686774, 15.47963729996285487 ) ) ;
#1703 = DIRECTION ( 'NONE',  ( 0.000000000000000000, 0.4999999999999998890, -0.8660254037844387076 ) ) ;
#1704 = AXIS2_PLACEMENT_3D ( 'NONE', #2447, #1759, #2121 ) ;
#1705 = ORIENTED_EDGE ( 'NONE', *, *, #2641, .T. ) ;
#1706 = CIRCLE ( 'NONE', #3051, 12.27094237499999885 ) ;
#1707 = CARTESIAN_POINT ( 'NONE',  ( -25.49219759059891999, 22.73846836656764836, 5.143358647711280263 ) ) ;
#1708 = CARTESIAN_POINT ( 'NONE',  ( 22.10926522291496354, 5.357218168938774561, 17.07581914090659936 ) ) ;
#1709 = CARTESIAN_POINT ( 'NONE',  ( -22.01226838533919405, 22.61240139924662529, -0.09174695092890562675 ) ) ;
#1710 = AXIS2_PLACEMENT_3D ( 'NONE', #1055, #3948, #1073 ) ;
#1711 = EDGE_CURVE ( 'NONE', #3748, #92, #2667, .T. ) ;
#1712 = CARTESIAN_POINT ( 'NONE',  ( 25.46837826890634915, 18.32344618183093488, 12.79040138821903483 ) ) ;
#1713 = ORIENTED_EDGE ( 'NONE', *, *, #832, .F. ) ;
#1714 = CARTESIAN_POINT ( 'NONE',  ( 0.000000000000000000, 3.000000000000000000, 0.000000000000000000 ) ) ;
#1715 = DIRECTION ( 'NONE',  ( 0.000000000000000000, 1.000000000000000000, 0.000000000000000000 ) ) ;
#1716 = DIRECTION ( 'NONE',  ( -0.000000000000000000, 1.000000000000000000, 0.000000000000000000 ) ) ;
#1717 = ORIENTED_EDGE ( 'NONE', *, *, #739, .T. ) ;
#1718 = CARTESIAN_POINT ( 'NONE',  ( 16.12195600866595413, 19.44621948534901534, 13.67353205376389269 ) ) ;
#1719 = ADVANCED_FACE ( 'NONE', ( #424 ), #77, .F. ) ;
#1720 = DIRECTION ( 'NONE',  ( -0.9238795325112867385, 0.000000000000000000, -0.3826834323650898928 ) ) ;
#1721 = ORIENTED_EDGE ( 'NONE', *, *, #2275, .F. ) ;
#1722 = CARTESIAN_POINT ( 'NONE',  ( 1.809277295169274602, 5.357218168938774561, -12.36268932592890657 ) ) ;
#1723 = CARTESIAN_POINT ( 'NONE',  ( -25.76804812612467188, -6.829140641664711353, 14.14117446984123561 ) ) ;
#1724 = PLANE ( 'NONE',  #1855 ) ;
#1725 = ORIENTED_EDGE ( 'NONE', *, *, #1196, .T. ) ;
#1726 = CARTESIAN_POINT ( 'NONE',  ( -25.77030912227677106, 23.78707001217137673, 3.327127320625293816 ) ) ;
#1727 = CARTESIAN_POINT ( 'NONE',  ( 0.000000000000000000, 3.000000000000000000, 0.000000000000000000 ) ) ;
#1728 = PLANE ( 'NONE',  #438 ) ;
#1729 = VERTEX_POINT ( 'NONE', #1852 ) ;
#1730 = CARTESIAN_POINT ( 'NONE',  ( 25.11940343630548256, 19.62402434663138706, 10.53773392756994909 ) ) ;
#1731 = ORIENTED_EDGE ( 'NONE', *, *, #3822, .F. ) ;
#1732 = CARTESIAN_POINT ( 'NONE',  ( -14.77449220483071635, 5.357218168938774561, -12.36268932592890302 ) ) ;
#1733 = CARTESIAN_POINT ( 'NONE',  ( -8.754227706487851535, 30.52411405888433649, -17.69107782114434002 ) ) ;
#1734 = DIRECTION ( 'NONE',  ( 0.000000000000000000, 1.000000000000000000, 0.000000000000000000 ) ) ;
#1735 = EDGE_CURVE ( 'NONE', #2834, #942, #805, .T. ) ;
#1736 = ORIENTED_EDGE ( 'NONE', *, *, #1773, .F. ) ;
#1737 = CARTESIAN_POINT ( 'NONE',  ( 25.55173661255305717, 10.62752270048637904, -17.76190397092889839 ) ) ;
#1738 = CARTESIAN_POINT ( 'NONE',  ( 11.20000731774770131, 18.49957641349816839, 16.36503153263980792 ) ) ;
#1739 = CARTESIAN_POINT ( 'NONE',  ( 25.69024839415356709, 17.44282174631326399, -14.49918155478012061 ) ) ;
#1740 = EDGE_CURVE ( 'NONE', #4556, #4458, #4104, .T. ) ;
#1741 = DIRECTION ( 'NONE',  ( 0.000000000000000000, 1.000000000000000000, 0.000000000000000000 ) ) ;
#1742 = FACE_OUTER_BOUND ( 'NONE', #725, .T. ) ;
#1743 = FACE_OUTER_BOUND ( 'NONE', #4565, .T. ) ;
#1744 = CARTESIAN_POINT ( 'NONE',  ( -25.75971526490371133, -0.7991750224231519706, -17.76190397092890549 ) ) ;
#1745 = VERTEX_POINT ( 'NONE', #3018 ) ;
#1746 = CARTESIAN_POINT ( 'NONE',  ( -0.04936135483071932978, 41.35198246893876473, -0.09174695092890516879 ) ) ;
#1747 = CARTESIAN_POINT ( 'NONE',  ( -10.07441173063687501, 19.26454452247515192, -17.04034818363617987 ) ) ;
#1748 = ORIENTED_EDGE ( 'NONE', *, *, #2450, .T. ) ;
#1749 = CARTESIAN_POINT ( 'NONE',  ( -0.04936135483071932978, 41.35198246893876473, -0.09174695092890516879 ) ) ;
#1750 = ORIENTED_EDGE ( 'NONE', *, *, #788, .F. ) ;
#1751 = CARTESIAN_POINT ( 'NONE',  ( -25.52930541633147143, 0.9437076078490964637, 17.57841006907111137 ) ) ;
#1752 = CARTESIAN_POINT ( 'NONE',  ( 25.12040063756694508, 7.438788682132839725, 17.57841006907108650 ) ) ;
#1753 = FACE_OUTER_BOUND ( 'NONE', #2650, .T. ) ;
#1754 = ADVANCED_FACE ( 'NONE', ( #1222 ), #4447, .T. ) ;
#1755 = ORIENTED_EDGE ( 'NONE', *, *, #2368, .F. ) ;
#1756 = CIRCLE ( 'NONE', #1089, 5.291230352099999479 ) ;
#1757 = CARTESIAN_POINT ( 'NONE',  ( 25.01545782094382275, 6.159840443418285183, -17.76190397092889128 ) ) ;
#1758 = CARTESIAN_POINT ( 'NONE',  ( 19.66202189335209027, 26.26338723746051329, 3.036389863349113316 ) ) ;
#1759 = DIRECTION ( 'NONE',  ( 0.000000000000000000, -1.000000000000000000, 0.000000000000000000 ) ) ;
#1760 = AXIS2_PLACEMENT_3D ( 'NONE', #2127, #3573, #11 ) ;
#1761 = CARTESIAN_POINT ( 'NONE',  ( 25.10314532710458835, 3.445531300173930056, 17.57841006907108650 ) ) ;
#1762 = AXIS2_PLACEMENT_3D ( 'NONE', #2253, #2231, #1147 ) ;
#1763 = LINE ( 'NONE', #131, #2814 ) ;
#1764 = EDGE_CURVE ( 'NONE', #1192, #3756, #471, .T. ) ;
#1765 = CARTESIAN_POINT ( 'NONE',  ( -25.76993563594669467, -0.8933604348138668438, -17.76190397092890905 ) ) ;
#1766 = B_SPLINE_CURVE_WITH_KNOTS ( 'NONE', 3,
 ( #2146, #455, #4151, #1554, #1184, #1882, #3429, #2719, #84, #951, #222, #3310, #2374, #3773, #571, #2929, #2239, #3636, #1905, #2554, #4355, #403, #3981, #3685, #1833, #3287, #107, #1651, #784, #3074, #2579, #3048, #3262, #1152, #2258, #433 ),
 .UNSPECIFIED., .F., .F.,
 ( 4, 1, 2, 2, 2, 2, 2, 2, 2, 2, 2, 2, 2, 2, 1, 2, 2, 2, 4 ),
 ( 0.000000000000000000, 0.001953124999999053708, 0.002929687499998306910, 0.003906249999997560111, 0.007812499999996676270, 0.01562499999999655137, 0.03124999999999575340, 0.06249999999999628075, 0.1249999999999957812, 0.1874999999999952538, 0.2187499999999952816, 0.2499999999999953371, 0.3749999999999955036, 0.4374999999999958367, 0.4687499999999955591, 0.4843749999999953371, 0.4999999999999952260, 0.7499999999999976685, 1.000000000000000000 ),
 .UNSPECIFIED. ) ;
#1767 = EDGE_LOOP ( 'NONE', ( #1231, #3380, #1897, #2360, #2317, #3263 ) ) ;
#1768 = STYLED_ITEM ( 'NONE', ( #3987 ), #2442 ) ;
#1769 = DIRECTION ( 'NONE',  ( 0.000000000000000000, -1.000000000000000000, 0.000000000000000000 ) ) ;
#1770 = LINE ( 'NONE', #720, #4238 ) ;
#1771 = AXIS2_PLACEMENT_3D ( 'NONE', #1824, #3653, #1517 ) ;
#1772 = B_SPLINE_CURVE_WITH_KNOTS ( 'NONE', 3,
 ( #337, #4271, #1085, #1452, #714, #1761, #3189, #2510, #4314, #2533, #2576, #1950, #3659, #857, #2304, #4353, #3729, #3307, #2625, #3703, #3681, #4078, #80, #1252, #1856, #173, #3284, #104, #523, #2981, #475, #3632, #430, #1551 ),
 .UNSPECIFIED., .F., .F.,
 ( 4, 1, 1, 1, 1, 1, 1, 1, 2, 2, 1, 1, 1, 1, 2, 2, 1, 1, 1, 1, 1, 1, 1, 2, 2, 4 ),
 ( 0.000000000000000000, 0.1249999999999993339, 0.1874999999999991118, 0.2187499999999988620, 0.2343749999999987788, 0.2421874999999988065, 0.2460937499999987788, 0.2480468749999987510, 0.2490234374999986677, 0.2499999999999985845, 0.3749999999999974465, 0.4374999999999967248, 0.4687499999999962808, 0.4843749999999961142, 0.4921874999999960032, 0.4999999999999958922, 0.6249999999999953371, 0.6874999999999951150, 0.7187499999999950040, 0.7343749999999948930, 0.7421874999999947820, 0.7460937499999947820, 0.7480468749999947820, 0.7490234374999947820, 0.7499999999999947820, 1.000000000000000000 ),
 .UNSPECIFIED. ) ;
#1773 = EDGE_CURVE ( 'NONE', #1581, #4092, #450, .T. ) ;
#1774 = CARTESIAN_POINT ( 'NONE',  ( -10.56814677080980580, 48.15826517293877629, 10.42703846505018284 ) ) ;
#1775 = DIRECTION ( 'NONE',  ( 1.000000000000000000, 0.000000000000000000, 0.000000000000000000 ) ) ;
#1776 = ORIENTED_EDGE ( 'NONE', *, *, #2624, .T. ) ;
#1777 = AXIS2_PLACEMENT_3D ( 'NONE', #71, #1781, #1270 ) ;
#1778 = VERTEX_POINT ( 'NONE', #3325 ) ;
#1779 = CARTESIAN_POINT ( 'NONE',  ( 25.80142391516927702, -4.844651743181184855, 17.57841006907109360 ) ) ;
#1780 = CARTESIAN_POINT ( 'NONE',  ( -9.356289311095219219, 30.65049150433450365, -17.37920686163468886 ) ) ;
#1781 = DIRECTION ( 'NONE',  ( -1.000000000000000000, 0.000000000000000000, 0.000000000000000000 ) ) ;
#1782 = ORIENTED_EDGE ( 'NONE', *, *, #2817, .T. ) ;
#1783 = AXIS2_PLACEMENT_3D ( 'NONE', #3745, #760, #24 ) ;
#1784 = CARTESIAN_POINT ( 'NONE',  ( -25.09926571571919496, 5.357218168938767455, -17.76190397092890194 ) ) ;
#1785 = CARTESIAN_POINT ( 'NONE',  ( -19.33611908289992698, 25.27295830128058896, -4.589983206644624225 ) ) ;
#1786 = CARTESIAN_POINT ( 'NONE',  ( 25.10314052858186429, 21.61584343938216790, -7.271295961297677302 ) ) ;
#1787 = DIRECTION ( 'NONE',  ( 0.9701425001453337638, -0.2425356250363254473, -1.188081907519793725E-16 ) ) ;
#1788 = DIRECTION ( 'NONE',  ( 0.000000000000000000, 0.000000000000000000, -1.000000000000000000 ) ) ;
#1789 = CARTESIAN_POINT ( 'NONE',  ( -25.24268744968000178, -8.791695427043036304, 10.74192986892854051 ) ) ;
#1790 = PLANE ( 'NONE',  #2091 ) ;
#1791 = ADVANCED_FACE ( 'NONE', ( #100, #2643 ), #2946, .F. ) ;
#1792 = EDGE_LOOP ( 'NONE', ( #464, #558, #625, #4431 ) ) ;
#1793 = CARTESIAN_POINT ( 'NONE',  ( -25.65045932220603220, 23.29517530285261984, 4.179113949139702022 ) ) ;
#1794 = DIRECTION ( 'NONE',  ( 0.000000000000000000, 1.000000000000000000, 0.000000000000000000 ) ) ;
#1795 = DIRECTION ( 'NONE',  ( 0.000000000000000000, 0.000000000000000000, 1.000000000000000000 ) ) ;
#1796 = EDGE_CURVE ( 'NONE', #3112, #3206, #1920, .T. ) ;
#1797 = VERTEX_POINT ( 'NONE', #496 ) ;
#1798 = EDGE_CURVE ( 'NONE', #1081, #2803, #1924, .T. ) ;
#1799 = VERTEX_POINT ( 'NONE', #4499 ) ;
#1800 = DIRECTION ( 'NONE',  ( 0.000000000000000000, 0.4999999999999998890, 0.8660254037844387076 ) ) ;
#1801 = CARTESIAN_POINT ( 'NONE',  ( -6.394808977317744336, 29.15961042789071911, -18.67207996969044004 ) ) ;
#1802 = DIRECTION ( 'NONE',  ( 0.000000000000000000, 1.000000000000000000, 0.000000000000000000 ) ) ;
#1803 = APPLICATION_CONTEXT ( 'automotive_design' ) ;
#1804 = ORIENTED_EDGE ( 'NONE', *, *, #1566, .T. ) ;
#1805 = CARTESIAN_POINT ( 'NONE',  ( 0.000000000000000000, 0.000000000000000000, 1.304999999999999938 ) ) ;
#1806 = CARTESIAN_POINT ( 'NONE',  ( 10.44671181762918977, 18.06528855268080491, -17.16230809866961948 ) ) ;
#1807 = CARTESIAN_POINT ( 'NONE',  ( 25.37214957594362730, 22.66457473846378079, -5.454840067800605041 ) ) ;
#1808 = DIRECTION ( 'NONE',  ( 0.000000000000000000, 0.000000000000000000, 1.000000000000000000 ) ) ;
#1809 = CARTESIAN_POINT ( 'NONE',  ( -0.04936135483071887181, 41.35198246893876473, 14.78406204404102908 ) ) ;
#1810 = CARTESIAN_POINT ( 'NONE',  ( -15.12353291759644769, 18.83918749198666376, 14.78344169563649757 ) ) ;
#1811 = FACE_OUTER_BOUND ( 'NONE', #2222, .T. ) ;
#1812 = ORIENTED_EDGE ( 'NONE', *, *, #2847, .F. ) ;
#1813 = ADVANCED_FACE ( 'NONE', ( #2417 ), #1839, .T. ) ;
#1814 = CARTESIAN_POINT ( 'NONE',  ( 1.809277295169274602, 5.357218168938772784, -0.09174695092890516879 ) ) ;
#1815 = CARTESIAN_POINT ( 'NONE',  ( 0.6094223824907665232, 5.357218168938795877, -0.09174695092892692916 ) ) ;
#1816 = DIRECTION ( 'NONE',  ( 0.000000000000000000, -0.4999999999999998890, 0.8660254037844387076 ) ) ;
#1817 = VERTEX_POINT ( 'NONE', #1649 ) ;
#1818 = ORIENTED_EDGE ( 'NONE', *, *, #2742, .T. ) ;
#1819 = CARTESIAN_POINT ( 'NONE',  ( -4.806725698913748346, 24.90170309278070349, -19.14017877682965363 ) ) ;
#1820 = CARTESIAN_POINT ( 'NONE',  ( -5.474390464273031220, 27.94688436445495228, -18.96115297509153308 ) ) ;
#1821 = DIRECTION ( 'NONE',  ( -0.000000000000000000, 1.000000000000000000, -0.000000000000000000 ) ) ;
#1822 = EDGE_CURVE ( 'NONE', #376, #1239, #1994, .T. ) ;
#1823 = B_SPLINE_CURVE_WITH_KNOTS ( 'NONE', 3,
 ( #296, #4573, #1363, #318, #2837, #1739, #956, #711, #426, #4289, #1449, #2903, #2923, #2508, #1109, #2489, #1148, #2233, #4310, #3230, #1853, #779, #399, #2530, #2573, #1878, #3934, #3304, #4002, #3958, #101, #4351, #806, #2164, #2876, #2856, #1129, #1786, #3586, #1477, #1521, #3281, #3977, #379, #736, #3657, #3209, #451, #1807, #2205, #3913, #23, #4332, #1084, #4270, #1065, #759, #1828, #2549, #2141, #78, #1498, #3630, #2184, #1430, #3607 ),
 .UNSPECIFIED., .F., .F.,
 ( 4, 1, 1, 1, 1, 1, 1, 1, 2, 2, 1, 1, 1, 1, 2, 2, 1, 1, 1, 1, 1, 1, 1, 2, 2, 2, 1, 1, 1, 1, 1, 1, 1, 2, 2, 1, 1, 1, 1, 2, 2, 1, 1, 1, 1, 1, 1, 1, 2, 2, 4 ),
 ( 0.000000000000000000, 0.06249999999993881283, 0.09374999999990836497, 0.1093749999998930300, 0.1171874999998853556, 0.1210937499998814421, 0.1230468749998796379, 0.1240234374998787775, 0.1245117187498783751, 0.1249999999998779865, 0.1874999999998772648, 0.2187499999998769318, 0.2343749999998767097, 0.2421874999998766265, 0.2460937499998766820, 0.2499999999998767097, 0.3124999999998803735, 0.3437499999998820943, 0.3593749999998827049, 0.3671874999998832600, 0.3710937499998834821, 0.3730468749998837596, 0.3740234374998838707, 0.3745117187498841482, 0.3749999999998844258, 0.4999999999999390488, 0.5624999999999662492, 0.5937499999999797939, 0.6093749999999867883, 0.6171874999999902300, 0.6210937499999920064, 0.6230468749999928946, 0.6240234374999934497, 0.6245117187499936717, 0.6249999999999938938, 0.6875000000000142109, 0.7187500000000242029, 0.7343750000000290878, 0.7421875000000315303, 0.7460937500000327516, 0.7500000000000338618, 0.8125000000000492939, 0.8437500000000570655, 0.8593750000000606182, 0.8671875000000623945, 0.8710937500000635048, 0.8730468750000639488, 0.8740234375000642819, 0.8745117187500641709, 0.8750000000000639488, 1.000000000000000000 ),
 .UNSPECIFIED. ) ;
#1824 = CARTESIAN_POINT ( 'NONE',  ( 25.80142391516927702, 5.357218168938772784, -0.09174695092890516879 ) ) ;
#1825 = ORIENTED_EDGE ( 'NONE', *, *, #2450, .F. ) ;
#1826 = CARTESIAN_POINT ( 'NONE',  ( 25.75826859541185243, 12.42957292891424537, -17.76190397092889484 ) ) ;
#1827 = CARTESIAN_POINT ( 'NONE',  ( -20.06154792591975777, 24.04457280107860484, 1.357526607627735693 ) ) ;
#1828 = CARTESIAN_POINT ( 'NONE',  ( 25.66662033654221631, 23.76391754445576865, -3.550722472887162695 ) ) ;
#1829 = STYLED_ITEM ( 'NONE', ( #1000 ), #820 ) ;
#1830 = DIRECTION ( 'NONE',  ( 1.000000000000000000, 0.000000000000000000, 0.000000000000000000 ) ) ;
#1831 = DIRECTION ( 'NONE',  ( 0.000000000000000000, 1.000000000000000000, 0.000000000000000000 ) ) ;
#1832 = VECTOR ( 'NONE', #3132, 1000.000000000000000 ) ;
#1833 = CARTESIAN_POINT ( 'NONE',  ( -13.60947393938027083, 21.13644791879048768, -14.31442528956884530 ) ) ;
#1834 = ORIENTED_EDGE ( 'NONE', *, *, #4588, .T. ) ;
#1835 = AXIS2_PLACEMENT_3D ( 'NONE', #4149, #2398, #4176 ) ;
#1836 = CARTESIAN_POINT ( 'NONE',  ( 25.39347488093650185, 18.58157770767401118, 12.34330447042355416 ) ) ;
#1837 = CARTESIAN_POINT ( 'NONE',  ( -25.52930541633147143, 9.770728730028453768, -17.76190397092890905 ) ) ;
#1838 = CARTESIAN_POINT ( 'NONE',  ( -25.60749589188918307, -7.463203051273233690, -13.22644006308753362 ) ) ;
#1839 = CONICAL_SURFACE ( 'NONE', #4536, 17.26112560749999858, 1.450172658214790022 ) ;
#1840 = ORIENTED_EDGE ( 'NONE', *, *, #3996, .T. ) ;
#1841 = CIRCLE ( 'NONE', #2588, 12.69976831227986125 ) ;
#1842 = CARTESIAN_POINT ( 'NONE',  ( 34.30927729516927371, -15.04652165530114338, -0.09174695092889822989 ) ) ;
#1843 = CARTESIAN_POINT ( 'NONE',  ( -14.48296917122395122, 28.59790987654566763, -13.40166712816637329 ) ) ;
#1844 = CARTESIAN_POINT ( 'NONE',  ( -25.90014662483071817, -3.018563823142123237, -17.76190397092890194 ) ) ;
#1845 = ADVANCED_FACE ( 'NONE', ( #638 ), #3426, .T. ) ;
#1846 = CIRCLE ( 'NONE', #429, 5.291230352099999479 ) ;
#1847 = CARTESIAN_POINT ( 'NONE',  ( -19.68286915483071553, 25.55339647824940386, -0.09174695092890619574 ) ) ;
#1848 = EDGE_LOOP ( 'NONE', ( #821, #803, #2174 ) ) ;
#1849 = EDGE_LOOP ( 'NONE', ( #2715, #4582, #322, #2763 ) ) ;
#1850 = FACE_OUTER_BOUND ( 'NONE', #20, .T. ) ;
#1851 = CIRCLE ( 'NONE', #2454, 2.617801039999999357 ) ;
#1852 = CARTESIAN_POINT ( 'NONE',  ( -10.56814677080980580, 41.35198246893876473, 10.42703846505018284 ) ) ;
#1853 = CARTESIAN_POINT ( 'NONE',  ( 25.33211367775187739, 18.79298202278873475, -12.16063535756335945 ) ) ;
#1854 =( BOUNDED_CURVE ( )  B_SPLINE_CURVE ( 2, ( #1398, #4296, #1774 ),
 .UNSPECIFIED., .F., .F. ) 
 B_SPLINE_CURVE_WITH_KNOTS ( ( 3, 3 ),
 ( 0.000000000000000000, 1.751308635449589923 ),
 .UNSPECIFIED. ) 
 CURVE ( )  GEOMETRIC_REPRESENTATION_ITEM ( )  RATIONAL_B_SPLINE_CURVE ( ( 1.000000000000000000, 1.082392200292400020, 1.000000000000000000 ) ) 
 REPRESENTATION_ITEM ( '' )  );
#1855 = AXIS2_PLACEMENT_3D ( 'NONE', #2473, #1415, #2860 ) ;
#1856 = CARTESIAN_POINT ( 'NONE',  ( 25.66099255524021316, -0.7991750224037561523, 17.57841006907109005 ) ) ;
#1857 = ADVANCED_FACE ( 'NONE', ( #3093 ), #1622, .F. ) ;
#1858 = DIRECTION ( 'NONE',  ( 1.000000000000000000, 0.000000000000000000, 0.000000000000000000 ) ) ;
#1859 = CARTESIAN_POINT ( 'NONE',  ( -14.69559187097222441, 22.33780921642996731, -13.16670380287745346 ) ) ;
#1860 =( GEOMETRIC_REPRESENTATION_CONTEXT ( 3 ) GLOBAL_UNCERTAINTY_ASSIGNED_CONTEXT ( ( #606 ) ) GLOBAL_UNIT_ASSIGNED_CONTEXT ( ( #3233, #4352, #3282 ) ) REPRESENTATION_CONTEXT ( 'NONE', 'WORKASPACE' ) );
#1861 = LINE ( 'NONE', #4036, #1044 ) ;
#1862 = CARTESIAN_POINT ( 'NONE',  ( 25.68125067855960353, -13.11877328868139436, -3.430705066122207381 ) ) ;
#1863 = ORIENTED_EDGE ( 'NONE', *, *, #2925, .F. ) ;
#1864 = CARTESIAN_POINT ( 'NONE',  ( 25.17206816842314154, 21.92797386488131295, 6.547176303887233928 ) ) ;
#1865 = CARTESIAN_POINT ( 'NONE',  ( -25.22006904117310100, 7.447825623759336544, -17.76190397092890905 ) ) ;
#1866 = CARTESIAN_POINT ( 'NONE',  ( 22.10926522291496354, 5.357218168938774561, 17.07581914090659936 ) ) ;
#1867 = DIRECTION ( 'NONE',  ( -0.9701425001453337638, -0.2425356250363254473, 0.000000000000000000 ) ) ;
#1868 = APPLICATION_CONTEXT ( 'automotive_design' ) ;
#1869 = ORIENTED_EDGE ( 'NONE', *, *, #1160, .F. ) ;
#1870 = CARTESIAN_POINT ( 'NONE',  ( -10.93875291890414836, 19.95841156301267461, -16.43431292636327257 ) ) ;
#1871 = CARTESIAN_POINT ( 'NONE',  ( -14.41050240894500689, 28.69009677260889291, -13.47970872951130517 ) ) ;
#1872 = FACE_OUTER_BOUND ( 'NONE', #1640, .T. ) ;
#1873 = CARTESIAN_POINT ( 'NONE',  ( -19.68286915483071553, 26.19954656072355448, -0.09174695092890626513 ) ) ;
#1874 = EDGE_LOOP ( 'NONE', ( #2985, #1539, #87 ) ) ;
#1875 = CARTESIAN_POINT ( 'NONE',  ( -0.04936135483071932978, 41.35198246893876473, -0.09174695092890516879 ) ) ;
#1876 = EDGE_CURVE ( 'NONE', #974, #2686, #4523, .T. ) ;
#1877 = CARTESIAN_POINT ( 'NONE',  ( -34.40800000483071130, 15.55908808105873220, 17.57841006907109360 ) ) ;
#1878 = CARTESIAN_POINT ( 'NONE',  ( 25.12542757119249259, 19.59544189034349415, -10.77073409592352604 ) ) ;
#1879 = DIRECTION ( 'NONE',  ( 0.000000000000000000, 0.000000000000000000, -1.000000000000000000 ) ) ;
#1880 = CARTESIAN_POINT ( 'NONE',  ( 10.46942406114836821, 41.35198246893876473, 10.42703846505018284 ) ) ;
#1881 = LINE ( 'NONE', #402, #1178 ) ;
#1882 = CARTESIAN_POINT ( 'NONE',  ( -14.68706473928196132, 22.32620705126275240, -13.17489815246753437 ) ) ;
#1883 = EDGE_CURVE ( 'NONE', #488, #925, #3413, .T. ) ;
#1884 = ORIENTED_EDGE ( 'NONE', *, *, #4445, .T. ) ;
#1885 = B_SPLINE_CURVE_WITH_KNOTS ( 'NONE', 3,
 ( #1298, #2982, #4107, #3003, #1628, #1552, #2720, #3330, #1653, #130, #1578, #3777, #4452, #1951, #476, #1903, #3023, #4079, #3400, #2351, #1973, #2256, #3355, #3683, #4427, #4130, #3376, #575, #1226, #2646, #930, #4057, #2627, #3433, #2277, #883, #2305, #1929, #1254, #225, #199, #548, #4155, #3730, #2672, #3076, #4406, #3053, #524, #1601, #174, #1205, #859, #3704, #907, #501, #4481, #2328, #3752, #4503, #1278, #2699, #2812, #3123, #3097, #4555 ),
 .UNSPECIFIED., .F., .F.,
 ( 4, 1, 1, 1, 1, 1, 1, 1, 2, 2, 1, 1, 1, 1, 2, 2, 1, 1, 1, 1, 1, 1, 1, 2, 2, 2, 1, 1, 1, 1, 1, 1, 1, 2, 2, 1, 1, 1, 1, 2, 2, 1, 1, 1, 1, 1, 1, 1, 2, 2, 4 ),
 ( 0.000000000000000000, 0.06250000000000308087, 0.09375000000000462130, 0.1093750000000053568, 0.1171875000000055927, 0.1210937500000057454, 0.1230468750000058425, 0.1240234375000059258, 0.1245117187500059813, 0.1250000000000060507, 0.1875000000000109079, 0.2187500000000132949, 0.2343750000000144884, 0.2421875000000150990, 0.2460937500000152101, 0.2500000000000153211, 0.3125000000000157652, 0.3437500000000160427, 0.3593750000000162093, 0.3671875000000162093, 0.3710937500000162093, 0.3730468750000162093, 0.3740234375000163758, 0.3745117187500163758, 0.3750000000000163203, 0.5000000000000349720, 0.5625000000000439648, 0.5937500000000482947, 0.6093750000000504041, 0.6171875000000514033, 0.6210937500000519584, 0.6230468750000519584, 0.6240234375000518474, 0.6245117187500518474, 0.6250000000000519584, 0.6875000000000669464, 0.7187500000000744960, 0.7343750000000781597, 0.7421875000000801581, 0.7460937500000810463, 0.7500000000000820455, 0.8125000000000950351, 0.8437500000001013634, 0.8593750000001045830, 0.8671875000001058043, 0.8710937500001065814, 0.8730468750001068035, 0.8740234375001069145, 0.8745117187501066924, 0.8750000000001065814, 1.000000000000000000 ),
 .UNSPECIFIED. ) ;
#1886 = ORIENTED_EDGE ( 'NONE', *, *, #1075, .F. ) ;
#1887 = VERTEX_POINT ( 'NONE', #3469 ) ;
#1888 = DIRECTION ( 'NONE',  ( 0.000000000000000000, 1.000000000000000000, 0.000000000000000000 ) ) ;
#1889 = CARTESIAN_POINT ( 'NONE',  ( 0.000000000000000000, 3.000000000000000000, 0.000000000000000000 ) ) ;
#1890 = CARTESIAN_POINT ( 'NONE',  ( -21.22523492344811658, 22.96285568126648968, -0.09174695092890604309 ) ) ;
#1891 = CARTESIAN_POINT ( 'NONE',  ( -25.38831380283845363, -11.65901311419079711, -5.959083855205544289 ) ) ;
#1892 = ORIENTED_EDGE ( 'NONE', *, *, #3218, .T. ) ;
#1893 = LINE ( 'NONE', #1842, #794 ) ;
#1894 = CARTESIAN_POINT ( 'NONE',  ( 25.69024839415355999, -1.077184412659853541, -17.76190397092889128 ) ) ;
#1895 = CARTESIAN_POINT ( 'NONE',  ( -10.19334038483071758, 25.31795109893877083, -19.72525475092890446 ) ) ;
#1896 = CARTESIAN_POINT ( 'NONE',  ( 0.7210741646621710021, 15.85658392037041509, 19.63359679470925911 ) ) ;
#1897 = ORIENTED_EDGE ( 'NONE', *, *, #2555, .T. ) ;
#1898 = CARTESIAN_POINT ( 'NONE',  ( -14.92517034980065205, 41.35198246893876473, -0.09174695092890561288 ) ) ;
#1899 = CARTESIAN_POINT ( 'NONE',  ( -8.745774109958544429, 18.44631214447655054, 17.68185394277146827 ) ) ;
#1900 = DIRECTION ( 'NONE',  ( 0.000000000000000000, -1.000000000000000000, 0.000000000000000000 ) ) ;
#1901 = EDGE_CURVE ( 'NONE', #3693, #3812, #1295, .T. ) ;
#1902 = DIRECTION ( 'NONE',  ( 0.000000000000000000, 1.000000000000000000, 0.000000000000000000 ) ) ;
#1903 = CARTESIAN_POINT ( 'NONE',  ( -25.55653131414290868, 22.96183279161300206, -4.939974016787153310 ) ) ;
#1904 = DIRECTION ( 'NONE',  ( 0.000000000000000000, 0.8660254037844387076, 0.4999999999999999445 ) ) ;
#1905 = CARTESIAN_POINT ( 'NONE',  ( -14.21401894777030250, 21.71520365464344238, -13.69651170148686958 ) ) ;
#1906 = VECTOR ( 'NONE', #623, 1000.000000000000000 ) ;
#1907 = ORIENTED_EDGE ( 'NONE', *, *, #1764, .T. ) ;
#1908 = EDGE_CURVE ( 'NONE', #3625, #2388, #4165, .T. ) ;
#1909 = ORIENTED_EDGE ( 'NONE', *, *, #602, .F. ) ;
#1910 = ORIENTED_EDGE ( 'NONE', *, *, #602, .T. ) ;
#1911 = CARTESIAN_POINT ( 'NONE',  ( -0.04936135483071932284, -21.78289714104534269, -0.09174695092890515491 ) ) ;
#1912 = CIRCLE ( 'NONE', #4528, 17.16756609183550353 ) ;
#1913 = CARTESIAN_POINT ( 'NONE',  ( -25.22986770882139851, 7.539299630265855257, -17.76190397092891260 ) ) ;
#1914 = CARTESIAN_POINT ( 'NONE',  ( -25.24224807926695391, -8.799033573045242917, -10.91271372907717385 ) ) ;
#1915 = AXIS2_PLACEMENT_3D ( 'NONE', #947, #1595, #3449 ) ;
#1916 = EDGE_LOOP ( 'NONE', ( #3016, #3905 ) ) ;
#1917 = CARTESIAN_POINT ( 'NONE',  ( -5.434837500242429620, 22.76655468270581295, -18.97226186588530439 ) ) ;
#1918 = EDGE_CURVE ( 'NONE', #2017, #1797, #2784, .T. ) ;
#1919 = CARTESIAN_POINT ( 'NONE',  ( -15.32884054228056137, 26.98472110089877418, -12.42107283146725294 ) ) ;
#1920 = CIRCLE ( 'NONE', #2078, 8.500000000000000000 ) ;
#1921 = CARTESIAN_POINT ( 'NONE',  ( -0.04936135483071932284, -21.78289714104536046, 27.04836835905522818 ) ) ;
#1922 = CARTESIAN_POINT ( 'NONE',  ( 10.83400255910697396, 19.30065255063173879, 16.44392106651403651 ) ) ;
#1923 = CARTESIAN_POINT ( 'NONE',  ( 25.04039386986597293, -9.288657822514775120, 9.881165750520365165 ) ) ;
#1924 = LINE ( 'NONE', #3352, #1250 ) ;
#1925 = CARTESIAN_POINT ( 'NONE',  ( -25.77030912227682791, 11.61131211904458382, 17.57841006907110071 ) ) ;
#1926 = AXIS2_PLACEMENT_3D ( 'NONE', #4202, #1022, #4247 ) ;
#1927 = AXIS2_PLACEMENT_3D ( 'NONE', #4215, #4150, #243 ) ;
#1928 = LINE ( 'NONE', #833, #1455 ) ;
#1929 = CARTESIAN_POINT ( 'NONE',  ( -25.20186323824330188, 19.70420263485826951, -10.58235496055491431 ) ) ;
#1930 = CARTESIAN_POINT ( 'NONE',  ( -20.85191910188919096, 22.74305984277028969, 4.353296642434686170 ) ) ;
#1931 = TOROIDAL_SURFACE ( 'NONE', #2820, 19.55474809580329776, 2.617801039999999801 ) ;
#1932 = ORIENTED_EDGE ( 'NONE', *, *, #3226, .T. ) ;
#1933 = EDGE_LOOP ( 'NONE', ( #3481, #240 ) ) ;
#1934 = FACE_OUTER_BOUND ( 'NONE', #1209, .T. ) ;
#1935 = CARTESIAN_POINT ( 'NONE',  ( -20.06154792591975777, 24.04457280107860484, -0.09174695092890605697 ) ) ;
#1936 = EDGE_CURVE ( 'NONE', #2281, #4119, #3631, .T. ) ;
#1937 = DIRECTION ( 'NONE',  ( -0.000000000000000000, 1.000000000000000000, 0.000000000000000000 ) ) ;
#1938 = CARTESIAN_POINT ( 'NONE',  ( -25.48361335432593577, -11.99432609904475378, -5.378304729000915607 ) ) ;
#1939 = VERTEX_POINT ( 'NONE', #3139 ) ;
#1940 = CARTESIAN_POINT ( 'NONE',  ( -25.24268744970235900, 21.81391430940731979, 6.744733249056925395 ) ) ;
#1941 = EDGE_CURVE ( 'NONE', #169, #3785, #4404, .T. ) ;
#1942 = CARTESIAN_POINT ( 'NONE',  ( 25.24428199788548000, 2.252742422075570961, -17.76190397092889484 ) ) ;
#1943 = CARTESIAN_POINT ( 'NONE',  ( 22.10926522291495999, 22.52478426077425411, 17.07581914090657804 ) ) ;
#1944 = ADVANCED_FACE ( 'NONE', ( #753 ), #2097, .T. ) ;
#1945 = CARTESIAN_POINT ( 'NONE',  ( 14.40681628829507233, 22.14502890925864875, 13.59218824931898340 ) ) ;
#1946 = ORIENTED_EDGE ( 'NONE', *, *, #4391, .F. ) ;
#1947 = CARTESIAN_POINT ( 'NONE',  ( 25.41042989032019150, -7.808657184957604080, 12.44460205000371111 ) ) ;
#1948 = CARTESIAN_POINT ( 'NONE',  ( 7.286240166128813200, 17.80482341410766267, 18.19530067648601701 ) ) ;
#1949 = CARTESIAN_POINT ( 'NONE',  ( -25.44209012500634515, 9.165309055787403736, 17.57841006907109715 ) ) ;
#1950 = CARTESIAN_POINT ( 'NONE',  ( 25.11983828796158136, 3.281041620037406847, 17.57841006907109005 ) ) ;
#1951 = CARTESIAN_POINT ( 'NONE',  ( -25.69547617587534916, 23.46541425433737160, -4.067745337598705824 ) ) ;
#1952 = CARTESIAN_POINT ( 'NONE',  ( 21.20689817728111493, 23.00955410957035951, -3.095016133270875880 ) ) ;
#1953 = DIRECTION ( 'NONE',  ( -0.000000000000000000, 1.000000000000000000, -0.000000000000000000 ) ) ;
#1954 = ORIENTED_EDGE ( 'NONE', *, *, #4589, .T. ) ;
#1955 = UNCERTAINTY_MEASURE_WITH_UNIT (LENGTH_MEASURE( 1.000000000000000082E-05 ), #3966, 'distance_accuracy_value', 'NONE');
#1956 = ORIENTED_EDGE ( 'NONE', *, *, #3959, .F. ) ;
#1957 = FACE_BOUND ( 'NONE', #750, .T. ) ;
#1958 = CARTESIAN_POINT ( 'NONE',  ( -5.947537264044192362, 15.11875243395421897, 19.23783479048049472 ) ) ;
#1959 = CARTESIAN_POINT ( 'NONE',  ( -25.20186323824275831, -8.989766296991639649, 10.39886105867818600 ) ) ;
#1960 = LINE ( 'NONE', #1139, #2230 ) ;
#1961 = ORIENTED_EDGE ( 'NONE', *, *, #1075, .T. ) ;
#1962 = EDGE_CURVE ( 'NONE', #1633, #3859, #2215, .T. ) ;
#1963 = EDGE_LOOP ( 'NONE', ( #372, #786, #3365, #2498, #4051, #1445 ) ) ;
#1964 = LINE ( 'NONE', #4095, #1023 ) ;
#1965 = PLANE ( 'NONE',  #127 ) ;
#1966 = CARTESIAN_POINT ( 'NONE',  ( 19.58294920552823015, 26.19831906579665670, -0.09186430281803188713 ) ) ;
#1967 = EDGE_LOOP ( 'NONE', ( #2493, #648 ) ) ;
#1968 = CARTESIAN_POINT ( 'NONE',  ( 25.19719044503652938, -11.31934900697278579, 6.363905444556862356 ) ) ;
#1969 = CARTESIAN_POINT ( 'NONE',  ( 25.73803953927556165, 12.30415003896709791, 17.57841006907108294 ) ) ;
#1970 = ADVANCED_FACE ( 'NONE', ( #2465 ), #2177, .T. ) ;
#1971 = CARTESIAN_POINT ( 'NONE',  ( -25.09925401646378518, 5.667432901197708262, 17.57841006907110781 ) ) ;
#1972 = CARTESIAN_POINT ( 'NONE',  ( -14.95909937886846386, 22.76830181819257959, -12.86680096559675590 ) ) ;
#1973 = CARTESIAN_POINT ( 'NONE',  ( -25.43083638743069841, 22.52706405152719782, -5.693015564158473651 ) ) ;
#1974 = CARTESIAN_POINT ( 'NONE',  ( -20.06154792591975777, 24.04457280107860484, -0.09174695092890605697 ) ) ;
#1975 = CARTESIAN_POINT ( 'NONE',  ( 25.37214957593849363, -7.941034997913903659, -12.39881085402634575 ) ) ;
#1976 = AXIS2_PLACEMENT_3D ( 'NONE', #4483, #885, #4132 ) ;
#1977 = EDGE_LOOP ( 'NONE', ( #3080, #1265, #1618, #2634 ) ) ;
#1978 = CARTESIAN_POINT ( 'NONE',  ( -22.20798793257640469, 22.52478426077425411, -17.25931304276438638 ) ) ;
#1979 = CARTESIAN_POINT ( 'NONE',  ( -20.85191910188919096, 22.74305984277028969, 4.353296642434686170 ) ) ;
#1980 = CARTESIAN_POINT ( 'NONE',  ( -25.34300470758461898, -11.49782457284668524, 6.054776696553652471 ) ) ;
#1981 = VECTOR ( 'NONE', #557, 1000.000000000000000 ) ;
#1982 = PLANE ( 'NONE',  #3572 ) ;
#1983 = ORIENTED_EDGE ( 'NONE', *, *, #2828, .F. ) ;
#1984 = CIRCLE ( 'NONE', #3848, 14.56151828499999823 ) ;
#1985 = ORIENTED_EDGE ( 'NONE', *, *, #610, .F. ) ;
#1986 = DIRECTION ( 'NONE',  ( 0.000000000000000000, 1.000000000000000000, 0.000000000000000000 ) ) ;
#1987 = DIRECTION ( 'NONE',  ( 0.9927337820337078789, -0.1203313675192411863, -1.215748248573026702E-16 ) ) ;
#1988 = EDGE_LOOP ( 'NONE', ( #4363, #3442, #1120, #1721 ) ) ;
#1989 = CARTESIAN_POINT ( 'NONE',  ( 25.80142391516927702, 5.357218168938769232, -0.09174695092890516879 ) ) ;
#1990 = VECTOR ( 'NONE', #4522, 1000.000000000000000 ) ;
#1991 = B_SPLINE_CURVE_WITH_KNOTS ( 'NONE', 3,
 ( #3861, #2783, #1100, #4566, #3533, #663, #3580, #2849, #2524, #1377, #2482, #727, #4213, #1077, #4239, #2831, #1751, #1356, #1059, #1039, #2499, #2868, #3515, #2463, #2438, #704, #4300, #3925, #3906, #311, #2095, #684, #2132, #2156 ),
 .UNSPECIFIED., .F., .F.,
 ( 4, 1, 1, 1, 1, 1, 1, 1, 2, 2, 1, 1, 1, 1, 2, 2, 1, 1, 1, 1, 1, 1, 1, 2, 2, 4 ),
 ( 0.000000000000000000, 0.06249999999999551747, 0.09374999999999324152, 0.1093749999999920758, 0.1171874999999914929, 0.1210937499999911876, 0.1230468749999910627, 0.1240234374999910349, 0.1245117187499910488, 0.1249999999999910349, 0.1874999999999944766, 0.2187499999999962530, 0.2343749999999971134, 0.2421874999999975575, 0.2460937499999977240, 0.2499999999999978906, 0.3125000000000008327, 0.3437500000000023315, 0.3593750000000031086, 0.3671875000000034417, 0.3710937500000036082, 0.3730468750000036082, 0.3740234375000036082, 0.3745117187500035527, 0.3750000000000034972, 0.5000000000000000000 ),
 .UNSPECIFIED. ) ;
#1992 = CARTESIAN_POINT ( 'NONE',  ( 25.67430879347533335, 23.79995411416576090, 3.304811401361135381 ) ) ;
#1993 = ORIENTED_EDGE ( 'NONE', *, *, #1876, .T. ) ;
#1994 = CIRCLE ( 'NONE', #3856, 19.55474809580329776 ) ;
#1995 = CARTESIAN_POINT ( 'NONE',  ( -1.190722704830725398, 5.357218168938772784, -8.591746950928905946 ) ) ;
#1996 = CARTESIAN_POINT ( 'NONE',  ( 25.70735880413550944, 11.96544425200798756, 17.57841006907108650 ) ) ;
#1997 = CARTESIAN_POINT ( 'NONE',  ( -15.48457073693071706, 25.31795109893877083, -19.72525475092890446 ) ) ;
#1998 = ADVANCED_FACE ( 'NONE', ( #3534 ), #3601, .T. ) ;
#1999 = EDGE_CURVE ( 'NONE', #2768, #697, #4004, .T. ) ;
#2000 = B_SPLINE_CURVE_WITH_KNOTS ( 'NONE', 3,
 ( #3199, #1747, #2864, #2129, #3173, #2890, #4631, #4605, #1420, #2152, #3596, #3529 ),
 .UNSPECIFIED., .F., .F.,
 ( 4, 1, 1, 1, 1, 1, 1, 1, 1, 4 ),
 ( 0.000000000000000000, 0.1083454277563538487, 0.2455233136630468882, 0.3141122566163934149, 0.3827011995697395252, 0.5198790854764330227, 0.6570569713831260206, 0.7942348572898065839, 0.9314127431964998038, 1.000000000000000000 ),
 .UNSPECIFIED. ) ;
#2001 = LINE ( 'NONE', #2348, #2826 ) ;
#2002 = AXIS2_PLACEMENT_3D ( 'NONE', #2457, #1054, #4603 ) ;
#2003 = DIRECTION ( 'NONE',  ( 1.000000000000000000, 0.000000000000000000, 0.000000000000000000 ) ) ;
#2004 = CONICAL_SURFACE ( 'NONE', #3344, 12.48093780438496303, 0.03123964828144646863 ) ;
#2005 = DIRECTION ( 'NONE',  ( 1.000000000000000000, 0.000000000000000000, 0.000000000000000000 ) ) ;
#2006 = EDGE_CURVE ( 'NONE', #343, #1817, #2832, .T. ) ;
#2007 = CARTESIAN_POINT ( 'NONE',  ( -2.569409947281121376, 14.78580227536893865, 19.66137740500738573 ) ) ;
#2008 = CARTESIAN_POINT ( 'NONE',  ( 11.55867995589606245, 41.35198246893876473, 7.797342111055376002 ) ) ;
#2009 = AXIS2_PLACEMENT_3D ( 'NONE', #2466, #2766, #997 ) ;
#2010 = EDGE_CURVE ( 'NONE', #1581, #4254, #2504, .T. ) ;
#2011 = EDGE_LOOP ( 'NONE', ( #4507, #1091, #421, #1058, #4329, #1717 ) ) ;
#2012 = DIRECTION ( 'NONE',  ( 0.000000000000000000, 0.4999999999999998890, -0.8660254037844387076 ) ) ;
#2013 = CARTESIAN_POINT ( 'NONE',  ( -25.22140975618409797, -10.99726220754171990, 6.921776145618705911 ) ) ;
#2014 = VECTOR ( 'NONE', #2039, 1000.000000000000000 ) ;
#2015 = DIRECTION ( 'NONE',  ( 0.000000000000000000, 1.000000000000000000, 0.000000000000000000 ) ) ;
#2016 = DIRECTION ( 'NONE',  ( 0.3826834323650898928, 0.000000000000000000, -0.9238795325112867385 ) ) ;
#2017 = VERTEX_POINT ( 'NONE', #4024 ) ;
#2018 =( BOUNDED_CURVE ( )  B_SPLINE_CURVE ( 2, ( #4137, #3830, #3103 ),
 .UNSPECIFIED., .F., .F. ) 
 B_SPLINE_CURVE_WITH_KNOTS ( ( 3, 3 ),
 ( 0.000000000000000000, 1.751308635449589923 ),
 .UNSPECIFIED. ) 
 CURVE ( )  GEOMETRIC_REPRESENTATION_ITEM ( )  RATIONAL_B_SPLINE_CURVE ( ( 1.000000000000000000, 1.082392200292389806, 1.000000000000000000 ) ) 
 REPRESENTATION_ITEM ( '' )  );
#2019 = AXIS2_PLACEMENT_3D ( 'NONE', #1112, #82, #1788 ) ;
#2020 = ORIENTED_EDGE ( 'NONE', *, *, #257, .F. ) ;
#2021 = CARTESIAN_POINT ( 'NONE',  ( -25.77997338822105178, 17.48683644767544365, 14.23945195388301954 ) ) ;
#2022 = PLANE ( 'NONE',  #2511 ) ;
#2023 = ORIENTED_EDGE ( 'NONE', *, *, #3196, .T. ) ;
#2024 = CARTESIAN_POINT ( 'NONE',  ( -14.77231647358054900, 18.65685507163431112, -15.34819708948109707 ) ) ;
#2025 = DIRECTION ( 'NONE',  ( 0.000000000000000000, -0.4999999999999998890, 0.8660254037844387076 ) ) ;
#2026 = ORIENTED_EDGE ( 'NONE', *, *, #1307, .F. ) ;
#2027 = CARTESIAN_POINT ( 'NONE',  ( 25.55173661254771389, -12.58073896499692701, 4.179113949101872727 ) ) ;
#2028 = CARTESIAN_POINT ( 'NONE',  ( 25.67664119311188387, 11.65929723346456193, 17.57841006907108294 ) ) ;
#2029 = DIRECTION ( 'NONE',  ( 1.000000000000000000, 0.000000000000000000, 0.000000000000000000 ) ) ;
#2030 = LINE ( 'NONE', #4179, #1561 ) ;
#2031 = EDGE_CURVE ( 'NONE', #3579, #47, #4342, .T. ) ;
#2032 = CARTESIAN_POINT ( 'NONE',  ( -23.28234558483071481, 5.357218168938772784, -0.09174695092890516879 ) ) ;
#2033 = FACE_OUTER_BOUND ( 'NONE', #1530, .T. ) ;
#2034 = CARTESIAN_POINT ( 'NONE',  ( 25.12077807093622184, -10.98817702878508840, -7.121006038678840966 ) ) ;
#2035 = VERTEX_POINT ( 'NONE', #2711 ) ;
#2036 = CARTESIAN_POINT ( 'NONE',  ( -1.190722704830725398, 5.357218168938772784, -0.09174695092890516879 ) ) ;
#2037 = CARTESIAN_POINT ( 'NONE',  ( -0.7081450921521601494, -27.71399253638288940, -16.97943148978304606 ) ) ;
#2038 = EDGE_CURVE ( 'NONE', #4092, #2562, #4606, .T. ) ;
#2039 = DIRECTION ( 'NONE',  ( 1.000000000000000000, 0.000000000000000000, 0.000000000000000000 ) ) ;
#2040 = ORIENTED_EDGE ( 'NONE', *, *, #1621, .F. ) ;
#2041 = CARTESIAN_POINT ( 'NONE',  ( -25.60749589192279174, 18.17763938900206355, 13.04294616148728814 ) ) ;
#2042 = CARTESIAN_POINT ( 'NONE',  ( -1.190722704830725398, 5.357218168938772784, -0.09174695092890516879 ) ) ;
#2043 = DIRECTION ( 'NONE',  ( 0.000000000000000000, -1.000000000000000000, 0.000000000000000000 ) ) ;
#2044 = CARTESIAN_POINT ( 'NONE',  ( -8.745774109958544429, 18.44631214447655054, 17.68185394277146827 ) ) ;
#2045 = ORIENTED_EDGE ( 'NONE', *, *, #2368, .T. ) ;
#2046 = DIRECTION ( 'NONE',  ( -1.000000000000000000, 0.000000000000000000, 0.000000000000000000 ) ) ;
#2047 = CARTESIAN_POINT ( 'NONE',  ( 25.33211367775167844, 9.091300197595421295, 17.57841006907108650 ) ) ;
#2048 = FACE_OUTER_BOUND ( 'NONE', #3604, .T. ) ;
#2049 = ORIENTED_EDGE ( 'NONE', *, *, #3806, .F. ) ;
#2050 = CARTESIAN_POINT ( 'NONE',  ( -15.53529144635887782, 24.53348307157322949, -12.16074294054570260 ) ) ;
#2051 = DIRECTION ( 'NONE',  ( -0.3826834323650898928, 0.000000000000000000, -0.9238795325112867385 ) ) ;
#2052 = EDGE_CURVE ( 'NONE', #4293, #2557, #1241, .T. ) ;
#2053 = CARTESIAN_POINT ( 'NONE',  ( 25.05902419773347489, -9.233338065720342769, -10.16047628180846907 ) ) ;
#2054 = B_SPLINE_CURVE_WITH_KNOTS ( 'NONE', 3,
 ( #4014, #2961, #3985, #2217, #1459, #1189, #3266, #2862, #408, #2559, #818, #1486, #2887, #385, #842, #766, #1837, #4320, #4041, #1117, #2933, #1158, #439, #4294, #1913, #2537, #3315, #1865, #483, #2171, #3339, #3946, #2263, #3594 ),
 .UNSPECIFIED., .F., .F.,
 ( 4, 1, 1, 1, 1, 1, 1, 1, 2, 2, 1, 1, 1, 1, 2, 2, 1, 1, 1, 1, 1, 1, 1, 2, 2, 4 ),
 ( 0.000000000000000000, 0.1249999999999460987, 0.1874999999999194533, 0.2187499999999060474, 0.2343749999998994415, 0.2421874999998963884, 0.2460937499998951949, 0.2480468749998943623, 0.2490234374998940292, 0.2499999999998936961, 0.3749999999998942513, 0.4374999999998949174, 0.4687499999998955835, 0.4843749999998958611, 0.4921874999998957501, 0.4999999999998955280, 0.6249999999998915312, 0.6874999999998893108, 0.7187499999998880895, 0.7343749999998876454, 0.7421874999998870903, 0.7460937499998866462, 0.7480468749998867573, 0.7490234374998869793, 0.7499999999998872013, 1.000000000000000000 ),
 .UNSPECIFIED. ) ;
#2055 = ORIENTED_EDGE ( 'NONE', *, *, #632, .F. ) ;
#2056 = UNCERTAINTY_MEASURE_WITH_UNIT (LENGTH_MEASURE( 1.000000000000000082E-05 ), #4129, 'distance_accuracy_value', 'NONE');
#2057 = LINE ( 'NONE', #1679, #2572 ) ;
#2058 = DIRECTION ( 'NONE',  ( -1.000000000000000000, 0.000000000000000000, 0.000000000000000000 ) ) ;
#2059 = CARTESIAN_POINT ( 'NONE',  ( -0.04936135483071932978, 41.35198246893876473, -0.09174695092890516879 ) ) ;
#2060 = ADVANCED_FACE ( 'NONE', ( #187 ), #1667, .T. ) ;
#2061 = ORIENTED_EDGE ( 'NONE', *, *, #3959, .T. ) ;
#2062 = VECTOR ( 'NONE', #2631, 1000.000000000000000 ) ;
#2063 = LINE ( 'NONE', #3853, #1832 ) ;
#2064 = DIRECTION ( 'NONE',  ( 0.000000000000000000, 0.8660254037844384856, -0.5000000000000003331 ) ) ;
#2065 = FACE_OUTER_BOUND ( 'NONE', #3174, .T. ) ;
#2066 = EDGE_CURVE ( 'NONE', #3851, #74, #561, .T. ) ;
#2067 = CARTESIAN_POINT ( 'NONE',  ( -0.04936135483071932978, 38.09609242543876917, -0.09174695092890516879 ) ) ;
#2068 = ORIENTED_EDGE ( 'NONE', *, *, #3374, .F. ) ;
#2069 = LINE ( 'NONE', #1671, #3927 ) ;
#2070 = DIRECTION ( 'NONE',  ( -0.000000000000000000, 0.8660254037844387076, 0.4999999999999998890 ) ) ;
#2071 = AXIS2_PLACEMENT_3D ( 'NONE', #2032, #1675, #3096 ) ;
#2072 = LINE ( 'NONE', #3839, #2751 ) ;
#2073 = AXIS2_PLACEMENT_3D ( 'NONE', #1898, #1474, #470 ) ;
#2074 = ORIENTED_EDGE ( 'NONE', *, *, #3275, .F. ) ;
#2075 = CARTESIAN_POINT ( 'NONE',  ( -15.38877985652881186, 23.84839727315529956, -12.34642338131821759 ) ) ;
#2076 = CARTESIAN_POINT ( 'NONE',  ( 15.67956053919400716, 19.84173330591785245, 13.46416559907008548 ) ) ;
#2077 = DIRECTION ( 'NONE',  ( -0.9995120818701392906, 0.000000000000000000, 0.03123456731923740862 ) ) ;
#2078 = AXIS2_PLACEMENT_3D ( 'NONE', #2922, #4001, #2622 ) ;
#2079 = ORIENTED_EDGE ( 'NONE', *, *, #743, .T. ) ;
#2080 = AXIS2_PLACEMENT_3D ( 'NONE', #3065, #2690, #4494 ) ;
#2081 = CARTESIAN_POINT ( 'NONE',  ( -17.65202657692857002, 24.55326155524583953, -9.238869630410571077 ) ) ;
#2082 = CARTESIAN_POINT ( 'NONE',  ( -25.21856099762313619, -8.907498424789933367, 10.54135319316213248 ) ) ;
#2083 = CARTESIAN_POINT ( 'NONE',  ( -10.56814677080980580, 48.15826517293877629, 10.42703846505018284 ) ) ;
#2084 = CIRCLE ( 'NONE', #53, 12.69976831227986125 ) ;
#2085 = ORIENTED_EDGE ( 'NONE', *, *, #3463, .T. ) ;
#2086 = ADVANCED_FACE ( 'NONE', ( #3484 ), #1965, .T. ) ;
#2087 = AXIS2_PLACEMENT_3D ( 'NONE', #3470, #3116, #1296 ) ;
#2088 = FACE_OUTER_BOUND ( 'NONE', #1402, .T. ) ;
#2089 = DIRECTION ( 'NONE',  ( -1.000000000000000000, 0.000000000000000000, 0.000000000000000000 ) ) ;
#2090 = CARTESIAN_POINT ( 'NONE',  ( -21.60547483878146480, 22.38405358262276579, -4.663756919123868805 ) ) ;
#2091 = AXIS2_PLACEMENT_3D ( 'NONE', #28, #674, #1456 ) ;
#2092 = EDGE_CURVE ( 'NONE', #169, #389, #2739, .T. ) ;
#2093 = CARTESIAN_POINT ( 'NONE',  ( 25.50877318223433221, 23.14240668511857990, 4.443716956857163503 ) ) ;
#2094 = ORIENTED_EDGE ( 'NONE', *, *, #3965, .F. ) ;
#2095 = CARTESIAN_POINT ( 'NONE',  ( -25.21905908471475044, 3.276261403664778360, 17.57841006907110071 ) ) ;
#2096 = CIRCLE ( 'NONE', #4625, 19.55474809580329776 ) ;
#2097 = PLANE ( 'NONE',  #3710 ) ;
#2098 = LINE ( 'NONE', #1341, #3870 ) ;
#2099 = ADVANCED_FACE ( 'NONE', ( #3417 ), #2022, .T. ) ;
#2100 = ORIENTED_EDGE ( 'NONE', *, *, #2842, .F. ) ;
#2101 = CARTESIAN_POINT ( 'NONE',  ( -10.19334038483071758, 25.31795109893877083, -19.72525475092890446 ) ) ;
#2102 = CARTESIAN_POINT ( 'NONE',  ( 21.20747531390192719, 23.01055501226704791, 2.911531995886167845 ) ) ;
#2103 = FACE_OUTER_BOUND ( 'NONE', #732, .T. ) ;
#2104 = DIRECTION ( 'NONE',  ( -0.000000000000000000, 1.000000000000000000, -0.000000000000000000 ) ) ;
#2105 = CARTESIAN_POINT ( 'NONE',  ( -25.74758921645751286, -6.921165171650156545, 13.98178330836379146 ) ) ;
#2106 = CARTESIAN_POINT ( 'NONE',  ( -25.74758921645979370, -0.6916248862582395907, -17.76190397092890549 ) ) ;
#2107 = ORIENTED_EDGE ( 'NONE', *, *, #825, .T. ) ;
#2108 = LINE ( 'NONE', #3548, #2886 ) ;
#2109 = DIRECTION ( 'NONE',  ( 0.000000000000000000, 1.000000000000000000, -1.224646799147353207E-16 ) ) ;
#2110 = ORIENTED_EDGE ( 'NONE', *, *, #3275, .T. ) ;
#2111 = EDGE_CURVE ( 'NONE', #4399, #448, #3113, .T. ) ;
#2112 = CARTESIAN_POINT ( 'NONE',  ( 25.33211367776926792, 22.52706405152722624, 5.509521662300611133 ) ) ;
#2113 = ORIENTED_EDGE ( 'NONE', *, *, #2488, .T. ) ;
#2114 = DIRECTION ( 'NONE',  ( -0.9995120818701392906, 3.825131289025661118E-18, -0.03123456731923740862 ) ) ;
#2115 = CARTESIAN_POINT ( 'NONE',  ( -1.190722704830725398, 5.357218168938773672, 8.408253049071095830 ) ) ;
#2116 = DIRECTION ( 'NONE',  ( 0.000000000000000000, 0.000000000000000000, 1.000000000000000000 ) ) ;
#2117 = EDGE_LOOP ( 'NONE', ( #4267, #1825, #93, #2873 ) ) ;
#2118 = CARTESIAN_POINT ( 'NONE',  ( -0.04936135483072223717, 48.15826517293877629, 14.78406204404102908 ) ) ;
#2119 = EDGE_CURVE ( 'NONE', #488, #3711, #2732, .T. ) ;
#2120 = CARTESIAN_POINT ( 'NONE',  ( -17.77965053477154100, 22.47451212011997868, 9.772226803024592456 ) ) ;
#2121 = DIRECTION ( 'NONE',  ( 0.000000000000000000, 0.000000000000000000, -1.000000000000000000 ) ) ;
#2122 = CARTESIAN_POINT ( 'NONE',  ( 34.30927729516927371, -4.844651743181184855, 17.57841006907109360 ) ) ;
#2123 = EDGE_CURVE ( 'NONE', #1887, #3845, #3864, .T. ) ;
#2124 = CARTESIAN_POINT ( 'NONE',  ( -25.90014662483071817, 5.357218168938772784, -0.09174695092890516879 ) ) ;
#2125 = CARTESIAN_POINT ( 'NONE',  ( -25.21812632841074731, 3.285219036563417294, -17.76190397092890194 ) ) ;
#2126 = ORIENTED_EDGE ( 'NONE', *, *, #44, .F. ) ;
#2127 = CARTESIAN_POINT ( 'NONE',  ( -0.04936135483071932978, 41.02475733893876964, -0.09174695092890516879 ) ) ;
#2128 = DIRECTION ( 'NONE',  ( 0.000000000000000000, 0.000000000000000000, 1.000000000000000000 ) ) ;
#2129 = CARTESIAN_POINT ( 'NONE',  ( -2.639682399619476261, 15.96801568245351532, -19.74479145032419325 ) ) ;
#2130 = ORIENTED_EDGE ( 'NONE', *, *, #4222, .T. ) ;
#2131 = VERTEX_POINT ( 'NONE', #3087 ) ;
#2132 = CARTESIAN_POINT ( 'NONE',  ( -25.09928911422998254, 4.736788704420909824, 17.57841006907110426 ) ) ;
#2133 = CARTESIAN_POINT ( 'NONE',  ( -4.849855933635167204, 26.08956244360239296, -19.12934546996785912 ) ) ;
#2134 = LINE ( 'NONE', #418, #3348 ) ;
#2135 = AXIS2_PLACEMENT_3D ( 'NONE', #230, #56, #3895 ) ;
#2136 = ORIENTED_EDGE ( 'NONE', *, *, #503, .T. ) ;
#2137 = CIRCLE ( 'NONE', #36, 16.93694705580329796 ) ;
#2138 = DIRECTION ( 'NONE',  ( 0.000000000000000000, 0.000000000000000000, 1.000000000000000000 ) ) ;
#2139 = ADVANCED_FACE ( 'NONE', ( #3388 ), #255, .T. ) ;
#2140 = CARTESIAN_POINT ( 'NONE',  ( 7.386083048942778007, 17.51721320584565333, 18.15713056405293102 ) ) ;
#2141 = CARTESIAN_POINT ( 'NONE',  ( 25.67065075374084770, 23.78267051841391932, -3.518241369198615853 ) ) ;
#2142 = VECTOR ( 'NONE', #2939, 1000.000000000000000 ) ;
#2143 = LINE ( 'NONE', #740, #4156 ) ;
#2144 = VECTOR ( 'NONE', #3656, 1000.000000000000000 ) ;
#2145 = CARTESIAN_POINT ( 'NONE',  ( 19.58330201938029802, 25.55242866343121122, -0.09175677586123470730 ) ) ;
#2146 = CARTESIAN_POINT ( 'NONE',  ( -14.69559187097222441, 22.33780921642996731, -13.16670380287745346 ) ) ;
#2147 = EDGE_CURVE ( 'NONE', #298, #507, #2663, .T. ) ;
#2148 = ORIENTED_EDGE ( 'NONE', *, *, #2992, .T. ) ;
#2149 = AXIS2_PLACEMENT_3D ( 'NONE', #1006, #4558, #363 ) ;
#2150 = FACE_OUTER_BOUND ( 'NONE', #4134, .T. ) ;
#2151 = DIRECTION ( 'NONE',  ( -0.9238795325112867385, 0.000000000000000000, -0.3826834323650898928 ) ) ;
#2152 = CARTESIAN_POINT ( 'NONE',  ( 19.34606778633455093, 26.00437598101228431, -4.186991584401687838 ) ) ;
#2153 = EDGE_LOOP ( 'NONE', ( #2055, #3865, #2944, #4207 ) ) ;
#2154 = VECTOR ( 'NONE', #4177, 1000.000000000000114 ) ;
#2155 = EDGE_LOOP ( 'NONE', ( #3311, #4634, #3922, #2581 ) ) ;
#2156 = CARTESIAN_POINT ( 'NONE',  ( -25.09926571571918075, 5.357218168938773672, 17.57841006907111137 ) ) ;
#2157 = CARTESIAN_POINT ( 'NONE',  ( 25.12134633151166696, 7.447825623759370295, 17.57841006907108650 ) ) ;
#2158 = CARTESIAN_POINT ( 'NONE',  ( 25.80142391516927702, 25.76095799317868540, -0.09174695092891969883 ) ) ;
#2159 = VECTOR ( 'NONE', #1504, 1000.000000000000000 ) ;
#2160 = ORIENTED_EDGE ( 'NONE', *, *, #1526, .F. ) ;
#2161 = VECTOR ( 'NONE', #2605, 1000.000000000000000 ) ;
#2162 = DIRECTION ( 'NONE',  ( -1.000000000000000000, 0.000000000000000000, 0.000000000000000000 ) ) ;
#2163 = CARTESIAN_POINT ( 'NONE',  ( -19.68286915483071553, 26.19954656072355448, -1.626722694048037932 ) ) ;
#2164 = CARTESIAN_POINT ( 'NONE',  ( 25.00053130680235114, 20.81513040325521047, -8.658171622152302405 ) ) ;
#2165 =( LENGTH_UNIT ( ) NAMED_UNIT ( * ) SI_UNIT ( .MILLI., .METRE. ) );
#2166 = ADVANCED_FACE ( 'NONE', ( #2760 ), #4191, .T. ) ;
#2167 = CARTESIAN_POINT ( 'NONE',  ( -9.754453040706820843, 41.35198246893876473, -10.94757534553455791 ) ) ;
#2168 = CARTESIAN_POINT ( 'NONE',  ( 4.516920201811455371, 14.77134265229877919, 19.56586257968780274 ) ) ;
#2169 = CARTESIAN_POINT ( 'NONE',  ( -25.18607708060792305, 3.609847537255857386, -17.76190397092889839 ) ) ;
#2170 = EDGE_LOOP ( 'NONE', ( #4262, #876 ) ) ;
#2171 = CARTESIAN_POINT ( 'NONE',  ( -25.21912334722837556, 7.438788682132809527, -17.76190397092890549 ) ) ;
#2172 = DIRECTION ( 'NONE',  ( -1.000000000000000000, 0.000000000000000000, 0.000000000000000000 ) ) ;
#2173 = DIRECTION ( 'NONE',  ( -1.000000000000000000, -0.000000000000000000, -0.000000000000000000 ) ) ;
#2174 = ORIENTED_EDGE ( 'NONE', *, *, #2993, .T. ) ;
#2175 = ORIENTED_EDGE ( 'NONE', *, *, #632, .T. ) ;
#2176 = CARTESIAN_POINT ( 'NONE',  ( -7.301240861454710185, 20.74165085099625472, -18.34025259052174661 ) ) ;
#2177 = PLANE ( 'NONE',  #417 ) ;
#2178 = PLANE ( 'NONE',  #1042 ) ;
#2179 = ADVANCED_BREP_SHAPE_REPRESENTATION ( '', ( #820, #3876 ), #1860 ) ;
#2180 = CARTESIAN_POINT ( 'NONE',  ( 14.40681628829507233, 22.14502890925864875, 13.59218824931898340 ) ) ;
#2181 = ORIENTED_EDGE ( 'NONE', *, *, #690, .F. ) ;
#2182 = CARTESIAN_POINT ( 'NONE',  ( 25.80142391516927702, -15.04652165530114338, -0.09174695092889822989 ) ) ;
#2183 = CARTESIAN_POINT ( 'NONE',  ( 4.245185440945691724, 15.62957568417204079, 19.26149501958983024 ) ) ;
#2184 = CARTESIAN_POINT ( 'NONE',  ( 25.75826859541184533, 24.19620041710606984, -2.801986574215012293 ) ) ;
#2185 = DIRECTION ( 'NONE',  ( 1.000000000000000000, 0.000000000000000000, 0.000000000000000000 ) ) ;
#2186 = CARTESIAN_POINT ( 'NONE',  ( 20.58676592019870100, 5.357218168938772784, 12.17919542407109290 ) ) ;
#2187 = CARTESIAN_POINT ( 'NONE',  ( -34.40800000483071130, -15.04652165530114338, -0.09174695092889935399 ) ) ;
#2188 = CARTESIAN_POINT ( 'NONE',  ( -25.21856099762305803, 3.281041620036836637, -17.76190397092890549 ) ) ;
#2189 = ORIENTED_EDGE ( 'NONE', *, *, #3374, .T. ) ;
#2190 = CARTESIAN_POINT ( 'NONE',  ( 25.13114499916716227, 21.75106376781514683, 6.853593580377787653 ) ) ;
#2191 = DIRECTION ( 'NONE',  ( 1.000000000000000000, 0.000000000000000000, 0.000000000000000000 ) ) ;
#2192 = EDGE_CURVE ( 'NONE', #4174, #4297, #581, .T. ) ;
#2193 = CARTESIAN_POINT ( 'NONE',  ( -23.28234558483071481, 5.357218168938772784, 19.46300114487439004 ) ) ;
#2194 = CARTESIAN_POINT ( 'NONE',  ( -25.77086586219040143, -6.815912926512636361, -14.34757944641048866 ) ) ;
#2195 = ORIENTED_EDGE ( 'NONE', *, *, #938, .F. ) ;
#2196 = CARTESIAN_POINT ( 'NONE',  ( -8.107424339117709877, 20.33768640547968332, -17.99551288587845477 ) ) ;
#2197 = CARTESIAN_POINT ( 'NONE',  ( 25.64825278702191369, -0.6765250661417517852, -17.76190397092889128 ) ) ;
#2198 = CARTESIAN_POINT ( 'NONE',  ( -25.90014662483071817, 24.84791403315915304, 1.489691577368809527 ) ) ;
#2199 = ADVANCED_FACE ( 'NONE', ( #3013 ), #1310, .T. ) ;
#2200 = CARTESIAN_POINT ( 'NONE',  ( 14.53699299403588796, 21.71017350402201629, -13.64122318932249378 ) ) ;
#2201 = ORIENTED_EDGE ( 'NONE', *, *, #3932, .F. ) ;
#2202 = PLANE ( 'NONE',  #2073 ) ;
#2203 = CARTESIAN_POINT ( 'NONE',  ( -19.68286915483071553, 25.55339647824940386, 1.408599328900715708 ) ) ;
#2204 = AXIS2_PLACEMENT_3D ( 'NONE', #249, #3148, #4160 ) ;
#2205 = CARTESIAN_POINT ( 'NONE',  ( 25.38489064466759615, 22.70876243693298946, -5.378304728982401528 ) ) ;
#2206 = SHAPE_DEFINITION_REPRESENTATION ( #2382, #2960 ) ;
#2207 = MECHANICAL_DESIGN_GEOMETRIC_PRESENTATION_REPRESENTATION (  '', ( #1829 ), #4448 ) ;
#2208 = DIRECTION ( 'NONE',  ( 1.000000000000000000, 0.000000000000000000, 0.000000000000000000 ) ) ;
#2209 = FACE_OUTER_BOUND ( 'NONE', #1963, .T. ) ;
#2210 = DIRECTION ( 'NONE',  ( 0.000000000000000000, 1.000000000000000000, 0.000000000000000000 ) ) ;
#2211 = CIRCLE ( 'NONE', #2291, 19.96073292999999893 ) ;
#2212 = DIRECTION ( 'NONE',  ( 0.000000000000000000, 0.000000000000000000, 1.000000000000000000 ) ) ;
#2213 = ORIENTED_EDGE ( 'NONE', *, *, #2038, .F. ) ;
#2214 = ORIENTED_EDGE ( 'NONE', *, *, #4490, .F. ) ;
#2215 = CIRCLE ( 'NONE', #4376, 12.27094237499999885 ) ;
#2216 = DIRECTION ( 'NONE',  ( 0.000000000000000000, 0.000000000000000000, 1.000000000000000000 ) ) ;
#2217 = CARTESIAN_POINT ( 'NONE',  ( -25.83676224893698503, 12.30415003892877301, -17.76190397092891260 ) ) ;
#2218 = CARTESIAN_POINT ( 'NONE',  ( -25.90014662483071817, 15.55908808105873220, 17.57841006907109360 ) ) ;
#2219 = CARTESIAN_POINT ( 'NONE',  ( -25.85699130507328292, -13.48176407921471665, -2.801986574238913175 ) ) ;
#2220 = AXIS2_PLACEMENT_3D ( 'NONE', #4064, #3340, #3293 ) ;
#2221 = EDGE_CURVE ( 'NONE', #3637, #1198, #3563, .T. ) ;
#2222 = EDGE_LOOP ( 'NONE', ( #785, #1416, #2930, #259 ) ) ;
#2223 = VECTOR ( 'NONE', #1669, 1000.000000000000114 ) ;
#2224 = DIRECTION ( 'NONE',  ( -1.000000000000000000, 0.000000000000000000, 0.000000000000000000 ) ) ;
#2225 = CARTESIAN_POINT ( 'NONE',  ( -15.28727169193167512, 27.10853937690373883, -12.47244036806050893 ) ) ;
#2226 = DIRECTION ( 'NONE',  ( 0.000000000000000000, 1.000000000000000000, -6.157524674834935503E-17 ) ) ;
#2227 = CARTESIAN_POINT ( 'NONE',  ( 19.66141048594407081, 26.26202289126317879, -3.220009110624102444 ) ) ;
#2228 = ORIENTED_EDGE ( 'NONE', *, *, #316, .F. ) ;
#2229 = CARTESIAN_POINT ( 'NONE',  ( 25.67664119311186255, -6.794547166979882924, 14.20109212560571699 ) ) ;
#2230 = VECTOR ( 'NONE', #2561, 1000.000000000000000 ) ;
#2231 = DIRECTION ( 'NONE',  ( -0.000000000000000000, 1.000000000000000000, 0.000000000000000000 ) ) ;
#2232 = EDGE_CURVE ( 'NONE', #3526, #411, #2844, .T. ) ;
#2233 = CARTESIAN_POINT ( 'NONE',  ( 25.41854083425989330, 18.49502700126219779, -12.67670859321760624 ) ) ;
#2234 = ITEM_DEFINED_TRANSFORMATION ( 'NONE', 'NONE', #3435,  #3876 ) ;
#2235 = CARTESIAN_POINT ( 'NONE',  ( -9.459435352846558231, 30.66639587329253303, -17.32351789066905923 ) ) ;
#2236 = FACE_OUTER_BOUND ( 'NONE', #2687, .T. ) ;
#2237 = LINE ( 'NONE', #1880, #2161 ) ;
#2238 = CARTESIAN_POINT ( 'NONE',  ( -0.04936135483071932978, 35.46193012893877494, -0.09174695092890516879 ) ) ;
#2239 = CARTESIAN_POINT ( 'NONE',  ( -14.35354578203391895, 21.87649961361567108, -13.54537422934429536 ) ) ;
#2240 = CARTESIAN_POINT ( 'NONE',  ( 25.67664119311186610, -13.09662623150251370, -3.469064894394161769 ) ) ;
#2241 = ORIENTED_EDGE ( 'NONE', *, *, #2066, .T. ) ;
#2242 = DIRECTION ( 'NONE',  ( -0.000000000000000000, 0.000000000000000000, -1.000000000000000000 ) ) ;
#2243 = LINE ( 'NONE', #3964, #347 ) ;
#2244 = CARTESIAN_POINT ( 'NONE',  ( -25.22006904117449722, -8.900282971824587719, -10.73734462615554719 ) ) ;
#2245 = VERTEX_POINT ( 'NONE', #3219 ) ;
#2246 = CARTESIAN_POINT ( 'NONE',  ( -6.074425513311899394, 21.80967260888159132, -18.77946941725824104 ) ) ;
#2247 = CARTESIAN_POINT ( 'NONE',  ( 25.67263159927027516, -0.9067464894863915825, -17.76190397092889484 ) ) ;
#2248 = CARTESIAN_POINT ( 'NONE',  ( -0.04936135483071932284, 32.49733347892290425, 27.04836835905522818 ) ) ;
#2249 = ADVANCED_FACE ( 'NONE', ( #4232 ), #4580, .T. ) ;
#2250 = CARTESIAN_POINT ( 'NONE',  ( 17.84451015396287232, 24.16457934014426456, -8.860756842296046543 ) ) ;
#2251 = ORIENTED_EDGE ( 'NONE', *, *, #4445, .F. ) ;
#2252 = CARTESIAN_POINT ( 'NONE',  ( 34.30927729516927371, 15.55908808105873220, -17.76190397092890194 ) ) ;
#2253 = CARTESIAN_POINT ( 'NONE',  ( -0.04936135483071932978, 41.35198246893876473, -0.09174695092890516879 ) ) ;
#2254 = CARTESIAN_POINT ( 'NONE',  ( -25.21856099762302961, 7.433394717840371868, 17.57841006907110426 ) ) ;
#2255 = CARTESIAN_POINT ( 'NONE',  ( -0.04936135483071932978, 41.35198246893876473, -0.09174695092890516879 ) ) ;
#2256 = CARTESIAN_POINT ( 'NONE',  ( -25.34300470757250068, 22.21226091067271469, -6.238270598500702313 ) ) ;
#2257 = DIRECTION ( 'NONE',  ( 0.000000000000000000, 0.4999999999999998890, -0.8660254037844387076 ) ) ;
#2258 = CARTESIAN_POINT ( 'NONE',  ( -11.62632865645559299, 20.10109004870468397, -15.95405537356310965 ) ) ;
#2259 = EDGE_LOOP ( 'NONE', ( #3379, #3237, #1076 ) ) ;
#2260 = EDGE_CURVE ( 'NONE', #4297, #4556, #2863, .T. ) ;
#2261 = VERTEX_POINT ( 'NONE', #4257 ) ;
#2262 = DIRECTION ( 'NONE',  ( 0.000000000000000000, 0.000000000000000000, -1.000000000000000000 ) ) ;
#2263 = CARTESIAN_POINT ( 'NONE',  ( -25.09926571571918075, 5.978193805082567813, -17.76190397092890549 ) ) ;
#2264 = FACE_OUTER_BOUND ( 'NONE', #2920, .T. ) ;
#2265 = CARTESIAN_POINT ( 'NONE',  ( -25.49219759059673862, -12.02403202868179299, -5.326852549583500185 ) ) ;
#2266 = EDGE_LOOP ( 'NONE', ( #1185, #98, #2068, #4632 ) ) ;
#2267 = LINE ( 'NONE', #3296, #2578 ) ;
#2268 = CARTESIAN_POINT ( 'NONE',  ( -14.59839325194653625, 28.43927545283542457, -13.27509526540473317 ) ) ;
#2269 = CARTESIAN_POINT ( 'NONE',  ( 25.80142391516927702, -4.844651743181184855, -17.76190397092890194 ) ) ;
#2270 = CARTESIAN_POINT ( 'NONE',  ( 17.76940080032966662, 24.71617943185556143, -9.021761326457983898 ) ) ;
#2271 = CARTESIAN_POINT ( 'NONE',  ( 25.69024839415355643, -6.728385408442016491, 14.31568765291140366 ) ) ;
#2272 = CARTESIAN_POINT ( 'NONE',  ( 0.000000000000000000, -25.00000000000000000, 1.304999999999999938 ) ) ;
#2273 = CARTESIAN_POINT ( 'NONE',  ( -25.49678062092130659, 9.545756279022747037, 17.57841006907110071 ) ) ;
#2274 = B_SPLINE_CURVE_WITH_KNOTS ( 'NONE', 3,
 ( #3368, #2662, #4098, #2392, #1371, #3485, #3109, #3815, #659, #4581, #2024, #2799, #2090, #615, #4233 ),
 .UNSPECIFIED., .F., .F.,
 ( 4, 1, 1, 1, 1, 1, 1, 1, 1, 1, 1, 1, 4 ),
 ( 0.5000000000000000000, 0.5238095238095239470, 0.5714285714285720630, 0.6190476190476157381, 0.6666666666666637431, 0.7142857142857118591, 0.7380952380952356950, 0.7619047619047597530, 0.8095238095238077580, 0.8571428571428558740, 0.9285714285714278260, 0.9642857142857117481, 1.000000000000000000 ),
 .UNSPECIFIED. ) ;
#2275 = EDGE_CURVE ( 'NONE', #3289, #3845, #4295, .T. ) ;
#2276 = LINE ( 'NONE', #2671, #407 ) ;
#2277 = CARTESIAN_POINT ( 'NONE',  ( -25.11418053060526034, 20.25871189987925902, -9.621916740270890500 ) ) ;
#2278 = CARTESIAN_POINT ( 'NONE',  ( -21.22523492344811658, 22.96285568126648968, 1.390081416374232326 ) ) ;
#2279 = VECTOR ( 'NONE', #2404, 1000.000000000000000 ) ;
#2280 = CARTESIAN_POINT ( 'NONE',  ( 25.80142391516926281, -13.98421183889288777, -1.931721526327157434 ) ) ;
#2281 = VERTEX_POINT ( 'NONE', #3172 ) ;
#2282 = ORIENTED_EDGE ( 'NONE', *, *, #2880, .T. ) ;
#2283 = DIRECTION ( 'NONE',  ( 0.000000000000000000, 1.000000000000000000, 0.000000000000000000 ) ) ;
#2284 = CIRCLE ( 'NONE', #2729, 19.63350779999999673 ) ;
#2285 = CARTESIAN_POINT ( 'NONE',  ( -21.22523492344811658, 22.96285568126648968, 1.390081416374232326 ) ) ;
#2286 = DIRECTION ( 'NONE',  ( 0.000000000000000000, 0.000000000000000000, -1.000000000000000000 ) ) ;
#2287 = ADVANCED_FACE ( 'NONE', ( #3198 ), #346, .T. ) ;
#2288 = CARTESIAN_POINT ( 'NONE',  ( -25.65045932220944636, -12.58073896499796085, -4.362607850957886946 ) ) ;
#2289 = FACE_OUTER_BOUND ( 'NONE', #895, .T. ) ;
#2290 = ORIENTED_EDGE ( 'NONE', *, *, #4222, .F. ) ;
#2291 = AXIS2_PLACEMENT_3D ( 'NONE', #4000, #423, #3279 ) ;
#2292 = ORIENTED_EDGE ( 'NONE', *, *, #2052, .T. ) ;
#2293 = CARTESIAN_POINT ( 'NONE',  ( 23.18362287516927722, 5.357218168938774561, 16.84520010487439023 ) ) ;
#2294 = CARTESIAN_POINT ( 'NONE',  ( 25.59675346623924952, -0.2535642657377315534, -17.76190397092889484 ) ) ;
#2295 = CARTESIAN_POINT ( 'NONE',  ( 22.10926522291495999, -11.81034792289671032, 17.07581914090657804 ) ) ;
#2296 = AXIS2_PLACEMENT_3D ( 'NONE', #4251, #4225, #1414 ) ;
#2297 = DIRECTION ( 'NONE',  ( 0.000000000000000000, -0.4999999999999998890, 0.8660254037844387076 ) ) ;
#2298 = ORIENTED_EDGE ( 'NONE', *, *, #425, .F. ) ;
#2299 = CARTESIAN_POINT ( 'NONE',  ( 25.10314052858186074, -10.90140710150174819, 7.087802059444854308 ) ) ;
#2300 = CARTESIAN_POINT ( 'NONE',  ( -17.23670764207871642, 24.22308443989907190, 10.18016032861180697 ) ) ;
#2301 = CYLINDRICAL_SURFACE ( 'NONE', #3645, 19.96073292999999893 ) ;
#2302 = VECTOR ( 'NONE', #2257, 1000.000000000000000 ) ;
#2303 = VECTOR ( 'NONE', #3046, 1000.000000000000000 ) ;
#2304 = CARTESIAN_POINT ( 'NONE',  ( 25.28959109319402287, 1.930365338921114615, 17.57841006907108650 ) ) ;
#2305 = CARTESIAN_POINT ( 'NONE',  ( -25.18606812336550860, 19.78638071456625624, -10.44001835123223110 ) ) ;
#2306 = CARTESIAN_POINT ( 'NONE',  ( 0.7611672012848129665, 15.07564017775224308, 19.69138196386353457 ) ) ;
#2307 = ADVANCED_FACE ( 'NONE', ( #4562 ), #1072, .T. ) ;
#2308 = AXIS2_PLACEMENT_3D ( 'NONE', #3411, #3130, #3061 ) ;
#2309 = CARTESIAN_POINT ( 'NONE',  ( 25.14352536960472406, -11.09213982543323063, -6.940937192787306920 ) ) ;
#2310 = VERTEX_POINT ( 'NONE', #2798 ) ;
#2311 = ORIENTED_EDGE ( 'NONE', *, *, #2401, .T. ) ;
#2312 = CARTESIAN_POINT ( 'NONE',  ( -1.190722704830725398, 5.357218168938772784, -0.09174695092890516879 ) ) ;
#2313 =( GEOMETRIC_REPRESENTATION_CONTEXT ( 3 ) GLOBAL_UNCERTAINTY_ASSIGNED_CONTEXT ( ( #552 ) ) GLOBAL_UNIT_ASSIGNED_CONTEXT ( ( #2165, #3935, #2904 ) ) REPRESENTATION_CONTEXT ( 'NONE', 'WORKASPACE' ) );
#2314 = CARTESIAN_POINT ( 'NONE',  ( -19.27839710931655048, 21.09441576713784627, -10.35563125953561503 ) ) ;
#2315 = CARTESIAN_POINT ( 'NONE',  ( -25.77202597681123919, -13.08074952549108261, 3.313070254004994997 ) ) ;
#2316 = CARTESIAN_POINT ( 'NONE',  ( -25.76937346340212542, -13.06823418053585506, -3.518241369199514246 ) ) ;
#2317 = ORIENTED_EDGE ( 'NONE', *, *, #4391, .T. ) ;
#2318 = ORIENTED_EDGE ( 'NONE', *, *, #1130, .F. ) ;
#2319 = CARTESIAN_POINT ( 'NONE',  ( -25.77303150313678515, 17.52009196007082892, 14.18185171678247691 ) ) ;
#2320 = DIRECTION ( 'NONE',  ( -1.000000000000000000, 0.000000000000000000, 0.000000000000000000 ) ) ;
#2321 = CARTESIAN_POINT ( 'NONE',  ( -14.92517034980065205, 41.35198246893876473, -0.09174695092890568227 ) ) ;
#2322 = DIRECTION ( 'NONE',  ( -1.000000000000000000, 0.000000000000000000, 0.000000000000000000 ) ) ;
#2323 = VERTEX_POINT ( 'NONE', #1031 ) ;
#2324 = CARTESIAN_POINT ( 'NONE',  ( 25.11878338211557704, -10.97859976127192283, 6.954100450751528939 ) ) ;
#2325 = DIRECTION ( 'NONE',  ( 1.000000000000000000, 0.000000000000000000, 0.000000000000000000 ) ) ;
#2326 = CARTESIAN_POINT ( 'NONE',  ( -25.90014662483071817, 24.84791403315915304, -1.673185479226646510 ) ) ;
#2327 = SURFACE_SIDE_STYLE ('',( #3453 ) ) ;
#2328 = CARTESIAN_POINT ( 'NONE',  ( -25.76534304620367166, 17.55612852978163119, -14.30292844897068782 ) ) ;
#2329 = CARTESIAN_POINT ( 'NONE',  ( 19.24751789493399201, 21.86791833329838042, 8.610121602440559130 ) ) ;
#2330 = CARTESIAN_POINT ( 'NONE',  ( 25.11570196150586298, -8.927484696798385855, -10.69022985644740942 ) ) ;
#2331 = B_SPLINE_CURVE_WITH_KNOTS ( 'NONE', 3,
 ( #2916, #1870, #3319, #796, #772, #4325, #145, #69, #1167, #391, #3345, #1540, #116, #3694, #94, #1514, #2196, #489, #2565, #2176, #4344, #1569, #3992, #1491, #1193, #2246, #2995, #2635, #1141, #2615, #1917, #822, #4417, #465, #2592, #1819, #4068, #3245 ),
 .UNSPECIFIED., .F., .F.,
 ( 4, 2, 1, 2, 2, 1, 1, 2, 2, 2, 2, 2, 2, 2, 1, 2, 2, 2, 2, 2, 4 ),
 ( 0.000000000000000000, 0.04402322357333370711, 0.05502902946666709399, 0.06053193241333360702, 0.06328338388666696068, 0.06603483536000030740, 0.08804644714666765015, 0.1100580589333350068, 0.1210638648266687961, 0.1265667677733357810, 0.1320696707200027242, 0.1760928942933394081, 0.1870987001866735722, 0.1981045060800076529, 0.2201161178666758700, 0.2421277296533440315, 0.2531335355466781678, 0.2641393414400122763, 0.3081625650133485439, 0.3301741768000168165, 0.3521857885866850890 ),
 .UNSPECIFIED. ) ;
#2332 = EDGE_LOOP ( 'NONE', ( #2515, #1725, #4198, #1886 ) ) ;
#2333 = CARTESIAN_POINT ( 'NONE',  ( -22.20798793257640114, 5.357218168938772784, 17.07581914090659936 ) ) ;
#2334 = CARTESIAN_POINT ( 'NONE',  ( 8.156565770310413299, 15.88821654340237544, 18.47184131199416868 ) ) ;
#2335 = CARTESIAN_POINT ( 'NONE',  ( -25.77086586219040854, -13.07526047196964925, 3.322577573589580169 ) ) ;
#2336 = DIRECTION ( 'NONE',  ( 1.000000000000000000, 0.000000000000000000, 0.000000000000000000 ) ) ;
#2337 = VERTEX_POINT ( 'NONE', #747 ) ;
#2338 = EDGE_CURVE ( 'NONE', #611, #30, #2108, .T. ) ;
#2339 = ORIENTED_EDGE ( 'NONE', *, *, #4356, .T. ) ;
#2340 = CARTESIAN_POINT ( 'NONE',  ( -25.51726354392137353, 18.49502700126192778, 12.49321469136024731 ) ) ;
#2341 = CARTESIAN_POINT ( 'NONE',  ( -0.04936135483071932978, 41.35198246893876473, -0.09174695092890516879 ) ) ;
#2342 = CARTESIAN_POINT ( 'NONE',  ( 25.80142391516927702, -14.13347769528161280, 1.489691577368835951 ) ) ;
#2343 = FACE_OUTER_BOUND ( 'NONE', #3301, .T. ) ;
#2344 = VERTEX_POINT ( 'NONE', #4209 ) ;
#2345 = CARTESIAN_POINT ( 'NONE',  ( 25.67162080496139964, -13.07279471617872346, 3.326848387898539539 ) ) ;
#2346 = CARTESIAN_POINT ( 'NONE',  ( 25.67263159927029292, 11.62118282736439490, 17.57841006907108650 ) ) ;
#2347 = CARTESIAN_POINT ( 'NONE',  ( -25.76804812612415319, 11.59011028408673560, 17.57841006907110071 ) ) ;
#2348 = CARTESIAN_POINT ( 'NONE',  ( -20.01009428483071773, 35.46193012893877494, -0.09174695092890761128 ) ) ;
#2349 = EDGE_CURVE ( 'NONE', #3104, #2651, #4091, .T. ) ;
#2350 = CARTESIAN_POINT ( 'NONE',  ( -15.54036174566838113, 24.56880822314460033, -12.15423385463069295 ) ) ;
#2351 = CARTESIAN_POINT ( 'NONE',  ( -25.50529715786736062, 22.78363808221563147, -5.248616307103369572 ) ) ;
#2352 = CARTESIAN_POINT ( 'NONE',  ( -21.22523492344811658, 22.96285568126648968, -1.573575318272311341 ) ) ;
#2353 = CARTESIAN_POINT ( 'NONE',  ( 1.598164072887295725E-16, -25.00000000000000000, -1.304999999999999938 ) ) ;
#2354 = EDGE_LOOP ( 'NONE', ( #4185, #1439 ) ) ;
#2355 = CARTESIAN_POINT ( 'NONE',  ( 10.46942406114836821, 41.35198246893876473, 10.42703846505018284 ) ) ;
#2356 = CARTESIAN_POINT ( 'NONE',  ( -25.22986770883143137, -11.03662742994966095, 6.853593580356907466 ) ) ;
#2357 = VECTOR ( 'NONE', #2774, 1000.000000000000000 ) ;
#2358 = DIRECTION ( 'NONE',  ( -1.000000000000000000, 0.000000000000000000, 0.000000000000000000 ) ) ;
#2359 = DIRECTION ( 'NONE',  ( 0.000000000000000000, 0.000000000000000000, -1.000000000000000000 ) ) ;
#2360 = ORIENTED_EDGE ( 'NONE', *, *, #359, .T. ) ;
#2361 = AXIS2_PLACEMENT_3D ( 'NONE', #154, #3775, #3495 ) ;
#2362 = ORIENTED_EDGE ( 'NONE', *, *, #2736, .T. ) ;
#2363 = CARTESIAN_POINT ( 'NONE',  ( -25.21016942240551373, 21.65730278803710362, 7.015992361120784615 ) ) ;
#2364 = DIRECTION ( 'NONE',  ( 0.000000000000000000, 1.000000000000000000, 0.000000000000000000 ) ) ;
#2365 = ORIENTED_EDGE ( 'NONE', *, *, #2786, .T. ) ;
#2366 = PLANE ( 'NONE',  #512 ) ;
#2367 = EDGE_CURVE ( 'NONE', #2383, #3740, #1841, .T. ) ;
#2368 = EDGE_CURVE ( 'NONE', #2478, #2541, #3142, .T. ) ;
#2369 = CARTESIAN_POINT ( 'NONE',  ( -19.32012396350220129, 25.89746815344992115, 4.510520446664897598 ) ) ;
#2370 = ORIENTED_EDGE ( 'NONE', *, *, #4384, .T. ) ;
#2371 = CARTESIAN_POINT ( 'NONE',  ( 25.80142391516927347, -13.83479463208861659, 2.007025818179382970 ) ) ;
#2372 = DIRECTION ( 'NONE',  ( 0.000000000000000000, 0.000000000000000000, 1.000000000000000000 ) ) ;
#2373 = LINE ( 'NONE', #686, #3270 ) ;
#2374 = CARTESIAN_POINT ( 'NONE',  ( -14.60432768920891000, 22.20531048083694259, -13.26740484576071921 ) ) ;
#2375 = CONICAL_SURFACE ( 'NONE', #2220, 19.89528790399999636, 1.325817663668040325 ) ;
#2376 = SURFACE_STYLE_USAGE ( .BOTH. , #2327 ) ;
#2377 = EDGE_CURVE ( 'NONE', #2808, #3740, #2495, .T. ) ;
#2378 = AXIS2_PLACEMENT_3D ( 'NONE', #2692, #973, #258 ) ;
#2379 = PLANE ( 'NONE',  #3496 ) ;
#2380 = CARTESIAN_POINT ( 'NONE',  ( 25.10314052858132428, -8.989766296991637873, -10.58235496053598901 ) ) ;
#2381 = AXIS2_PLACEMENT_3D ( 'NONE', #4449, #3373, #4424 ) ;
#2382 = PRODUCT_DEFINITION_SHAPE ( 'NONE', 'NONE',  #3771 ) ;
#2383 = VERTEX_POINT ( 'NONE', #2476 ) ;
#2384 = CARTESIAN_POINT ( 'NONE',  ( -19.31922037836244854, 25.89883648723049703, -4.693246768577328254 ) ) ;
#2385 = DIRECTION ( 'NONE',  ( 0.000000000000000000, -0.4999999999999998890, 0.8660254037844387076 ) ) ;
#2386 = VECTOR ( 'NONE', #3880, 1000.000000000000000 ) ;
#2387 = CARTESIAN_POINT ( 'NONE',  ( -10.90518974943637254, 41.35198246893876473, 9.613344734947196102 ) ) ;
#2388 = VERTEX_POINT ( 'NONE', #3920 ) ;
#2389 = EDGE_LOOP ( 'NONE', ( #2020, #4615, #3559, #2405 ) ) ;
#2390 = CARTESIAN_POINT ( 'NONE',  ( -25.22415028085388045, 19.59544189034371087, 10.58724019406531625 ) ) ;
#2391 = CARTESIAN_POINT ( 'NONE',  ( 25.00056640456853785, 4.736788704421668328, -17.76190397092889128 ) ) ;
#2392 = CARTESIAN_POINT ( 'NONE',  ( 19.88349122551821324, 21.47971803049107109, -9.000040112884473587 ) ) ;
#2393 = B_SPLINE_CURVE_WITH_KNOTS ( 'NONE', 3,
 ( #961, #1634, #2384, #2081, #3100, #299 ),
 .UNSPECIFIED., .F., .F.,
 ( 4, 1, 1, 4 ),
 ( 0.000000000000000000, 0.3119413072041652968, 0.6238826144082927350, 1.000000000000000000 ),
 .UNSPECIFIED. ) ;
#2394 = LINE ( 'NONE', #3723, #4466 ) ;
#2395 = ORIENTED_EDGE ( 'NONE', *, *, #770, .T. ) ;
#2396 = LINE ( 'NONE', #3818, #272 ) ;
#2397 = ADVANCED_FACE ( 'NONE', ( #1352 ), #2779, .T. ) ;
#2398 = DIRECTION ( 'NONE',  ( -1.000000000000000000, 0.000000000000000000, 0.000000000000000000 ) ) ;
#2399 = DIRECTION ( 'NONE',  ( 1.000000000000000000, 0.000000000000000000, 0.000000000000000000 ) ) ;
#2400 = LINE ( 'NONE', #547, #3702 ) ;
#2401 = EDGE_CURVE ( 'NONE', #2848, #4293, #129, .T. ) ;
#2402 = PLANE ( 'NONE',  #1926 ) ;
#2403 = PRODUCT_RELATED_PRODUCT_CATEGORY ( 'part', '', ( #4133 ) ) ;
#2404 = DIRECTION ( 'NONE',  ( 0.000000000000000000, 1.000000000000000000, 0.000000000000000000 ) ) ;
#2405 = ORIENTED_EDGE ( 'NONE', *, *, #2432, .F. ) ;
#2406 = CARTESIAN_POINT ( 'NONE',  ( 14.82644764013921268, 48.15826517293877629, -0.09174695092890516879 ) ) ;
#2407 = CARTESIAN_POINT ( 'NONE',  ( -25.49219759059615242, -7.867141369803341888, 12.34330447041164014 ) ) ;
#2408 = CARTESIAN_POINT ( 'NONE',  ( 34.30927729516927371, -15.04652165530114338, -0.09174695092889822989 ) ) ;
#2409 = EDGE_CURVE ( 'NONE', #967, #4174, #1770, .T. ) ;
#2410 = ORIENTED_EDGE ( 'NONE', *, *, #2377, .T. ) ;
#2411 = CARTESIAN_POINT ( 'NONE',  ( -25.85699130507330068, 24.19620041710646063, 2.618492672356513840 ) ) ;
#2412 = DIRECTION ( 'NONE',  ( 1.000000000000000000, 0.000000000000000000, 0.000000000000000000 ) ) ;
#2413 = DIRECTION ( 'NONE',  ( 0.000000000000000000, 1.000000000000000000, -6.157524674834935503E-17 ) ) ;
#2414 = CARTESIAN_POINT ( 'NONE',  ( 25.67121292628500839, 17.53473373524342094, 14.15649141827054081 ) ) ;
#2415 = ORIENTED_EDGE ( 'NONE', *, *, #3162, .F. ) ;
#2416 = FACE_OUTER_BOUND ( 'NONE', #2170, .T. ) ;
#2417 = FACE_OUTER_BOUND ( 'NONE', #994, .T. ) ;
#2418 = FACE_OUTER_BOUND ( 'NONE', #3836, .T. ) ;
#2419 = ORIENTED_EDGE ( 'NONE', *, *, #680, .T. ) ;
#2420 = CARTESIAN_POINT ( 'NONE',  ( -15.37000136430780550, 23.78358462059475187, -12.36989192823663508 ) ) ;
#2421 = CARTESIAN_POINT ( 'NONE',  ( -22.01226838533919405, 22.61240139924662174, -1.616698705093117416 ) ) ;
#2422 = DIRECTION ( 'NONE',  ( 0.000000000000000000, 0.000000000000000000, 1.000000000000000000 ) ) ;
#2423 = EDGE_CURVE ( 'NONE', #3583, #4399, #3574, .T. ) ;
#2424 = ORIENTED_EDGE ( 'NONE', *, *, #2689, .T. ) ;
#2425 = UNCERTAINTY_MEASURE_WITH_UNIT (LENGTH_MEASURE( 1.000000000000000082E-05 ), #3285, 'distance_accuracy_value', 'NONE');
#2426 = DIRECTION ( 'NONE',  ( 0.8643483377093785780, -0.5028935783036347917, 0.000000000000000000 ) ) ;
#2427 = CARTESIAN_POINT ( 'NONE',  ( -0.04936135483071932978, 41.35198246893876473, -0.09174695092890516879 ) ) ;
#2428 = DIRECTION ( 'NONE',  ( -1.000000000000000000, 0.000000000000000000, 0.000000000000000000 ) ) ;
#2429 = ORIENTED_EDGE ( 'NONE', *, *, #979, .T. ) ;
#2430 = VECTOR ( 'NONE', #1582, 1000.000000000000000 ) ;
#2431 = CARTESIAN_POINT ( 'NONE',  ( -25.75971526489970387, 23.73821963278083302, 3.411738659698744236 ) ) ;
#2432 = EDGE_CURVE ( 'NONE', #745, #2478, #882, .T. ) ;
#2433 = DIRECTION ( 'NONE',  ( 0.000000000000000000, 0.000000000000000000, -1.000000000000000000 ) ) ;
#2434 = CARTESIAN_POINT ( 'NONE',  ( -25.90014662483071817, -5.757695703200715442, 15.99697154077339079 ) ) ;
#2435 = VECTOR ( 'NONE', #2698, 999.9999999999998863 ) ;
#2436 = CARTESIAN_POINT ( 'NONE',  ( 25.11785512505717932, 19.63148676460849273, 10.52480864048629172 ) ) ;
#2437 = ORIENTED_EDGE ( 'NONE', *, *, #2842, .T. ) ;
#2438 = CARTESIAN_POINT ( 'NONE',  ( -25.22986770882259933, 3.175136707603297026, 17.57841006907110071 ) ) ;
#2439 = CARTESIAN_POINT ( 'NONE',  ( -5.132837566702112220, 27.24174566412677834, -19.05651868655501957 ) ) ;
#2440 = AXIS2_PLACEMENT_3D ( 'NONE', #3171, #4602, #32 ) ;
#2441 = CARTESIAN_POINT ( 'NONE',  ( -25.90014662483071817, 5.357218168938772784, -0.09174695092890516879 ) ) ;
#2442 = MANIFOLD_SOLID_BREP ( 'Cut-Extrude1', #263 ) ;
#2443 = AXIS2_PLACEMENT_3D ( 'NONE', #927, #3491, #2717 ) ;
#2444 = ORIENTED_EDGE ( 'NONE', *, *, #2377, .F. ) ;
#2445 = DIRECTION ( 'NONE',  ( 1.000000000000000000, 0.000000000000000000, 0.000000000000000000 ) ) ;
#2446 = CARTESIAN_POINT ( 'NONE',  ( 21.20689817728111493, 23.00955410957035951, -3.095016133270875880 ) ) ;
#2447 = CARTESIAN_POINT ( 'NONE',  ( 0.000000000000000000, -25.00000000000000000, 0.000000000000000000 ) ) ;
#2448 = CYLINDRICAL_SURFACE ( 'NONE', #569, 19.96073292999999893 ) ;
#2449 = ADVANCED_FACE ( 'NONE', ( #2935 ), #2375, .T. ) ;
#2450 = EDGE_CURVE ( 'NONE', #507, #298, #1393, .T. ) ;
#2451 = CARTESIAN_POINT ( 'NONE',  ( -25.38831380283233585, -8.232160284321503596, 11.71107316474253857 ) ) ;
#2452 = CARTESIAN_POINT ( 'NONE',  ( -25.71985517620435502, -0.4574906558456917072, -17.76190397092890194 ) ) ;
#2453 = ORIENTED_EDGE ( 'NONE', *, *, #3829, .F. ) ;
#2454 = AXIS2_PLACEMENT_3D ( 'NONE', #262, #1041, #4549 ) ;
#2455 = LINE ( 'NONE', #3878, #3555 ) ;
#2456 = PRODUCT_DEFINITION_SHAPE ( 'NONE', 'NONE',  #4637 ) ;
#2457 = CARTESIAN_POINT ( 'NONE',  ( 0.000000000000000000, 3.000000000000000000, 0.000000000000000000 ) ) ;
#2458 = LINE ( 'NONE', #2520, #4021 ) ;
#2459 = ORIENTED_EDGE ( 'NONE', *, *, #4537, .T. ) ;
#2460 = VECTOR ( 'NONE', #132, 1000.000000000000000 ) ;
#2461 = CARTESIAN_POINT ( 'NONE',  ( 25.39805791125987966, 18.56575398207672478, 12.37071196712307852 ) ) ;
#2462 = ORIENTED_EDGE ( 'NONE', *, *, #4266, .T. ) ;
#2463 = CARTESIAN_POINT ( 'NONE',  ( -25.24224807924938929, 3.064111916709379546, 17.57841006907110071 ) ) ;
#2464 = CIRCLE ( 'NONE', #148, 19.96073292999999893 ) ;
#2465 = FACE_OUTER_BOUND ( 'NONE', #1694, .T. ) ;
#2466 = CARTESIAN_POINT ( 'NONE',  ( -0.04936135483071932978, 38.04700865593877523, -0.09174695092890516879 ) ) ;
#2467 = ORIENTED_EDGE ( 'NONE', *, *, #1191, .T. ) ;
#2468 = CARTESIAN_POINT ( 'NONE',  ( 25.46837826890930501, 10.03037187953437126, -17.76190397092889484 ) ) ;
#2469 = CARTESIAN_POINT ( 'NONE',  ( 17.76857797161128971, 24.71394734863421050, 8.838687080620955427 ) ) ;
#2470 = DIRECTION ( 'NONE',  ( -1.000000000000000000, 0.000000000000000000, 0.000000000000000000 ) ) ;
#2471 = DIRECTION ( 'NONE',  ( 1.000000000000000000, 0.000000000000000000, 0.000000000000000000 ) ) ;
#2472 = DIRECTION ( 'NONE',  ( 0.000000000000000000, 0.000000000000000000, -1.000000000000000000 ) ) ;
#2473 = CARTESIAN_POINT ( 'NONE',  ( -25.90014662483071817, 5.357218168938767455, -0.09174695092890516879 ) ) ;
#2474 = EDGE_LOOP ( 'NONE', ( #2485, #1245, #1018, #667 ) ) ;
#2475 = CARTESIAN_POINT ( 'NONE',  ( -25.76534304620265914, 23.76391754445098670, 3.367228571037618856 ) ) ;
#2476 = CARTESIAN_POINT ( 'NONE',  ( 34.30927729516927371, 5.357218168938774561, 12.60802136135099261 ) ) ;
#2477 = CARTESIAN_POINT ( 'NONE',  ( -34.40800000483071130, 25.76095799317868540, -0.09174695092891919923 ) ) ;
#2478 = VERTEX_POINT ( 'NONE', #3668 ) ;
#2479 = EDGE_CURVE ( 'NONE', #3768, #2388, #1118, .T. ) ;
#2480 = CARTESIAN_POINT ( 'NONE',  ( 25.64825278700726940, 23.67689465459003628, 3.517956637698247846 ) ) ;
#2481 = ORIENTED_EDGE ( 'NONE', *, *, #3762, .T. ) ;
#2482 = CARTESIAN_POINT ( 'NONE',  ( -25.77135430893170565, -0.9067464894863604963, 17.57841006907110781 ) ) ;
#2483 = CARTESIAN_POINT ( 'NONE',  ( -5.007029004380521009, 26.87040594883447042, -19.08921660799214592 ) ) ;
#2484 = CARTESIAN_POINT ( 'NONE',  ( -0.04936135483071932978, 49.20538558893876768, -0.09174695092890516879 ) ) ;
#2485 = ORIENTED_EDGE ( 'NONE', *, *, #1918, .F. ) ;
#2486 = PLANE ( 'NONE',  #1019 ) ;
#2487 = CARTESIAN_POINT ( 'NONE',  ( 7.649040926218696690, 16.84609346593785517, 18.14613780941633792 ) ) ;
#2488 = EDGE_CURVE ( 'NONE', #3890, #184, #140, .T. ) ;
#2489 = CARTESIAN_POINT ( 'NONE',  ( 25.45780860449697869, 18.35821328255755702, -12.91367690518648459 ) ) ;
#2490 = CARTESIAN_POINT ( 'NONE',  ( -0.04936135483071932978, 41.35198246893876473, -0.09174695092890516879 ) ) ;
#2491 = CARTESIAN_POINT ( 'NONE',  ( -25.75971526490248564, -6.867390103564214421, 14.07492445846911089 ) ) ;
#2492 = CARTESIAN_POINT ( 'NONE',  ( 25.80142391516927702, 5.357218168938772784, -0.09174695092890516879 ) ) ;
#2493 = ORIENTED_EDGE ( 'NONE', *, *, #2038, .T. ) ;
#2494 = DIRECTION ( 'NONE',  ( 1.000000000000000000, 0.000000000000000000, 0.000000000000000000 ) ) ;
#2495 = LINE ( 'NONE', #658, #51 ) ;
#2496 = FACE_OUTER_BOUND ( 'NONE', #253, .T. ) ;
#2497 = VERTEX_POINT ( 'NONE', #1460 ) ;
#2498 = ORIENTED_EDGE ( 'NONE', *, *, #1036, .T. ) ;
#2499 = CARTESIAN_POINT ( 'NONE',  ( -25.43083638741607899, 1.623136140261687288, 17.57841006907111492 ) ) ;
#2500 = DIRECTION ( 'NONE',  ( 1.000000000000000000, 0.000000000000000000, 0.000000000000000000 ) ) ;
#2501 = DIRECTION ( 'NONE',  ( 0.000000000000000000, -1.000000000000000000, 0.000000000000000000 ) ) ;
#2502 = ADVANCED_FACE ( 'NONE', ( #1563 ), #4006, .F. ) ;
#2503 = AXIS2_PLACEMENT_3D ( 'NONE', #4082, #692, #4620 ) ;
#2504 = B_SPLINE_CURVE_WITH_KNOTS ( 'NONE', 3,
 ( #2869, #4264, #3158, #1060, #2133, #3581, #3516, #2483, #2439, #3907, #1820, #705, #1467, #4586, #1801, #728, #3554, #685, #1015, #1378, #1733, #2805, #4240, #351, #3926, #4301, #1780, #2235, #374, #18, #1424, #3648, #166, #1590, #490, #4046, #3367, #848, #466, #4367, #2636, #797, #416, #1570, #1871, #1843, #3297, #823, #2268, #2543, #1168, #1123, #2593, #4069, #2225, #4326, #3273, #1919, #3695, #444, #3993, #515, #872 ),
 .UNSPECIFIED., .F., .F.,
 ( 4, 2, 2, 2, 2, 2, 1, 2, 2, 2, 2, 2, 1, 2, 2, 1, 1, 2, 1, 2, 2, 1, 2, 2, 1, 2, 1, 2, 2, 1, 2, 1, 1, 2, 2, 2, 4 ),
 ( 0.3521857885866850890, 0.3724299826933518132, 0.3825520797466853695, 0.3926741768000188704, 0.4331625650133527627, 0.4534067591200195424, 0.4736509532266863221, 0.4938951473333530462, 0.5141393414400198258, 0.5546277296533531631, 0.5951161178666865004, 0.6153603119733530580, 0.6204213605000196141, 0.6229518847633527256, 0.6254824090266858372, 0.6356045060800188384, 0.6760928942933517316, 0.7165812825066845138, 0.7368254766133510714, 0.7469475736666841836, 0.7520086221933508508, 0.7570696707200172959, 0.7975580589333493009, 0.8178022530400153034, 0.8380464471466813059, 0.8582906412533473084, 0.8684127383066801986, 0.8734737868333468658, 0.8760043110966799773, 0.8785348353600130888, 0.9190232235733419852, 0.9291453206266742093, 0.9342063691533404324, 0.9367368934166733219, 0.9392674176800062114, 0.9595116117866706595, 1.000000000000000000 ),
 .UNSPECIFIED. ) ;
#2505 = EDGE_LOOP ( 'NONE', ( #1186, #2189, #2437, #2752 ) ) ;
#2506 = CARTESIAN_POINT ( 'NONE',  ( 25.80142391516927702, -3.018563823142123237, 17.57841006907109360 ) ) ;
#2507 = CARTESIAN_POINT ( 'NONE',  ( -19.68286915483071553, 25.55339647824940386, -0.09174695092890619574 ) ) ;
#2508 = CARTESIAN_POINT ( 'NONE',  ( 25.59675346624934988, 17.85463181974724378, -13.78590558452378723 ) ) ;
#2509 = PRODUCT_RELATED_PRODUCT_CATEGORY ( 'part', '', ( #3197 ) ) ;
#2510 = CARTESIAN_POINT ( 'NONE',  ( 25.11570322111822051, 3.321002072183466769, 17.57841006907108294 ) ) ;
#2511 = AXIS2_PLACEMENT_3D ( 'NONE', #2660, #2064, #4468 ) ;
#2512 = FACE_BOUND ( 'NONE', #1140, .T. ) ;
#2513 = CARTESIAN_POINT ( 'NONE',  ( -0.04936135483072223717, 41.35198246893876473, -14.96755594589883742 ) ) ;
#2514 = FACE_OUTER_BOUND ( 'NONE', #2892, .T. ) ;
#2515 = ORIENTED_EDGE ( 'NONE', *, *, #3511, .F. ) ;
#2516 = VECTOR ( 'NONE', #33, 1000.000000000000000 ) ;
#2517 = DIRECTION ( 'NONE',  ( 0.000000000000000000, 0.000000000000000000, -1.000000000000000000 ) ) ;
#2518 = CARTESIAN_POINT ( 'NONE',  ( 10.46942406114836821, 41.35198246893876473, -10.61053236690799118 ) ) ;
#2519 = CIRCLE ( 'NONE', #3421, 9.000000000000000000 ) ;
#2520 = CARTESIAN_POINT ( 'NONE',  ( -34.40800000483071130, -4.844651743181184855, 17.57841006907109360 ) ) ;
#2521 = ORIENTED_EDGE ( 'NONE', *, *, #652, .F. ) ;
#2522 = CIRCLE ( 'NONE', #2009, 19.96073292999999893 ) ;
#2523 = ORIENTED_EDGE ( 'NONE', *, *, #2742, .F. ) ;
#2524 = CARTESIAN_POINT ( 'NONE',  ( -25.77303150313677804, -0.9226439851553701610, 17.57841006907110426 ) ) ;
#2525 = DIRECTION ( 'NONE',  ( -0.000000000000000000, 1.000000000000000000, 0.000000000000000000 ) ) ;
#2526 = CARTESIAN_POINT ( 'NONE',  ( -34.40800000483071130, -4.844651743181184855, -17.76190397092890194 ) ) ;
#2527 = VERTEX_POINT ( 'NONE', #767 ) ;
#2528 = CARTESIAN_POINT ( 'NONE',  ( 25.80142391516927702, 13.73300016101966747, -17.76190397092890194 ) ) ;
#2529 = CARTESIAN_POINT ( 'NONE',  ( 20.03577377482148592, 24.09566823605218744, 2.837886391688480447 ) ) ;
#2530 = CARTESIAN_POINT ( 'NONE',  ( 25.14352536958585205, 19.51346991101057782, -10.91271372892512659 ) ) ;
#2531 = ITEM_DEFINED_TRANSFORMATION ( 'NONE', 'NONE', #4255,  #3876 ) ;
#2532 = ADVANCED_FACE ( 'NONE', ( #3642, #2612 ), #3267, .F. ) ;
#2533 = CARTESIAN_POINT ( 'NONE',  ( 25.11878374593216279, 3.291188552357613428, 17.57841006907109005 ) ) ;
#2534 = CARTESIAN_POINT ( 'NONE',  ( 1.685455812574000678, 14.35503886821771147, -20.09436349147773981 ) ) ;
#2535 = CARTESIAN_POINT ( 'NONE',  ( -25.09926571571918430, 5.046891127680693145, -17.76190397092890905 ) ) ;
#2536 = CARTESIAN_POINT ( 'NONE',  ( 25.67330326714979449, -13.08074952549110748, -3.496564155862751822 ) ) ;
#2537 = CARTESIAN_POINT ( 'NONE',  ( -25.22415028085388045, 7.486380462488495091, -17.76190397092890905 ) ) ;
#2538 =( NAMED_UNIT ( * ) PLANE_ANGLE_UNIT ( ) SI_UNIT ( $, .RADIAN. ) );
#2539 = ADVANCED_FACE ( 'NONE', ( #1509 ), #65, .F. ) ;
#2540 = EDGE_LOOP ( 'NONE', ( #4491, #1495, #4578 ) ) ;
#2541 = VERTEX_POINT ( 'NONE', #1866 ) ;
#2542 = CARTESIAN_POINT ( 'NONE',  ( -0.04936135483071932978, 41.35198246893876473, -0.09174695092890516879 ) ) ;
#2543 = CARTESIAN_POINT ( 'NONE',  ( -14.62431519810523284, 28.40233500359196128, -13.24643137855786001 ) ) ;
#2544 = CARTESIAN_POINT ( 'NONE',  ( -25.90014662483071817, 15.55908808105873220, 17.57841006907109360 ) ) ;
#2545 = CARTESIAN_POINT ( 'NONE',  ( -19.33611908289992698, 25.27295830128058896, -4.589983206644624225 ) ) ;
#2546 = ORIENTED_EDGE ( 'NONE', *, *, #3568, .F. ) ;
#2547 = CARTESIAN_POINT ( 'NONE',  ( 25.00056640456853785, -9.635371966982235747, 9.280639236599943942 ) ) ;
#2548 = CARTESIAN_POINT ( 'NONE',  ( -19.68286915483071553, 25.55339647824940386, -0.09174695092890619574 ) ) ;
#2549 = CARTESIAN_POINT ( 'NONE',  ( 25.66932541646299981, 23.77646909469369874, -3.528982550161319676 ) ) ;
#2550 = PRODUCT_CONTEXT ( 'NONE', #1803, 'mechanical' ) ;
#2551 = DIRECTION ( 'NONE',  ( 1.000000000000000000, 0.000000000000000000, 0.000000000000000000 ) ) ;
#2552 = DIRECTION ( 'NONE',  ( 1.000000000000000000, 0.000000000000000000, 0.000000000000000000 ) ) ;
#2553 = CARTESIAN_POINT ( 'NONE',  ( -19.27839710931655048, 21.09441576713784627, -10.35563125953561503 ) ) ;
#2554 = CARTESIAN_POINT ( 'NONE',  ( -14.18529195130973264, 21.68340042774573817, -13.72728955451533217 ) ) ;
#2555 = EDGE_CURVE ( 'NONE', #9, #2967, #1163, .T. ) ;
#2556 = CARTESIAN_POINT ( 'NONE',  ( 25.33211367777653322, -11.81262771368076692, -5.693015564104569215 ) ) ;
#2557 = VERTEX_POINT ( 'NONE', #90 ) ;
#2558 = CARTESIAN_POINT ( 'NONE',  ( 25.34336741534497861, 18.75597759369420459, 12.04123500700235283 ) ) ;
#2559 = CARTESIAN_POINT ( 'NONE',  ( -25.77202597681123564, 11.62754382143864262, -17.76190397092891260 ) ) ;
#2560 = DIRECTION ( 'NONE',  ( 0.000000000000000000, 0.000000000000000000, -1.000000000000000000 ) ) ;
#2561 = DIRECTION ( 'NONE',  ( 0.000000000000000000, 1.000000000000000000, -5.697667218914260421E-16 ) ) ;
#2562 = VERTEX_POINT ( 'NONE', #4361 ) ;
#2563 = ADVANCED_FACE ( 'NONE', ( #2264 ), #2813, .T. ) ;
#2564 = ORIENTED_EDGE ( 'NONE', *, *, #4333, .T. ) ;
#2565 = CARTESIAN_POINT ( 'NONE',  ( -7.649533375322619122, 20.53886937315305516, -18.19899547572788379 ) ) ;
#2566 = CARTESIAN_POINT ( 'NONE',  ( 25.12033637505330930, 3.276261403664743721, -17.76190397092889128 ) ) ;
#2567 = CARTESIAN_POINT ( 'NONE',  ( 25.80142391516927702, 5.357218168938769232, -0.09174695092890516879 ) ) ;
#2568 = CARTESIAN_POINT ( 'NONE',  ( 7.286240166128813200, 17.80482341410766267, 18.19530067648601701 ) ) ;
#2569 = ORIENTED_EDGE ( 'NONE', *, *, #1901, .T. ) ;
#2570 = CARTESIAN_POINT ( 'NONE',  ( 25.78524067026023658, -6.151297409210366496, 15.31523338801888734 ) ) ;
#2571 = CARTESIAN_POINT ( 'NONE',  ( -25.90014662483071817, 5.357218168938772784, -0.09174695092890516879 ) ) ;
#2572 = VECTOR ( 'NONE', #2426, 1000.000000000000114 ) ;
#2573 = CARTESIAN_POINT ( 'NONE',  ( 25.13114499916003552, 19.56898230645447967, -10.81656343956641919 ) ) ;
#2574 = APPLICATION_PROTOCOL_DEFINITION ( 'draft international standard', 'automotive_design', 1998, #1471 ) ;
#2575 = AXIS2_PLACEMENT_3D ( 'NONE', #1181, #499, #2604 ) ;
#2576 = CARTESIAN_POINT ( 'NONE',  ( 25.11940361874932748, 3.285219036563224559, 17.57841006907109005 ) ) ;
#2577 = CARTESIAN_POINT ( 'NONE',  ( -2.626375931101540218, 14.49354571714784257, 19.79358973374560904 ) ) ;
#2578 = VECTOR ( 'NONE', #3272, 1000.000000000000000 ) ;
#2579 = CARTESIAN_POINT ( 'NONE',  ( -13.27658800910103487, 20.88612530830280889, -14.62683108866775861 ) ) ;
#2580 = CARTESIAN_POINT ( 'NONE',  ( 25.17206816843267347, -11.21353752704458628, -6.730670205674353923 ) ) ;
#2581 = ORIENTED_EDGE ( 'NONE', *, *, #1908, .F. ) ;
#2582 = VECTOR ( 'NONE', #4440, 1000.000000000000000 ) ;
#2583 = CARTESIAN_POINT ( 'NONE',  ( -10.19334038483071758, 25.31795109893877083, -19.72525475092890446 ) ) ;
#2584 = EDGE_CURVE ( 'NONE', #3206, #1324, #4434, .T. ) ;
#2585 = DIRECTION ( 'NONE',  ( 0.000000000000000000, 1.000000000000000000, 0.000000000000000000 ) ) ;
#2586 = CARTESIAN_POINT ( 'NONE',  ( -19.68286915483071553, 26.19954656072355448, -0.09174695092890644554 ) ) ;
#2587 = CARTESIAN_POINT ( 'NONE',  ( -25.75971526490049612, -13.02378329490865205, -3.595232561547268890 ) ) ;
#2588 = AXIS2_PLACEMENT_3D ( 'NONE', #324, #2172, #3947 ) ;
#2589 = VERTEX_POINT ( 'NONE', #4461 ) ;
#2590 = ORIENTED_EDGE ( 'NONE', *, *, #1395, .F. ) ;
#2591 = CIRCLE ( 'NONE', #427, 1.304999999999999938 ) ;
#2592 = CARTESIAN_POINT ( 'NONE',  ( -4.855874921571623481, 24.48553232483650177, -19.12783630407801283 ) ) ;
#2593 = CARTESIAN_POINT ( 'NONE',  ( -15.18892168631343864, 27.36825707235284355, -12.59259274091287750 ) ) ;
#2594 = CARTESIAN_POINT ( 'NONE',  ( 34.30927729516927371, 5.357218168938772784, -12.79151526320880272 ) ) ;
#2595 = AXIS2_PLACEMENT_3D ( 'NONE', #3908, #706, #3556 ) ;
#2596 = CARTESIAN_POINT ( 'NONE',  ( 0.7325000356450979133, 15.62230375734882593, 19.63637571784568081 ) ) ;
#2597 = ORIENTED_EDGE ( 'NONE', *, *, #149, .F. ) ;
#2598 = CARTESIAN_POINT ( 'NONE',  ( 25.80142391516927702, -5.757695703200715442, 15.99697154077339079 ) ) ;
#2599 = AXIS2_PLACEMENT_3D ( 'NONE', #1895, #1195, #4047 ) ;
#2600 = CARTESIAN_POINT ( 'NONE',  ( -0.04936135483072223717, 41.35198246893876473, -14.96755594589883742 ) ) ;
#2601 = B_SPLINE_CURVE_WITH_KNOTS ( 'NONE', 3,
 ( #2810, #3538, #1757, #397, #709, #1428, #3207, #3866, #669, #3584, #4244, #4616, #2854, #1446, #1045, #4268, #1020, #4308, #757, #315, #2468, #1737, #3931, #3560, #2835, #1105, #3519, #2, #48, #355, #1063, #1826, #2874, #2528 ),
 .UNSPECIFIED., .F., .F.,
 ( 4, 1, 1, 1, 1, 1, 1, 1, 2, 2, 1, 1, 1, 1, 2, 2, 1, 1, 1, 1, 1, 1, 1, 2, 2, 4 ),
 ( 0.5000000000000000000, 0.5624999999999994449, 0.5937499999999990008, 0.6093749999999990008, 0.6171874999999988898, 0.6210937499999987788, 0.6230468749999986677, 0.6240234374999986677, 0.6245117187499986677, 0.6249999999999986677, 0.6874999999999943379, 0.7187499999999922284, 0.7343749999999911182, 0.7421874999999906741, 0.7460937499999904521, 0.7499999999999902300, 0.8124999999999845679, 0.8437499999999815703, 0.8593749999999800160, 0.8671874999999789058, 0.8710937499999786837, 0.8730468749999786837, 0.8740234374999786837, 0.8745117187499786837, 0.8749999999999789058, 1.000000000000000000 ),
 .UNSPECIFIED. ) ;
#2602 = APPLICATION_PROTOCOL_DEFINITION ( 'draft international standard', 'automotive_design', 1998, #1868 ) ;
#2603 = EDGE_CURVE ( 'NONE', #3637, #1633, #4114, .T. ) ;
#2604 = DIRECTION ( 'NONE',  ( 0.000000000000000000, 0.000000000000000000, 1.000000000000000000 ) ) ;
#2605 = DIRECTION ( 'NONE',  ( 0.3826834323650898928, 0.000000000000000000, -0.9238795325112867385 ) ) ;
#2606 = CARTESIAN_POINT ( 'NONE',  ( 34.30927729516927371, -4.844651743181184855, -17.76190397092890194 ) ) ;
#2607 = LINE ( 'NONE', #837, #3578 ) ;
#2608 = CARTESIAN_POINT ( 'NONE',  ( 25.41042989031792487, -12.08251621351404914, -5.225554970014774980 ) ) ;
#2609 = ORIENTED_EDGE ( 'NONE', *, *, #1999, .T. ) ;
#2610 = DIRECTION ( 'NONE',  ( 1.000000000000000000, 0.000000000000000000, 0.000000000000000000 ) ) ;
#2611 = CARTESIAN_POINT ( 'NONE',  ( -1.190722704830725398, 5.357218168938772784, -0.09174695092890516879 ) ) ;
#2612 = FACE_OUTER_BOUND ( 'NONE', #1473, .T. ) ;
#2613 = FACE_OUTER_BOUND ( 'NONE', #164, .T. ) ;
#2614 = ORIENTED_EDGE ( 'NONE', *, *, #1666, .F. ) ;
#2615 = CARTESIAN_POINT ( 'NONE',  ( -5.486535055887585166, 22.67277099242146932, -18.95745672269853799 ) ) ;
#2616 = CARTESIAN_POINT ( 'NONE',  ( 25.12268704652035467, 3.253867152359005033, -17.76190397092889839 ) ) ;
#2617 = FACE_BOUND ( 'NONE', #86, .T. ) ;
#2618 = ADVANCED_FACE ( 'NONE', ( #1607 ), #2724, .T. ) ;
#2619 = CARTESIAN_POINT ( 'NONE',  ( 5.575340664270810542, 16.63305138719782406, -19.09032219710375955 ) ) ;
#2620 = ORIENTED_EDGE ( 'NONE', *, *, #1680, .T. ) ;
#2621 = CARTESIAN_POINT ( 'NONE',  ( 25.59675346623832937, -7.140195481906865815, 13.60241168260161793 ) ) ;
#2622 = DIRECTION ( 'NONE',  ( 0.000000000000000000, 0.000000000000000000, 1.000000000000000000 ) ) ;
#2623 = CARTESIAN_POINT ( 'NONE',  ( -25.85699130507329713, 12.42957292888587695, 17.57841006907110426 ) ) ;
#2624 = EDGE_CURVE ( 'NONE', #3676, #1688, #915, .T. ) ;
#2625 = CARTESIAN_POINT ( 'NONE',  ( 25.39347488093689975, 1.200327510046415247, 17.57841006907109360 ) ) ;
#2626 = ADVANCED_FACE ( 'NONE', ( #4187 ), #4163, .T. ) ;
#2627 = CARTESIAN_POINT ( 'NONE',  ( -25.09928911422997899, 20.97023776937691508, -8.389517783401322149 ) ) ;
#2628 = CARTESIAN_POINT ( 'NONE',  ( -8.202625357923736260, 16.12757718237552851, -18.68845060178074746 ) ) ;
#2629 = CARTESIAN_POINT ( 'NONE',  ( 25.59675346620639402, -12.75097791642387790, -4.067745337660934268 ) ) ;
#2630 = ORIENTED_EDGE ( 'NONE', *, *, #2367, .F. ) ;
#2631 = DIRECTION ( 'NONE',  ( -0.000000000000000000, -1.000000000000000000, -0.000000000000000000 ) ) ;
#2632 = CARTESIAN_POINT ( 'NONE',  ( -5.814976250332605012, 15.42809271986726216, 19.09639337443988794 ) ) ;
#2633 = CARTESIAN_POINT ( 'NONE',  ( -25.22415028085936584, -8.881005552441658679, -10.77073409596558307 ) ) ;
#2634 = ORIENTED_EDGE ( 'NONE', *, *, #3218, .F. ) ;
#2635 = CARTESIAN_POINT ( 'NONE',  ( -5.651853157429178154, 22.39895278729476402, -18.90903655500785163 ) ) ;
#2636 = CARTESIAN_POINT ( 'NONE',  ( -13.57498040651153204, 29.52937522069059995, -14.32414569841286855 ) ) ;
#2637 = CARTESIAN_POINT ( 'NONE',  ( 0.000000000000000000, -25.00000000000000000, 0.000000000000000000 ) ) ;
#2638 = CARTESIAN_POINT ( 'NONE',  ( 19.34645468959040926, 26.00515280680243535, 4.003418613038868479 ) ) ;
#2639 = ORIENTED_EDGE ( 'NONE', *, *, #3020, .T. ) ;
#2640 = CARTESIAN_POINT ( 'NONE',  ( 25.67330326714980870, -6.810423872991226091, 14.17359286413723041 ) ) ;
#2641 = EDGE_CURVE ( 'NONE', #1614, #3881, #3124, .T. ) ;
#2642 = ADVANCED_FACE ( 'NONE', ( #2793, #3167 ), #1026, .T. ) ;
#2643 = FACE_OUTER_BOUND ( 'NONE', #2733, .T. ) ;
#2644 = CARTESIAN_POINT ( 'NONE',  ( 2.580334999164045406, 41.35198246893876473, 13.69480614929326734 ) ) ;
#2645 = DIRECTION ( 'NONE',  ( 0.000000000000000000, 0.000000000000000000, -1.000000000000000000 ) ) ;
#2646 = CARTESIAN_POINT ( 'NONE',  ( -25.21912334722865623, 21.70080829371697462, -7.124132516732094800 ) ) ;
#2647 = CARTESIAN_POINT ( 'NONE',  ( -9.167930686912633576, 17.42597538754734998, 17.59565386677844501 ) ) ;
#2648 = AXIS2_PLACEMENT_3D ( 'NONE', #3894, #1741, #2471 ) ;
#2649 = PLANE ( 'NONE',  #2503 ) ;
#2650 = EDGE_LOOP ( 'NONE', ( #1489, #1330, #3546, #2788, #4212, #4028 ) ) ;
#2651 = VERTEX_POINT ( 'NONE', #1433 ) ;
#2652 = CARTESIAN_POINT ( 'NONE',  ( -0.04936135483071714403, 48.15826517293877629, -14.96755594589883742 ) ) ;
#2653 = AXIS2_PLACEMENT_3D ( 'NONE', #2490, #5, #2857 ) ;
#2654 = CARTESIAN_POINT ( 'NONE',  ( 10.88782210382118798, 17.36467196436455751, -17.33884392532982233 ) ) ;
#2655 = CARTESIAN_POINT ( 'NONE',  ( -25.11418053060299371, -9.544275562048271766, 9.438422838332424902 ) ) ;
#2656 = CARTESIAN_POINT ( 'NONE',  ( -25.21912334722876281, -8.904801442642348519, -10.72951840512666344 ) ) ;
#2657 = AXIS2_PLACEMENT_3D ( 'NONE', #4467, #1986, #3444 ) ;
#2658 = ORIENTED_EDGE ( 'NONE', *, *, #3986, .F. ) ;
#2659 = CARTESIAN_POINT ( 'NONE',  ( -25.69547617591108946, 17.85463181974536440, 13.60241168266921719 ) ) ;
#2660 = CARTESIAN_POINT ( 'NONE',  ( -34.40800000483071130, 15.55908808105873220, -17.76190397092890194 ) ) ;
#2661 = AXIS2_PLACEMENT_3D ( 'NONE', #1200, #3679, #1574 ) ;
#2662 = CARTESIAN_POINT ( 'NONE',  ( 21.91204622464464435, 22.61162643351783785, -1.108747405311588885 ) ) ;
#2663 = CIRCLE ( 'NONE', #960, 1.304847777956471999 ) ;
#2664 = DIRECTION ( 'NONE',  ( 0.000000000000000000, 0.000000000000000000, -1.000000000000000000 ) ) ;
#2665 = ORIENTED_EDGE ( 'NONE', *, *, #2555, .F. ) ;
#2666 = DIRECTION ( 'NONE',  ( 0.000000000000000000, 0.000000000000000000, 1.000000000000000000 ) ) ;
#2667 = LINE ( 'NONE', #855, #1619 ) ;
#2668 = CARTESIAN_POINT ( 'NONE',  ( -10.56814677080980580, 48.15826517293877629, 10.42703846505018284 ) ) ;
#2669 = TOROIDAL_SURFACE ( 'NONE', #505, 19.55474809580329776, 2.617801039999999801 ) ;
#2670 = AXIS2_PLACEMENT_3D ( 'NONE', #2441, #4197, #2807 ) ;
#2671 = CARTESIAN_POINT ( 'NONE',  ( 10.46942406114836821, 41.35198246893876473, -10.61053236690799118 ) ) ;
#2672 = CARTESIAN_POINT ( 'NONE',  ( -25.24268744969441158, 19.50613176486372424, -10.92542377088484074 ) ) ;
#2673 = CARTESIAN_POINT ( 'NONE',  ( -20.85083832718891728, 22.74410916669197746, -4.536056442502313324 ) ) ;
#2674 = AXIS2_PLACEMENT_3D ( 'NONE', #2780, #4210, #2413 ) ;
#2675 = CARTESIAN_POINT ( 'NONE',  ( -25.90014662483071817, -4.844651743181184855, -17.76190397092890194 ) ) ;
#2676 = EDGE_CURVE ( 'NONE', #74, #3241, #500, .T. ) ;
#2677 = ADVANCED_FACE ( 'NONE', ( #3478 ), #3149, .F. ) ;
#2678 = DIRECTION ( 'NONE',  ( 0.000000000000000000, 0.000000000000000000, 1.000000000000000000 ) ) ;
#2679 = EDGE_LOOP ( 'NONE', ( #2825, #2130, #3358, #612, #4059, #4590 ) ) ;
#2680 = FACE_OUTER_BOUND ( 'NONE', #1557, .T. ) ;
#2681 = DIRECTION ( 'NONE',  ( 0.000000000000000000, -1.000000000000000000, 5.697667218914260421E-16 ) ) ;
#2682 = CARTESIAN_POINT ( 'NONE',  ( 5.779559399126617869, 16.02224697501045725, -19.11186038984046220 ) ) ;
#2683 = CARTESIAN_POINT ( 'NONE',  ( -25.69547617586814070, -12.75097791642575729, 3.884251435799876084 ) ) ;
#2684 = DIRECTION ( 'NONE',  ( 0.000000000000000000, 0.000000000000000000, -1.000000000000000000 ) ) ;
#2685 = FACE_OUTER_BOUND ( 'NONE', #1977, .T. ) ;
#2686 = VERTEX_POINT ( 'NONE', #1049 ) ;
#2687 = EDGE_LOOP ( 'NONE', ( #4083, #3646, #1642, #2228 ) ) ;
#2688 = CARTESIAN_POINT ( 'NONE',  ( -0.04936135483071932978, 41.35198246893876473, -0.09174695092890516879 ) ) ;
#2689 = EDGE_CURVE ( 'NONE', #2757, #3688, #952, .T. ) ;
#2690 = DIRECTION ( 'NONE',  ( 1.000000000000000000, 0.000000000000000000, 0.000000000000000000 ) ) ;
#2691 = LINE ( 'NONE', #119, #3941 ) ;
#2692 = CARTESIAN_POINT ( 'NONE',  ( -0.7081450921521601494, 5.357218168938795877, -0.09174695092892692916 ) ) ;
#2693 = ORIENTED_EDGE ( 'NONE', *, *, #1251, .F. ) ;
#2694 = CARTESIAN_POINT ( 'NONE',  ( 25.11983828796159202, -10.98367497369196144, 6.945309924980826111 ) ) ;
#2695 = DIRECTION ( 'NONE',  ( 0.000000000000000000, 1.000000000000000000, -6.098889046747715678E-17 ) ) ;
#2696 = CARTESIAN_POINT ( 'NONE',  ( -25.29591315469796697, 8.104742784402027667, 17.57841006907110071 ) ) ;
#2697 = DIRECTION ( 'NONE',  ( -1.000000000000000000, 0.000000000000000000, 0.000000000000000000 ) ) ;
#2698 = DIRECTION ( 'NONE',  ( 0.8715755371245499372, 0.000000000000000000, 0.4902612396325579658 ) ) ;
#2699 = CARTESIAN_POINT ( 'NONE',  ( -25.77030912227685988, 17.53297606206566783, -14.34302969937534833 ) ) ;
#2700 = CARTESIAN_POINT ( 'NONE',  ( 11.68397240181776731, 17.77178375280021427, 16.54239840280292029 ) ) ;
#2701 = CARTESIAN_POINT ( 'NONE',  ( 25.14396474002355575, -8.791695427019082132, -10.92542377082783567 ) ) ;
#2702 = ORIENTED_EDGE ( 'NONE', *, *, #2192, .T. ) ;
#2703 = FACE_OUTER_BOUND ( 'NONE', #3337, .T. ) ;
#2704 = EDGE_CURVE ( 'NONE', #1484, #4174, #964, .T. ) ;
#2705 = CARTESIAN_POINT ( 'NONE',  ( -25.22006904117441195, -10.99089042665737814, 6.932812393845077636 ) ) ;
#2706 = CARTESIAN_POINT ( 'NONE',  ( 0.6094223824907665232, -27.71399253638288940, -16.97943148978304606 ) ) ;
#2707 = CARTESIAN_POINT ( 'NONE',  ( 23.18362287516927722, 5.357218168938772784, -0.09174695092890516879 ) ) ;
#2708 = ORIENTED_EDGE ( 'NONE', *, *, #1962, .F. ) ;
#2709 = ORIENTED_EDGE ( 'NONE', *, *, #690, .T. ) ;
#2710 = CARTESIAN_POINT ( 'NONE',  ( -34.40800000483071130, -15.04652165530114338, -0.09174695092889822989 ) ) ;
#2711 = CARTESIAN_POINT ( 'NONE',  ( 0.6094223824907665232, -2.770879276604500951, -2.578518334822671676 ) ) ;
#2712 = CARTESIAN_POINT ( 'NONE',  ( -9.777551894465197790, 16.42104005057992566, 17.93211568921686805 ) ) ;
#2713 = ADVANCED_FACE ( 'NONE', ( #1743 ), #2004, .F. ) ;
#2714 = CARTESIAN_POINT ( 'NONE',  ( 19.58290250711046099, 26.19831838031380045, 0.9319586189040193203 ) ) ;
#2715 = ORIENTED_EDGE ( 'NONE', *, *, #3708, .T. ) ;
#2716 = CARTESIAN_POINT ( 'NONE',  ( -10.19334038483071758, 25.31795109893877083, -0.09174695092890516879 ) ) ;
#2717 = DIRECTION ( 'NONE',  ( 1.000000000000000000, 0.000000000000000000, 0.000000000000000000 ) ) ;
#2718 = CARTESIAN_POINT ( 'NONE',  ( 25.80142391516927702, 15.55908808105873220, -17.76190397092890194 ) ) ;
#2719 = CARTESIAN_POINT ( 'NONE',  ( -14.68082895254775622, 22.31686515176119556, -13.18186911278777274 ) ) ;
#2720 = CARTESIAN_POINT ( 'NONE',  ( -25.77997338822102691, 23.83320962655884401, -3.430705066122390789 ) ) ;
#2721 = CARTESIAN_POINT ( 'NONE',  ( 25.11940343630546835, -8.909588008754258937, -10.72122782942704866 ) ) ;
#2722 = ORIENTED_EDGE ( 'NONE', *, *, #3932, .T. ) ;
#2723 = CARTESIAN_POINT ( 'NONE',  ( 34.30927729516927371, 25.76095799317868540, -0.09174695092892261317 ) ) ;
#2724 = PLANE ( 'NONE',  #1544 ) ;
#2725 = AXIS2_PLACEMENT_3D ( 'NONE', #115, #1775, #2283 ) ;
#2726 = DIRECTION ( 'NONE',  ( 0.000000000000000000, 1.000000000000000000, 0.000000000000000000 ) ) ;
#2727 = ORIENTED_EDGE ( 'NONE', *, *, #4490, .T. ) ;
#2728 = ADVANCED_FACE ( 'NONE', ( #715 ), #1390, .T. ) ;
#2729 = AXIS2_PLACEMENT_3D ( 'NONE', #1412, #4290, #3232 ) ;
#2730 = ORIENTED_EDGE ( 'NONE', *, *, #3701, .F. ) ;
#2731 = DIRECTION ( 'NONE',  ( 1.000000000000000000, 0.000000000000000000, 0.000000000000000000 ) ) ;
#2732 = LINE ( 'NONE', #3789, #4306 ) ;
#2733 = EDGE_LOOP ( 'NONE', ( #776, #4324, #4628, #1126, #1983, #4443 ) ) ;
#2734 = DIRECTION ( 'NONE',  ( 0.9238795325112867385, 0.000000000000000000, 0.3826834323650898928 ) ) ;
#2735 = AXIS2_PLACEMENT_3D ( 'NONE', #3655, #3350, #1175 ) ;
#2736 = EDGE_CURVE ( 'NONE', #3414, #234, #3260, .T. ) ;
#2737 = DIRECTION ( 'NONE',  ( -1.000000000000000000, 0.000000000000000000, 0.000000000000000000 ) ) ;
#2738 = ORIENTED_EDGE ( 'NONE', *, *, #1796, .T. ) ;
#2739 = CIRCLE ( 'NONE', #1322, 19.55474809580329776 ) ;
#2740 = DIRECTION ( 'NONE',  ( 0.000000000000000000, 0.000000000000000000, -1.000000000000000000 ) ) ;
#2741 = CARTESIAN_POINT ( 'NONE',  ( 25.40657444820704214, 9.604448259142705169, 17.57841006907108294 ) ) ;
#2742 = EDGE_CURVE ( 'NONE', #1614, #1043, #2968, .T. ) ;
#2743 = CARTESIAN_POINT ( 'NONE',  ( -0.04936135483071932978, 41.35198246893876473, -0.09174695092890516879 ) ) ;
#2744 = DIRECTION ( 'NONE',  ( 1.000000000000000000, 0.000000000000000000, 0.000000000000000000 ) ) ;
#2745 =( GEOMETRIC_REPRESENTATION_CONTEXT ( 3 ) GLOBAL_UNCERTAINTY_ASSIGNED_CONTEXT ( ( #1955 ) ) GLOBAL_UNIT_ASSIGNED_CONTEXT ( ( #3966, #2538, #4321 ) ) REPRESENTATION_CONTEXT ( 'NONE', 'WORKASPACE' ) );
#2746 = CARTESIAN_POINT ( 'NONE',  ( -15.58738686606193546, 25.04559657770123238, -12.09360840887951838 ) ) ;
#2747 = AXIS2_PLACEMENT_3D ( 'NONE', #1697, #4220, #982 ) ;
#2748 = EDGE_CURVE ( 'NONE', #1778, #3748, #1763, .T. ) ;
#2749 = DIRECTION ( 'NONE',  ( -1.000000000000000000, 0.000000000000000000, 0.000000000000000000 ) ) ;
#2750 = CARTESIAN_POINT ( 'NONE',  ( 25.67121292628499063, -6.820297397365927772, -14.33998532012828164 ) ) ;
#2751 = VECTOR ( 'NONE', #950, 1000.000000000000000 ) ;
#2752 = ORIENTED_EDGE ( 'NONE', *, *, #2401, .F. ) ;
#2753 = CARTESIAN_POINT ( 'NONE',  ( 25.80142391516927702, 16.47213204107826101, -16.18046544263119912 ) ) ;
#2754 = CARTESIAN_POINT ( 'NONE',  ( -25.21912334722875215, -10.98637195583987669, 6.940638614873507528 ) ) ;
#2755 = CIRCLE ( 'NONE', #3945, 12.27094237499999885 ) ;
#2756 = FACE_OUTER_BOUND ( 'NONE', #332, .T. ) ;
#2757 = VERTEX_POINT ( 'NONE', #1553 ) ;
#2758 = VECTOR ( 'NONE', #26, 1000.000000000000114 ) ;
#2759 = CARTESIAN_POINT ( 'NONE',  ( -25.21856099762297987, 21.69811131156922102, 6.945309924981292404 ) ) ;
#2760 = FACE_OUTER_BOUND ( 'NONE', #349, .T. ) ;
#2761 = CARTESIAN_POINT ( 'NONE',  ( 16.12195600866595413, 19.44621948534901534, 13.67353205376389269 ) ) ;
#2762 = CARTESIAN_POINT ( 'NONE',  ( 25.62113246653256482, 17.75266862476996721, 13.77901711686867081 ) ) ;
#2763 = ORIENTED_EDGE ( 'NONE', *, *, #55, .F. ) ;
#2764 = CARTESIAN_POINT ( 'NONE',  ( 25.11940343630548611, -10.98158538972848497, 6.948929190572239456 ) ) ;
#2765 = CARTESIAN_POINT ( 'NONE',  ( 25.13114499915996092, 7.539299630265892560, 17.57841006907109005 ) ) ;
#2766 = DIRECTION ( 'NONE',  ( 0.000000000000000000, -1.000000000000000000, 0.000000000000000000 ) ) ;
#2767 = EDGE_CURVE ( 'NONE', #3599, #1778, #58, .T. ) ;
#2768 = VERTEX_POINT ( 'NONE', #477 ) ;
#2769 = CARTESIAN_POINT ( 'NONE',  ( -15.56212261307166322, 24.73911161700596040, -12.12624555902587709 ) ) ;
#2770 = CARTESIAN_POINT ( 'NONE',  ( 11.15534518266001740, 17.00761782092233076, -17.51066701817947902 ) ) ;
#2771 = CARTESIAN_POINT ( 'NONE',  ( -23.28234558483071481, 5.357218168938775449, -19.64649504673220193 ) ) ;
#2772 = EDGE_CURVE ( 'NONE', #771, #4371, #2519, .T. ) ;
#2773 = ORIENTED_EDGE ( 'NONE', *, *, #4426, .T. ) ;
#2774 = DIRECTION ( 'NONE',  ( 0.000000000000000000, 1.000000000000000000, 0.000000000000000000 ) ) ;
#2775 = CARTESIAN_POINT ( 'NONE',  ( -25.85699130507329357, -6.409409319268398519, 14.86817044575971813 ) ) ;
#2776 = CARTESIAN_POINT ( 'NONE',  ( 9.655730331045383252, 41.35198246893876473, -10.94757534553455791 ) ) ;
#2777 = ORIENTED_EDGE ( 'NONE', *, *, #3719, .F. ) ;
#2778 = FACE_OUTER_BOUND ( 'NONE', #939, .T. ) ;
#2779 = PLANE ( 'NONE',  #1253 ) ;
#2780 = CARTESIAN_POINT ( 'NONE',  ( 22.10926522291496354, 5.357218168938772784, -0.09174695092890516879 ) ) ;
#2781 = CARTESIAN_POINT ( 'NONE',  ( 25.66662033654161590, 17.55612852978371308, 14.11943454710926815 ) ) ;
#2782 = VERTEX_POINT ( 'NONE', #1133 ) ;
#2783 = CARTESIAN_POINT ( 'NONE',  ( -25.90014662483071461, -2.720032110363911571, 17.57841006907112202 ) ) ;
#2784 = LINE ( 'NONE', #4214, #1542 ) ;
#2785 = CARTESIAN_POINT ( 'NONE',  ( -14.02530124230065134, 48.68182538093876133, -0.09174695092890346182 ) ) ;
#2786 = EDGE_CURVE ( 'NONE', #621, #1116, #4315, .T. ) ;
#2787 = ADVANCED_FACE ( 'NONE', ( #2928 ), #382, .T. ) ;
#2788 = ORIENTED_EDGE ( 'NONE', *, *, #76, .F. ) ;
#2789 = FACE_OUTER_BOUND ( 'NONE', #4066, .T. ) ;
#2790 = CARTESIAN_POINT ( 'NONE',  ( -21.60648562893781488, 22.38297250379056180, 4.480997942946905788 ) ) ;
#2791 = CARTESIAN_POINT ( 'NONE',  ( -0.7081450921521601494, -0.8604377456890126563, -5.887500131257940694 ) ) ;
#2792 = CARTESIAN_POINT ( 'NONE',  ( 25.80142391516927702, 16.47213204107826101, 15.99697154077339079 ) ) ;
#2793 = FACE_BOUND ( 'NONE', #114, .T. ) ;
#2794 = CARTESIAN_POINT ( 'NONE',  ( -25.24268744968949463, 3.049435624476168893, -17.76190397092890549 ) ) ;
#2795 = ORIENTED_EDGE ( 'NONE', *, *, #898, .F. ) ;
#2796 = VECTOR ( 'NONE', #1024, 1000.000000000000000 ) ;
#2797 = DIRECTION ( 'NONE',  ( 0.000000000000000000, 0.8660254037844387076, 0.4999999999999999445 ) ) ;
#2798 = CARTESIAN_POINT ( 'NONE',  ( 25.80142391516927702, 24.84791403315915304, 1.489691577368809527 ) ) ;
#2799 = CARTESIAN_POINT ( 'NONE',  ( -19.27839710931655048, 21.09441576713784627, -10.35563125953561503 ) ) ;
#2800 = EDGE_LOOP ( 'NONE', ( #1588, #3969, #1350 ) ) ;
#2801 = AXIS2_PLACEMENT_3D ( 'NONE', #1809, #2905, #3257 ) ;
#2802 = CARTESIAN_POINT ( 'NONE',  ( 25.12077807093600867, 21.70261336666169072, 6.937512136822678421 ) ) ;
#2803 = VERTEX_POINT ( 'NONE', #3261 ) ;
#2804 = FACE_OUTER_BOUND ( 'NONE', #1565, .T. ) ;
#2805 = CARTESIAN_POINT ( 'NONE',  ( -8.929657087772682189, 30.56909589082367873, -17.60332723820714662 ) ) ;
#2806 = VECTOR ( 'NONE', #1423, 1000.000000000000000 ) ;
#2807 = DIRECTION ( 'NONE',  ( 0.000000000000000000, 1.000000000000000000, 1.836597269759255432E-16 ) ) ;
#2808 = VERTEX_POINT ( 'NONE', #1183 ) ;
#2809 =( BOUNDED_CURVE ( )  B_SPLINE_CURVE ( 2, ( #1347, #3127, #2406 ),
 .UNSPECIFIED., .F., .F. ) 
 B_SPLINE_CURVE_WITH_KNOTS ( ( 3, 3 ),
 ( 0.000000000000000000, 1.751308635449599693 ),
 .UNSPECIFIED. ) 
 CURVE ( )  GEOMETRIC_REPRESENTATION_ITEM ( )  RATIONAL_B_SPLINE_CURVE ( ( 1.000000000000000000, 1.082392200292400020, 1.000000000000000000 ) ) 
 REPRESENTATION_ITEM ( '' )  );
#2810 = CARTESIAN_POINT ( 'NONE',  ( 25.00054300605774316, 5.357218168938773672, -17.76190397092890905 ) ) ;
#2811 = CARTESIAN_POINT ( 'NONE',  ( -7.507303664693937506, 17.69418020693347771, -18.55658388454283170 ) ) ;
#2812 = CARTESIAN_POINT ( 'NONE',  ( -25.77034351462282302, 17.53281502018121429, -14.34330863210137075 ) ) ;
#2813 = CONICAL_SURFACE ( 'NONE', #2966, 13.97593988746993077, 1.043853099605470236 ) ;
#2814 = VECTOR ( 'NONE', #4379, 1000.000000000000000 ) ;
#2815 = DIRECTION ( 'NONE',  ( -1.000000000000000000, 0.000000000000000000, 0.000000000000000000 ) ) ;
#2816 = CARTESIAN_POINT ( 'NONE',  ( -25.77030912227694159, -0.8968757811680434511, -17.76190397092890905 ) ) ;
#2817 = EDGE_CURVE ( 'NONE', #745, #3104, #4382, .T. ) ;
#2818 = VECTOR ( 'NONE', #358, 1000.000000000000000 ) ;
#2819 = ORIENTED_EDGE ( 'NONE', *, *, #2147, .T. ) ;
#2820 = AXIS2_PLACEMENT_3D ( 'NONE', #1304, #2336, #2684 ) ;
#2821 = B_SPLINE_CURVE_WITH_KNOTS ( 'NONE', 3,
 ( #2598, #1221, #2570, #520, #4349, #2271, #1199, #2229, #1146, #2640, #804, #4422, #449, #2621, #4330, #3302, #3324, #99, #1947, #1573, #1519, #829, #124, #2900, #1127, #3698, #853, #1547, #495, #4400, #2999, #1923, #2547, #151, #4073, #3975, #877, #2299, #777, #567, #1273, #2324, #2764, #2694, #3769, #1968, #1339, #3044, #241, #1689, #3749, #3114, #4125, #2027, #3092, #3071, #3394, #926, #542, #193, #4547, #1247, #2345, #4195, #2371, #4498 ),
 .UNSPECIFIED., .F., .F.,
 ( 4, 1, 1, 1, 1, 1, 1, 1, 2, 2, 1, 1, 1, 1, 2, 2, 1, 1, 1, 1, 1, 1, 1, 2, 2, 2, 1, 1, 1, 1, 1, 1, 1, 2, 2, 1, 1, 1, 1, 2, 2, 1, 1, 1, 1, 1, 1, 1, 2, 2, 4 ),
 ( 0.000000000000000000, 0.06249999999996341815, 0.09374999999994512723, 0.1093749999999358707, 0.1171874999999313050, 0.1210937499999289041, 0.1230468749999277522, 0.1240234374999272526, 0.1245117187499271832, 0.1249999999999270861, 0.1874999999998769040, 0.2187499999998519518, 0.2343749999998395173, 0.2421874999998333000, 0.2460937499998301914, 0.2499999999998271105, 0.3124999999997795652, 0.3437499999997556954, 0.3593749999997438715, 0.3671874999997381539, 0.3710937499997353783, 0.3730468749997341571, 0.3740234374997334355, 0.3745117187497334910, 0.3749999999997335465, 0.4999999999997641886, 0.5624999999997792877, 0.5937499999997870592, 0.6093749999997909450, 0.6171874999997928324, 0.6210937499997939426, 0.6230468749997944977, 0.6240234374997949418, 0.6245117187497952749, 0.6249999999997954969, 0.6874999999998349098, 0.7187499999998546718, 0.7343749999998643307, 0.7421874999998693268, 0.7460937499998717692, 0.7499999999998741007, 0.8124999999999125144, 0.8437499999999318323, 0.8593749999999413802, 0.8671874999999462652, 0.8710937499999487077, 0.8730468749999497069, 0.8740234374999503730, 0.8745117187499507061, 0.8749999999999509281, 1.000000000000000000 ),
 .UNSPECIFIED. ) ;
#2822 = CARTESIAN_POINT ( 'NONE',  ( -25.90014662483071817, 24.84791403315915304, 1.489691577368809527 ) ) ;
#2823 = DIRECTION ( 'NONE',  ( 1.000000000000000000, 0.000000000000000000, 0.000000000000000000 ) ) ;
#2824 = CARTESIAN_POINT ( 'NONE',  ( -34.40800000483071130, 5.357218168938772784, 12.60802136135099261 ) ) ;
#2825 = ORIENTED_EDGE ( 'NONE', *, *, #2767, .T. ) ;
#2826 = VECTOR ( 'NONE', #4380, 1000.000000000000000 ) ;
#2827 = B_SPLINE_CURVE_WITH_KNOTS ( 'NONE', 3,
 ( #1114, #2535, #1366, #365, #2169, #383, #4599, #3214, #3940, #3525, #2125, #2188, #2794, #3962, #1434, #341, #321, #3191, #4227, #3874, #4273, #1027, #2452, #2106, #1744, #1069, #8, #3168, #1765, #2816, #1391, #4253, #3917, #716 ),
 .UNSPECIFIED., .F., .F.,
 ( 4, 1, 1, 1, 1, 1, 1, 1, 2, 2, 1, 1, 1, 1, 2, 2, 1, 1, 1, 1, 1, 1, 1, 2, 2, 4 ),
 ( 0.000000000000000000, 0.1249999999999931721, 0.1874999999999895917, 0.2187499999999877875, 0.2343749999999868439, 0.2421874999999863720, 0.2460937499999860945, 0.2480468749999860112, 0.2490234374999859834, 0.2499999999999859557, 0.3749999999999922839, 0.4374999999999953926, 0.4687499999999970024, 0.4843749999999977240, 0.4921874999999981681, 0.4999999999999985567, 0.6250000000000054401, 0.6875000000000089928, 0.7187500000000106581, 0.7343750000000115463, 0.7421875000000119904, 0.7460937500000122125, 0.7480468750000123235, 0.7490234375000122125, 0.7500000000000122125, 1.000000000000000000 ),
 .UNSPECIFIED. ) ;
#2828 = EDGE_CURVE ( 'NONE', #1421, #3599, #2907, .T. ) ;
#2829 = CARTESIAN_POINT ( 'NONE',  ( 25.38489064466683587, 18.61128363730716018, 12.29185229101286581 ) ) ;
#2830 = ORIENTED_EDGE ( 'NONE', *, *, #712, .T. ) ;
#2831 = CARTESIAN_POINT ( 'NONE',  ( -25.55653131415399315, 0.7535986598455408636, 17.57841006907110426 ) ) ;
#2832 = LINE ( 'NONE', #2115, #1025 ) ;
#2833 = CARTESIAN_POINT ( 'NONE',  ( 0.000000000000000000, -25.00000000000000000, 0.000000000000000000 ) ) ;
#2834 = VERTEX_POINT ( 'NONE', #762 ) ;
#2835 = CARTESIAN_POINT ( 'NONE',  ( 25.66099255524024514, 11.51361136028170229, -17.76190397092890194 ) ) ;
#2836 = CARTESIAN_POINT ( 'NONE',  ( -5.591940560483868339, 16.00820770804602944, 18.92707574958910755 ) ) ;
#2837 = CARTESIAN_POINT ( 'NONE',  ( 25.70735880413551300, 17.35590999558380787, -14.64971712281828431 ) ) ;
#2838 = LINE ( 'NONE', #3565, #3248 ) ;
#2839 = CARTESIAN_POINT ( 'NONE',  ( -25.77030912227689896, -6.818539724187909989, 14.15953579751790059 ) ) ;
#2840 = CARTESIAN_POINT ( 'NONE',  ( -10.19334038483071758, 25.31795109893877083, -19.72525475092890446 ) ) ;
#2841 = VERTEX_POINT ( 'NONE', #1859 ) ;
#2842 = EDGE_CURVE ( 'NONE', #3665, #4293, #1881, .T. ) ;
#2843 = CARTESIAN_POINT ( 'NONE',  ( -25.71985517619156170, 23.56737744945069224, 3.707646001302538963 ) ) ;
#2844 = LINE ( 'NONE', #3508, #1465 ) ;
#2845 = CARTESIAN_POINT ( 'NONE',  ( 4.300089231327646644, 5.357218168938795877, -0.09174695092892692916 ) ) ;
#2846 = ORIENTED_EDGE ( 'NONE', *, *, #2006, .F. ) ;
#2847 = EDGE_CURVE ( 'NONE', #974, #3693, #2953, .T. ) ;
#2848 = VERTEX_POINT ( 'NONE', #742 ) ;
#2849 = CARTESIAN_POINT ( 'NONE',  ( -25.77536390277330369, -0.9448608955838442292, 17.57841006907110426 ) ) ;
#2850 = CARTESIAN_POINT ( 'NONE',  ( 25.12033646656731634, 7.438175812347854077, 17.57841006907108294 ) ) ;
#2851 = CARTESIAN_POINT ( 'NONE',  ( -0.04936135483072154329, 41.35198246893876473, -14.96755594589883742 ) ) ;
#2852 = ADVANCED_FACE ( 'NONE', ( #1113 ), #3755, .T. ) ;
#2853 = ORIENTED_EDGE ( 'NONE', *, *, #854, .T. ) ;
#2854 = CARTESIAN_POINT ( 'NONE',  ( 25.14396474003287807, 7.665000713447589931, -17.76190397092889839 ) ) ;
#2855 = CARTESIAN_POINT ( 'NONE',  ( 10.83400255910697396, 19.30065255063173879, 16.44392106651403651 ) ) ;
#2856 = CARTESIAN_POINT ( 'NONE',  ( 25.05902419773516598, 21.37227167068415312, -7.693174639972053086 ) ) ;
#2857 = DIRECTION ( 'NONE',  ( 1.000000000000000000, 0.000000000000000000, 0.000000000000000000 ) ) ;
#2858 = DIRECTION ( 'NONE',  ( 0.000000000000000000, 0.000000000000000000, -1.000000000000000000 ) ) ;
#2859 = CARTESIAN_POINT ( 'NONE',  ( 4.300089231327646644, 5.357218168938795877, -0.09174695092892692916 ) ) ;
#2860 = DIRECTION ( 'NONE',  ( 0.000000000000000000, 1.000000000000000000, 0.000000000000000000 ) ) ;
#2861 = ORIENTED_EDGE ( 'NONE', *, *, #3283, .F. ) ;
#2862 = CARTESIAN_POINT ( 'NONE',  ( -25.77536390277331080, 11.65929723346139468, -17.76190397092891615 ) ) ;
#2863 = LINE ( 'NONE', #2518, #3264 ) ;
#2864 = CARTESIAN_POINT ( 'NONE',  ( -7.098067189035107027, 17.54905603889805121, -18.65648029186204226 ) ) ;
#2865 = EDGE_LOOP ( 'NONE', ( #3514, #3626, #2867, #3671, #701, #4416 ) ) ;
#2866 = EDGE_CURVE ( 'NONE', #3579, #2337, #1329, .T. ) ;
#2867 = ORIENTED_EDGE ( 'NONE', *, *, #1387, .F. ) ;
#2868 = CARTESIAN_POINT ( 'NONE',  ( -25.34300470754691048, 2.252742422075601603, 17.57841006907110426 ) ) ;
#2869 = CARTESIAN_POINT ( 'NONE',  ( -4.794290577405249110, 25.31795280033326634, -19.14326329924483616 ) ) ;
#2870 = PLANE ( 'NONE',  #1632 ) ;
#2871 = CONICAL_SURFACE ( 'NONE', #3479, 4.767670144099999341, 1.058406866484160158 ) ;
#2872 = EDGE_CURVE ( 'NONE', #942, #1558, #2591, .T. ) ;
#2873 = ORIENTED_EDGE ( 'NONE', *, *, #3441, .T. ) ;
#2874 = CARTESIAN_POINT ( 'NONE',  ( 25.80142391516927702, 13.13563403466370261, -17.76190397092890905 ) ) ;
#2875 = CARTESIAN_POINT ( 'NONE',  ( 4.093211355271122898, 16.21311806028395708, 19.22581141925796544 ) ) ;
#2876 = CARTESIAN_POINT ( 'NONE',  ( 25.01545782094380854, 21.06133417437109046, -8.231734181564522856 ) ) ;
#2877 = PRODUCT_CONTEXT ( 'NONE', #4018, 'mechanical' ) ;
#2878 = VECTOR ( 'NONE', #3553, 1000.000000000000000 ) ;
#2879 = DIRECTION ( 'NONE',  ( 0.000000000000000000, 0.000000000000000000, -1.000000000000000000 ) ) ;
#2880 = EDGE_CURVE ( 'NONE', #4097, #1799, #3936, .T. ) ;
#2881 = CARTESIAN_POINT ( 'NONE',  ( 25.80142391516927702, 5.357218168938769232, -0.09174695092890516879 ) ) ;
#2882 = AXIS2_PLACEMENT_3D ( 'NONE', #590, #237, #3464 ) ;
#2883 = DIRECTION ( 'NONE',  ( 0.000000000000000000, 1.000000000000000000, -5.697667218914260421E-16 ) ) ;
#2884 = CARTESIAN_POINT ( 'NONE',  ( 0.000000000000000000, 3.000000000000000000, -9.000000000000000000 ) ) ;
#2885 = ORIENTED_EDGE ( 'NONE', *, *, #3316, .T. ) ;
#2886 = VECTOR ( 'NONE', #3152, 1000.000000000000000 ) ;
#2887 = CARTESIAN_POINT ( 'NONE',  ( -25.74697549668334773, 11.39096140401927038, -17.76190397092891970 ) ) ;
#2888 = DIRECTION ( 'NONE',  ( 0.000000000000000000, 0.000000000000000000, -1.000000000000000000 ) ) ;
#2889 = AXIS2_PLACEMENT_3D ( 'NONE', #875, #3794, #3422 ) ;
#2890 = CARTESIAN_POINT ( 'NONE',  ( 5.495004655480848932, 16.89481364842575317, -19.10843075566667437 ) ) ;
#2891 = ORIENTED_EDGE ( 'NONE', *, *, #2260, .F. ) ;
#2892 = EDGE_LOOP ( 'NONE', ( #1407, #4343, #2459 ) ) ;
#2893 = PLANE ( 'NONE',  #4081 ) ;
#2894 = CARTESIAN_POINT ( 'NONE',  ( -0.7081450921521601494, -27.71399253638288940, -16.97943148978304606 ) ) ;
#2895 = LINE ( 'NONE', #2851, #141 ) ;
#2896 = CIRCLE ( 'NONE', #972, 5.291230352099999479 ) ;
#2897 = CARTESIAN_POINT ( 'NONE',  ( -13.35483039491458257, 20.76855655019780755, -15.10527200272267656 ) ) ;
#2898 = EDGE_LOOP ( 'NONE', ( #1536, #1008 ) ) ;
#2899 = PRODUCT_DEFINITION_FORMATION_WITH_SPECIFIED_SOURCE ( 'ANY', '', #4133, .NOT_KNOWN. ) ;
#2900 = CARTESIAN_POINT ( 'NONE',  ( 25.14352536958797302, -8.799033573126044061, 10.72921982707940636 ) ) ;
#2901 = ADVANCED_FACE ( 'NONE', ( #3816 ), #2669, .F. ) ;
#2902 = CARTESIAN_POINT ( 'NONE',  ( 1.501460052394724132, 15.96624839748004732, -19.74535493655335117 ) ) ;
#2903 = CARTESIAN_POINT ( 'NONE',  ( 25.67214315252879686, 17.53034926439103813, -14.34757944640900362 ) ) ;
#2904 =( NAMED_UNIT ( * ) SI_UNIT ( $, .STERADIAN. ) SOLID_ANGLE_UNIT ( ) );
#2905 = DIRECTION ( 'NONE',  ( 0.3826834323650899483, 0.000000000000000000, 0.9238795325112867385 ) ) ;
#2906 = DIRECTION ( 'NONE',  ( 0.000000000000000000, 1.000000000000000000, 0.000000000000000000 ) ) ;
#2907 = LINE ( 'NONE', #3609, #282 ) ;
#2908 = CARTESIAN_POINT ( 'NONE',  ( -14.77449220483071635, 5.357218168938772784, -0.09174695092890516879 ) ) ;
#2909 = EDGE_CURVE ( 'NONE', #1051, #343, #1032, .T. ) ;
#2910 = CARTESIAN_POINT ( 'NONE',  ( 25.69024839415354577, -13.16278799004062350, -3.354469367088055876 ) ) ;
#2911 = CARTESIAN_POINT ( 'NONE',  ( 25.04039386986598004, 21.31695191384730848, 7.605497367618012206 ) ) ;
#2912 = FACE_OUTER_BOUND ( 'NONE', #4358, .T. ) ;
#2913 = SURFACE_SIDE_STYLE ('',( #4412 ) ) ;
#2914 = CARTESIAN_POINT ( 'NONE',  ( 22.10926522291496354, 5.357218168938772784, -17.25931304276440770 ) ) ;
#2915 = ORIENTED_EDGE ( 'NONE', *, *, #1111, .F. ) ;
#2916 = CARTESIAN_POINT ( 'NONE',  ( -11.29017005478510427, 20.03130875532511723, -16.18897784919580829 ) ) ;
#2917 = CARTESIAN_POINT ( 'NONE',  ( 25.40657444820685740, 1.109988078736122041, -17.76190397092889484 ) ) ;
#2918 = DIRECTION ( 'NONE',  ( 0.3826834323650898928, 0.000000000000000000, 0.9238795325112867385 ) ) ;
#2919 = CARTESIAN_POINT ( 'NONE',  ( -20.06154792591975777, 24.04457280107860484, -0.09174695092890605697 ) ) ;
#2920 = EDGE_LOOP ( 'NONE', ( #3461, #2730, #3709, #3989, #314, #3244, #1490 ) ) ;
#2921 = DIRECTION ( 'NONE',  ( 0.000000000000000000, 0.000000000000000000, 1.000000000000000000 ) ) ;
#2922 = CARTESIAN_POINT ( 'NONE',  ( -0.7081450921521601494, 5.357218168938772784, -0.09174695092890516879 ) ) ;
#2923 = CARTESIAN_POINT ( 'NONE',  ( 25.64825278702769396, 17.64315141955947652, -14.15220038245400680 ) ) ;
#2924 = CARTESIAN_POINT ( 'NONE',  ( 0.000000000000000000, 0.000000000000000000, 0.000000000000000000 ) ) ;
#2925 = EDGE_CURVE ( 'NONE', #3688, #2967, #3402, .T. ) ;
#2926 = LINE ( 'NONE', #4451, #1381 ) ;
#2927 = DIRECTION ( 'NONE',  ( 1.000000000000000000, 0.000000000000000000, 0.000000000000000000 ) ) ;
#2928 = FACE_OUTER_BOUND ( 'NONE', #3787, .T. ) ;
#2929 = CARTESIAN_POINT ( 'NONE',  ( -14.45959213633549112, 22.00888947961566444, -13.42863493725510438 ) ) ;
#2930 = ORIENTED_EDGE ( 'NONE', *, *, #2275, .T. ) ;
#2931 = ORIENTED_EDGE ( 'NONE', *, *, #4384, .F. ) ;
#2932 = CARTESIAN_POINT ( 'NONE',  ( 0.6094223824907665232, 5.357218168938795877, -1.396594728885399039 ) ) ;
#2933 = CARTESIAN_POINT ( 'NONE',  ( -25.43083638741311603, 9.091300197595389321, -17.76190397092891260 ) ) ;
#2934 = PRODUCT_DEFINITION ( 'UNKNOWN', '', #4026, #270 ) ;
#2935 = FACE_OUTER_BOUND ( 'NONE', #1372, .T. ) ;
#2936 = CARTESIAN_POINT ( 'NONE',  ( -25.27079087809548597, -8.677635871431137460, -11.12298071619488660 ) ) ;
#2937 = ORIENTED_EDGE ( 'NONE', *, *, #4260, .T. ) ;
#2938 = B_SPLINE_CURVE_WITH_KNOTS ( 'NONE', 3,
 ( #1709, #1645, #215, #3067, #4495, #2712, #1668, #943, #1334, #1686, #3792, #591, #2761, #971, #4563, #3446, #1353 ),
 .UNSPECIFIED., .F., .F.,
 ( 4, 1, 1, 1, 1, 1, 1, 1, 1, 1, 1, 1, 1, 1, 4 ),
 ( 0.000000000000000000, 0.03571428571428567067, 0.07142857142857118868, 0.1428571428571427937, 0.1785714285714283533, 0.2142857142857139963, 0.2321428571428567900, 0.2499999999999995282, 0.2857142857142851433, 0.3095238095238087572, 0.3333333333333327042, 0.3809523809523803206, 0.4285714285714278815, 0.4761904761904759975, 0.5000000000000000000 ),
 .UNSPECIFIED. ) ;
#2939 = DIRECTION ( 'NONE',  ( -1.000000000000000000, 0.000000000000000000, 0.000000000000000000 ) ) ;
#2940 = ADVANCED_FACE ( 'NONE', ( #2343 ), #4123, .T. ) ;
#2941 = CARTESIAN_POINT ( 'NONE',  ( 25.12542757119307879, 3.228055875384679752, -17.76190397092889839 ) ) ;
#2942 = CARTESIAN_POINT ( 'NONE',  ( 22.10926522291496354, -11.81034792289672986, -0.09174695092890516879 ) ) ;
#2943 = CARTESIAN_POINT ( 'NONE',  ( 0.000000000000000000, 0.000000000000000000, 0.000000000000000000 ) ) ;
#2944 = ORIENTED_EDGE ( 'NONE', *, *, #4089, .T. ) ;
#2945 = CARTESIAN_POINT ( 'NONE',  ( 0.000000000000000000, 0.000000000000000000, 0.000000000000000000 ) ) ;
#2946 = PLANE ( 'NONE',  #498 ) ;
#2947 = AXIS2_PLACEMENT_3D ( 'NONE', #841, #1888, #1559 ) ;
#2948 = DIRECTION ( 'NONE',  ( 0.000000000000000000, 1.000000000000000000, 0.000000000000000000 ) ) ;
#2949 = DIRECTION ( 'NONE',  ( 1.000000000000000000, 0.000000000000000000, 0.000000000000000000 ) ) ;
#2950 = VECTOR ( 'NONE', #3184, 1000.000000000000000 ) ;
#2951 = CARTESIAN_POINT ( 'NONE',  ( -15.59255502983071828, 25.31795109893877083, -0.09174695092890516879 ) ) ;
#2952 = PLANE ( 'NONE',  #4183 ) ;
#2953 = LINE ( 'NONE', #2606, #4614 ) ;
#2954 = AXIS2_PLACEMENT_3D ( 'NONE', #1009, #1369, #2797 ) ;
#2955 = DIRECTION ( 'NONE',  ( 1.000000000000000000, 0.000000000000000000, 0.000000000000000000 ) ) ;
#2956 = CARTESIAN_POINT ( 'NONE',  ( 25.80142391516927702, -14.13347769528161280, -1.673185479226632966 ) ) ;
#2957 = EDGE_LOOP ( 'NONE', ( #3357, #3552, #3084 ) ) ;
#2958 = VECTOR ( 'NONE', #1987, 1000.000000000000114 ) ;
#2959 = DIRECTION ( 'NONE',  ( -1.000000000000000000, 0.000000000000000000, 0.000000000000000000 ) ) ;
#2960 = SHAPE_REPRESENTATION ( 'Brass swing check valve.STEP', ( #3876 ), #901 ) ;
#2961 = CARTESIAN_POINT ( 'NONE',  ( -25.90014662483072527, 13.43446844824146247, -17.76190397092891615 ) ) ;
#2962 = EDGE_CURVE ( 'NONE', #3222, #2344, #593, .T. ) ;
#2963 = EDGE_CURVE ( 'NONE', #4489, #1421, #2394, .T. ) ;
#2964 = CARTESIAN_POINT ( 'NONE',  ( -20.06154792591975777, 24.04457280107860484, -0.09174695092890605697 ) ) ;
#2965 = CARTESIAN_POINT ( 'NONE',  ( -25.90014662483071817, -14.13347769528161280, -1.673185479226639849 ) ) ;
#2966 = AXIS2_PLACEMENT_3D ( 'NONE', #4015, #3691, #1303 ) ;
#2967 = VERTEX_POINT ( 'NONE', #168 ) ;
#2968 = CIRCLE ( 'NONE', #1470, 19.55474809580329776 ) ;
#2969 = CARTESIAN_POINT ( 'NONE',  ( 34.30927729516927371, 25.76095799317868540, -0.09174695092891904658 ) ) ;
#2970 = CARTESIAN_POINT ( 'NONE',  ( 25.17206816840393913, 2.821316513597190045, -17.76190397092889128 ) ) ;
#2971 = CARTESIAN_POINT ( 'NONE',  ( 22.10926522291496354, 5.357218168938772784, 17.07581914090659936 ) ) ;
#2972 = VECTOR ( 'NONE', #2948, 1000.000000000000000 ) ;
#2973 = ADVANCED_FACE ( 'NONE', ( #540 ), #3867, .T. ) ;
#2974 = CARTESIAN_POINT ( 'NONE',  ( -19.68286915483071553, 26.19954656072355448, -0.09174695092890626513 ) ) ;
#2975 = ORIENTED_EDGE ( 'NONE', *, *, #738, .F. ) ;
#2976 = CARTESIAN_POINT ( 'NONE',  ( 34.30927729516927371, -4.844651743181184855, -17.76190397092890194 ) ) ;
#2977 = CIRCLE ( 'NONE', #4248, 2.000000000000000000 ) ;
#2978 = DIRECTION ( 'NONE',  ( 0.000000000000000000, 1.000000000000000000, 0.000000000000000000 ) ) ;
#2979 = LINE ( 'NONE', #4477, #2303 ) ;
#2980 = VECTOR ( 'NONE', #3589, 999.9999999999998863 ) ;
#2981 = CARTESIAN_POINT ( 'NONE',  ( 25.67158641261541874, -0.8968757811672914970, 17.57841006907109360 ) ) ;
#2982 = CARTESIAN_POINT ( 'NONE',  ( -25.90014662483071106, 24.69864817677003543, -1.931721526327864202 ) ) ;
#2983 = CARTESIAN_POINT ( 'NONE',  ( 22.00066058381448997, 22.66148550735918832, 3.008020046299021644 ) ) ;
#2984 = ORIENTED_EDGE ( 'NONE', *, *, #1130, .T. ) ;
#2985 = ORIENTED_EDGE ( 'NONE', *, *, #2866, .F. ) ;
#2986 = ORIENTED_EDGE ( 'NONE', *, *, #4260, .F. ) ;
#2987 = CARTESIAN_POINT ( 'NONE',  ( -22.20798793257640469, 22.52478426077425411, 17.07581914090657804 ) ) ;
#2988 = CARTESIAN_POINT ( 'NONE',  ( -19.27588432022671938, 21.09695528069710591, 10.17075220543864233 ) ) ;
#2989 = FILL_AREA_STYLE ('',( #461 ) ) ;
#2990 = CARTESIAN_POINT ( 'NONE',  ( -25.24268744968466294, -11.09947797146213411, -6.928227151031897790 ) ) ;
#2991 = ORIENTED_EDGE ( 'NONE', *, *, #1621, .T. ) ;
#2992 = EDGE_CURVE ( 'NONE', #3526, #4489, #3015, .T. ) ;
#2993 = EDGE_CURVE ( 'NONE', #3611, #2782, #3447, .T. ) ;
#2994 = EDGE_LOOP ( 'NONE', ( #390, #3443 ) ) ;
#2995 = CARTESIAN_POINT ( 'NONE',  ( -5.825970139581311713, 22.13886497359381877, -18.85661079583335820 ) ) ;
#2996 = CARTESIAN_POINT ( 'NONE',  ( 25.45780860449256267, 0.7535986598455023389, -17.76190397092889484 ) ) ;
#2997 = FACE_BOUND ( 'NONE', #4535, .T. ) ;
#2998 = CARTESIAN_POINT ( 'NONE',  ( 14.40582689327446886, 22.14146267115774336, -13.77672051170053891 ) ) ;
#2999 = CARTESIAN_POINT ( 'NONE',  ( 25.12033637505331640, -8.905108316604161800, 10.54549298197548701 ) ) ;
#3000 = DIRECTION ( 'NONE',  ( 1.000000000000000000, 0.000000000000000000, 0.000000000000000000 ) ) ;
#3001 = CARTESIAN_POINT ( 'NONE',  ( -25.76993563594645309, 11.60779677268938492, 17.57841006907109715 ) ) ;
#3002 = CYLINDRICAL_SURFACE ( 'NONE', #4226, 5.399214644999999813 ) ;
#3003 = CARTESIAN_POINT ( 'NONE',  ( -25.83676224893698148, 24.13348897211369604, -2.910605983157864340 ) ) ;
#3004 = CARTESIAN_POINT ( 'NONE',  ( 10.44671181762918977, 18.06528855268080491, -17.16230809866961948 ) ) ;
#3005 = CARTESIAN_POINT ( 'NONE',  ( 25.38489064466458700, -7.896847299437318668, -12.47534619285732838 ) ) ;
#3006 = ORIENTED_EDGE ( 'NONE', *, *, #1224, .F. ) ;
#3007 = LINE ( 'NONE', #459, #2062 ) ;
#3008 = CARTESIAN_POINT ( 'NONE',  ( -14.72991107887848372, 19.23026464825925075, 14.58261699927757071 ) ) ;
#3009 = CARTESIAN_POINT ( 'NONE',  ( -25.09925401646250265, -9.790479333138659257, 9.011985397788816243 ) ) ;
#3010 = CARTESIAN_POINT ( 'NONE',  ( -25.90014662483069685, -13.83479463208942839, -2.190519720035775997 ) ) ;
#3011 = VERTEX_POINT ( 'NONE', #191 ) ;
#3012 = CARTESIAN_POINT ( 'NONE',  ( -25.77202597681125340, 17.52486021086830803, 14.17359286413802266 ) ) ;
#3013 = FACE_OUTER_BOUND ( 'NONE', #4216, .T. ) ;
#3014 = FACE_OUTER_BOUND ( 'NONE', #566, .T. ) ;
#3015 = LINE ( 'NONE', #3767, #4313 ) ;
#3016 = ORIENTED_EDGE ( 'NONE', *, *, #2872, .F. ) ;
#3017 = DIRECTION ( 'NONE',  ( -1.000000000000000000, 0.000000000000000000, 0.000000000000000000 ) ) ;
#3018 = CARTESIAN_POINT ( 'NONE',  ( 19.91137157516928013, 35.46193012893877494, -0.09174695092890516879 ) ) ;
#3019 = CARTESIAN_POINT ( 'NONE',  ( -25.65045932220944991, 10.62752270045236003, 17.57841006907109360 ) ) ;
#3020 = EDGE_CURVE ( 'NONE', #2310, #389, #38, .T. ) ;
#3021 = CIRCLE ( 'NONE', #1687, 16.93694705580329796 ) ;
#3022 = DIRECTION ( 'NONE',  ( 0.000000000000000000, 0.000000000000000000, -1.000000000000000000 ) ) ;
#3023 = CARTESIAN_POINT ( 'NONE',  ( -25.52930541632551353, 22.86677831763550728, -5.104613195202899689 ) ) ;
#3024 = CARTESIAN_POINT ( 'NONE',  ( -18.68481789287028505, 21.49412611672452300, 9.948871878901774934 ) ) ;
#3025 = CIRCLE ( 'NONE', #2648, 14.56151828499999823 ) ;
#3026 = CARTESIAN_POINT ( 'NONE',  ( 25.62113246653222021, -7.038232286893585155, -13.96251101872446121 ) ) ;
#3027 = EDGE_CURVE ( 'NONE', #1939, #3289, #1846, .T. ) ;
#3028 = ORIENTED_EDGE ( 'NONE', *, *, #425, .T. ) ;
#3029 = ORIENTED_EDGE ( 'NONE', *, *, #1028, .T. ) ;
#3030 = CARTESIAN_POINT ( 'NONE',  ( -22.20798793257640114, -11.81034792289672986, -0.09174695092890516879 ) ) ;
#3031 = AXIS2_PLACEMENT_3D ( 'NONE', #1714, #3138, #4263 ) ;
#3032 = CARTESIAN_POINT ( 'NONE',  ( -7.884809382575366676, 16.75015219291216795, -18.51653627244783351 ) ) ;
#3033 = DIRECTION ( 'NONE',  ( -0.9238795325112867385, 0.000000000000000000, -0.3826834323650899483 ) ) ;
#3034 = DIRECTION ( 'NONE',  ( 1.000000000000000000, 0.000000000000000000, 0.000000000000000000 ) ) ;
#3035 = ORIENTED_EDGE ( 'NONE', *, *, #43, .T. ) ;
#3036 = ORIENTED_EDGE ( 'NONE', *, *, #3762, .F. ) ;
#3037 = DIRECTION ( 'NONE',  ( 1.000000000000000000, 0.000000000000000000, 0.000000000000000000 ) ) ;
#3038 = CARTESIAN_POINT ( 'NONE',  ( -0.04936135483071932978, 38.04700865593877523, -0.09174695092890516879 ) ) ;
#3039 = AXIS2_PLACEMENT_3D ( 'NONE', #699, #2089, #2128 ) ;
#3040 = CARTESIAN_POINT ( 'NONE',  ( -0.04936135483071932284, 5.357218168938771896, -27.23186226091301521 ) ) ;
#3041 = VECTOR ( 'NONE', #2051, 1000.000000000000000 ) ;
#3042 = CARTESIAN_POINT ( 'NONE',  ( 25.70735880413550589, 23.96413607864182183, 3.020439897202117141 ) ) ;
#3043 = ORIENTED_EDGE ( 'NONE', *, *, #4516, .F. ) ;
#3044 = CARTESIAN_POINT ( 'NONE',  ( 25.34336741534490045, -11.84963214266546849, 5.445428111140188321 ) ) ;
#3045 = CARTESIAN_POINT ( 'NONE',  ( 25.67430879347534756, 11.63708032303452811, 17.57841006907108650 ) ) ;
#3046 = DIRECTION ( 'NONE',  ( 0.000000000000000000, -0.4999999999999998890, -0.8660254037844387076 ) ) ;
#3047 = AXIS2_PLACEMENT_3D ( 'NONE', #3392, #1292, #2664 ) ;
#3048 = CARTESIAN_POINT ( 'NONE',  ( -12.94491363755520830, 20.65735744132966900, -14.92822026640045507 ) ) ;
#3049 = PRODUCT ( 'waste valve', 'waste valve', '', ( #3231 ) ) ;
#3050 = ADVANCED_FACE ( 'NONE', ( #3835 ), #3793, .T. ) ;
#3051 = AXIS2_PLACEMENT_3D ( 'NONE', #3887, #313, #599 ) ;
#3052 = CARTESIAN_POINT ( 'NONE',  ( -15.41598661169464890, 23.94570108950912868, -12.31233861287438991 ) ) ;
#3053 = CARTESIAN_POINT ( 'NONE',  ( -25.44209012500648726, 18.75597759369353668, -12.22472890886133889 ) ) ;
#3054 = CARTESIAN_POINT ( 'NONE',  ( 7.966053270385218710, 16.21698422376218574, 18.31827403392672693 ) ) ;
#3055 = AXIS2_PLACEMENT_3D ( 'NONE', #2492, #3545, #4292 ) ;
#3056 = CARTESIAN_POINT ( 'NONE',  ( 19.84592654916927756, 38.09609242543876917, -0.09174695092890272630 ) ) ;
#3057 = ORIENTED_EDGE ( 'NONE', *, *, #3746, .F. ) ;
#3058 = FACE_BOUND ( 'NONE', #966, .T. ) ;
#3059 = CARTESIAN_POINT ( 'NONE',  ( -25.77303150313677449, -13.08551777628821711, 3.304811401361124723 ) ) ;
#3060 = ADVANCED_FACE ( 'NONE', ( #1037 ), #327, .T. ) ;
#3061 = DIRECTION ( 'NONE',  ( 1.000000000000000000, 0.000000000000000000, 0.000000000000000000 ) ) ;
#3062 = ORIENTED_EDGE ( 'NONE', *, *, #1735, .T. ) ;
#3063 = ORIENTED_EDGE ( 'NONE', *, *, #2221, .T. ) ;
#3064 = CARTESIAN_POINT ( 'NONE',  ( -25.09925401646378518, 20.81513040325519981, 8.474677720294490513 ) ) ;
#3065 = CARTESIAN_POINT ( 'NONE',  ( -25.90014662483071817, 5.357218168938767455, -0.09174695092890516879 ) ) ;
#3066 = ORIENTED_EDGE ( 'NONE', *, *, #2192, .F. ) ;
#3067 = CARTESIAN_POINT ( 'NONE',  ( -19.27588432022671938, 21.09695528069710591, 10.17075220543864233 ) ) ;
#3068 = APPLICATION_CONTEXT ( 'automotive_design' ) ;
#3069 = CARTESIAN_POINT ( 'NONE',  ( 25.67214315252894252, 23.78969680984706869, 3.322577573589804434 ) ) ;
#3070 = EDGE_LOOP ( 'NONE', ( #2079, #4584 ) ) ;
#3071 = CARTESIAN_POINT ( 'NONE',  ( 25.64886650679224900, -12.97000822681408216, 3.504879809809732016 ) ) ;
#3072 = CARTESIAN_POINT ( 'NONE',  ( 25.67214315252880041, 11.61656571439410435, 17.57841006907109005 ) ) ;
#3073 = CARTESIAN_POINT ( 'NONE',  ( -0.04936135483071932978, 41.35198246893876473, -0.09174695092890516879 ) ) ;
#3074 = CARTESIAN_POINT ( 'NONE',  ( -13.29325235432951402, 20.89777908603993595, -14.61160926287958794 ) ) ;
#3075 = FACE_OUTER_BOUND ( 'NONE', #769, .T. ) ;
#3076 = CARTESIAN_POINT ( 'NONE',  ( -25.29591315469828672, 19.28626072938509139, -11.30625157544660375 ) ) ;
#3077 = CARTESIAN_POINT ( 'NONE',  ( 20.03577377482148592, 24.09566823605218744, 2.837886391688480447 ) ) ;
#3078 = EDGE_CURVE ( 'NONE', #3271, #1145, #1885, .T. ) ;
#3079 = LINE ( 'NONE', #3779, #2279 ) ;
#3080 = ORIENTED_EDGE ( 'NONE', *, *, #4484, .T. ) ;
#3081 = CARTESIAN_POINT ( 'NONE',  ( -0.04936135483071932978, 49.20538558893876768, -0.09174695092890516879 ) ) ;
#3082 = CARTESIAN_POINT ( 'NONE',  ( -25.80608151379694348, -13.24969974076457291, 3.020439897201613100 ) ) ;
#3083 = CARTESIAN_POINT ( 'NONE',  ( 1.102182119232617714E-15, 0.000000000000000000, 9.000000000000000000 ) ) ;
#3084 = ORIENTED_EDGE ( 'NONE', *, *, #2786, .F. ) ;
#3085 = ORIENTED_EDGE ( 'NONE', *, *, #1764, .F. ) ;
#3086 = CARTESIAN_POINT ( 'NONE',  ( -25.21657783471862757, 21.68855930962929790, 6.961854477655238682 ) ) ;
#3087 = CARTESIAN_POINT ( 'NONE',  ( -25.90014662483071817, 13.73300016101966747, 17.57841006907109360 ) ) ;
#3088 = CARTESIAN_POINT ( 'NONE',  ( -20.68548862986013859, 5.357218168938772784, 12.17919542407109290 ) ) ;
#3089 = EDGE_CURVE ( 'NONE', #1081, #4118, #1676, .T. ) ;
#3090 = CARTESIAN_POINT ( 'NONE',  ( -19.68286915483071553, 26.19954656072355448, 1.443228792148473438 ) ) ;
#3091 = EDGE_LOOP ( 'NONE', ( #133, #2569, #228, #1932, #629, #3763 ) ) ;
#3092 = CARTESIAN_POINT ( 'NONE',  ( 25.62113246653245469, -12.85294111158953712, 3.707646001274168324 ) ) ;
#3093 = FACE_OUTER_BOUND ( 'NONE', #3944, .T. ) ;
#3094 = CARTESIAN_POINT ( 'NONE',  ( -0.04936135483071932978, 41.35198246893876473, -0.09174695092890516879 ) ) ;
#3095 = CARTESIAN_POINT ( 'NONE',  ( -34.40800000483071130, 5.357218168938772784, -0.09174695092890516879 ) ) ;
#3096 = DIRECTION ( 'NONE',  ( 0.000000000000000000, 0.000000000000000000, 1.000000000000000000 ) ) ;
#3097 = CARTESIAN_POINT ( 'NONE',  ( -25.90014662483070751, 16.77081510425544408, -15.66313120184801733 ) ) ;
#3098 = CARTESIAN_POINT ( 'NONE',  ( 25.12542757119769732, -11.01016784603959486, -7.082916825894065127 ) ) ;
#3099 = ORIENTED_EDGE ( 'NONE', *, *, #2123, .T. ) ;
#3100 = CARTESIAN_POINT ( 'NONE',  ( -15.84077736638950284, 23.16260272647073037, -11.88404253201867533 ) ) ;
#3101 = CARTESIAN_POINT ( 'NONE',  ( -25.27079087809365987, -11.21353752704238538, 6.547176303820355869 ) ) ;
#3102 = VECTOR ( 'NONE', #2016, 1000.000000000000000 ) ;
#3103 = CARTESIAN_POINT ( 'NONE',  ( -10.56814677080980580, 48.15826517293877629, -10.61053236690799118 ) ) ;
#3104 = VERTEX_POINT ( 'NONE', #4527 ) ;
#3105 = CIRCLE ( 'NONE', #2653, 14.56151828499999823 ) ;
#3106 = ADVANCED_FACE ( 'NONE', ( #691 ), #807, .T. ) ;
#3107 = CARTESIAN_POINT ( 'NONE',  ( -25.55653131415855484, 18.35821328255671858, 12.73018300333009556 ) ) ;
#3108 = DIRECTION ( 'NONE',  ( 0.000000000000000000, 0.000000000000000000, -1.000000000000000000 ) ) ;
#3109 = CARTESIAN_POINT ( 'NONE',  ( 6.152810792297486842, 15.13170777418016932, -19.42262100203544506 ) ) ;
#3110 = CONICAL_SURFACE ( 'NONE', #1760, 17.26112560749999858, 1.450172658214790022 ) ;
#3111 = CARTESIAN_POINT ( 'NONE',  ( -23.28234558483071481, 5.357218168938772784, -0.09174695092890516879 ) ) ;
#3112 = VERTEX_POINT ( 'NONE', #2791 ) ;
#3113 = CIRCLE ( 'NONE', #1698, 19.96073292999999893 ) ;
#3114 = CARTESIAN_POINT ( 'NONE',  ( 25.39805791125988321, -12.03985575428318100, 5.115951151019069165 ) ) ;
#3115 = CARTESIAN_POINT ( 'NONE',  ( 25.24428199788027882, 8.461693915766149487, 17.57841006907108650 ) ) ;
#3116 = DIRECTION ( 'NONE',  ( 1.000000000000000000, 0.000000000000000000, 0.000000000000000000 ) ) ;
#3117 = EDGE_CURVE ( 'NONE', #697, #2768, #3804, .T. ) ;
#3118 = VECTOR ( 'NONE', #4487, 1000.000000000000000 ) ;
#3119 = ORIENTED_EDGE ( 'NONE', *, *, #4171, .F. ) ;
#3120 = CARTESIAN_POINT ( 'NONE',  ( -15.07963967110923953, 23.02088668758449330, -12.72368245288314803 ) ) ;
#3121 = AXIS2_PLACEMENT_3D ( 'NONE', #3540, #3473, #1345 ) ;
#3122 = CARTESIAN_POINT ( 'NONE',  ( 4.516920201811455371, 14.77134265229877919, 19.56586257968780274 ) ) ;
#3123 = CARTESIAN_POINT ( 'NONE',  ( -25.85699130507329002, 17.12384565713014695, -15.05166434764488592 ) ) ;
#3124 = B_SPLINE_CURVE_WITH_KNOTS ( 'NONE', 3,
 ( #1636, #1284, #3361, #250, #3082, #231, #608, #207, #3059, #2315, #3459, #2335, #161, #2683, #3410, #1659, #3759, #3738, #1234, #1681, #555, #1980, #3101, #4533, #2356, #1327, #2013, #2705, #1584, #2754, #531, #987, #4136, #3009, #2655, #4088, #892, #1959, #3383, #935, #3783, #583, #3439, #2082, #1789, #3896, #2451, #1365, #3190, #4624, #2407, #3502, #3828, #4576, #4272, #2105, #2491, #300, #1723, #1068, #4205, #2839, #3524, #2775, #1702, #7 ),
 .UNSPECIFIED., .F., .F.,
 ( 4, 1, 1, 1, 1, 1, 1, 1, 2, 2, 1, 1, 1, 1, 2, 2, 1, 1, 1, 1, 1, 1, 1, 2, 2, 2, 1, 1, 1, 1, 1, 1, 1, 2, 2, 1, 1, 1, 1, 2, 2, 1, 1, 1, 1, 1, 1, 1, 2, 2, 4 ),
 ( 0.000000000000000000, 0.06249999999997775391, 0.09374999999996673494, 0.1093749999999612116, 0.1171874999999583666, 0.1210937499999569095, 0.1230468749999561462, 0.1240234374999558825, 0.1245117187499557160, 0.1249999999999555356, 0.1874999999999454880, 0.2187499999999403533, 0.2343749999999378275, 0.2421874999999364952, 0.2460937499999359124, 0.2499999999999353295, 0.3124999999999255040, 0.3437499999999206191, 0.3593749999999181211, 0.3671874999999167333, 0.3710937499999161782, 0.3730468749999159561, 0.3740234374999159006, 0.3745117187499159006, 0.3749999999999158451, 0.4999999999999207301, 0.5624999999999232836, 0.5937499999999242828, 0.6093749999999246159, 0.6171874999999246159, 0.6210937499999247269, 0.6230468749999247269, 0.6240234374999247269, 0.6245117187499247269, 0.6249999999999246159, 0.6874999999999226175, 0.7187499999999217293, 0.7343749999999210631, 0.7421874999999207301, 0.7460937499999206191, 0.7499999999999205080, 0.8124999999999220623, 0.8437499999999229505, 0.8593749999999232836, 0.8671874999999235056, 0.8710937499999237277, 0.8730468749999238387, 0.8740234374999240607, 0.8745117187499245048, 0.8749999999999250599, 1.000000000000000000 ),
 .UNSPECIFIED. ) ;
#3125 = CONICAL_SURFACE ( 'NONE', #4387, 4.767670144099999341, 1.058406866484160158 ) ;
#3126 = ORIENTED_EDGE ( 'NONE', *, *, #984, .F. ) ;
#3127 = CARTESIAN_POINT ( 'NONE',  ( 12.64793585064370163, 49.42576294137244020, -5.351139658918441455 ) ) ;
#3128 = DIRECTION ( 'NONE',  ( 1.000000000000000000, 0.000000000000000000, 0.000000000000000000 ) ) ;
#3129 = AXIS2_PLACEMENT_3D ( 'NONE', #609, #2726, #1264 ) ;
#3130 = DIRECTION ( 'NONE',  ( -0.000000000000000000, 1.000000000000000000, 0.000000000000000000 ) ) ;
#3131 = ORIENTED_EDGE ( 'NONE', *, *, #3829, .T. ) ;
#3132 = DIRECTION ( 'NONE',  ( 0.000000000000000000, 1.000000000000000000, 0.000000000000000000 ) ) ;
#3133 = DIRECTION ( 'NONE',  ( 0.9995120818701392906, 0.000000000000000000, -0.03123456731923740862 ) ) ;
#3134 = DIRECTION ( 'NONE',  ( 0.9238795325112867385, 0.000000000000000000, -0.3826834323650899483 ) ) ;
#3135 = ADVANCED_FACE ( 'NONE', ( #2103 ), #4242, .F. ) ;
#3136 = CARTESIAN_POINT ( 'NONE',  ( 25.12134633151262264, 21.70532676453334275, 6.932812393847815002 ) ) ;
#3137 = ORIENTED_EDGE ( 'NONE', *, *, #1576, .F. ) ;
#3138 = DIRECTION ( 'NONE',  ( 0.000000000000000000, 1.000000000000000000, 0.000000000000000000 ) ) ;
#3139 = CARTESIAN_POINT ( 'NONE',  ( -4.902110032730718991, 25.31795109893877083, -19.72525475092890446 ) ) ;
#3140 = DIRECTION ( 'NONE',  ( 0.000000000000000000, 0.000000000000000000, 1.000000000000000000 ) ) ;
#3141 = ORIENTED_EDGE ( 'NONE', *, *, #2704, .T. ) ;
#3142 =( BOUNDED_CURVE ( )  B_SPLINE_CURVE ( 2, ( #3595, #3854, #1708 ),
 .UNSPECIFIED., .F., .F. ) 
 B_SPLINE_CURVE_WITH_KNOTS ( ( 3, 3 ),
 ( -0.4228977318137769892, 0.4228977318137769892 ),
 .UNSPECIFIED. ) 
 CURVE ( )  GEOMETRIC_REPRESENTATION_ITEM ( )  RATIONAL_B_SPLINE_CURVE ( ( 1.000000000000000000, 0.9119035279960699958, 1.000000000000000000 ) ) 
 REPRESENTATION_ITEM ( '' )  );
#3143 =( NAMED_UNIT ( * ) PLANE_ANGLE_UNIT ( ) SI_UNIT ( $, .RADIAN. ) );
#3144 = PRODUCT_RELATED_PRODUCT_CATEGORY ( 'part', '', ( #3049 ) ) ;
#3145 = CARTESIAN_POINT ( 'NONE',  ( 11.68397240181776731, 17.77178375280021427, 16.54239840280292029 ) ) ;
#3146 = DIRECTION ( 'NONE',  ( 0.000000000000000000, 0.000000000000000000, 1.000000000000000000 ) ) ;
#3147 = ORIENTED_EDGE ( 'NONE', *, *, #4403, .T. ) ;
#3148 = DIRECTION ( 'NONE',  ( 0.000000000000000000, -1.000000000000000000, 0.000000000000000000 ) ) ;
#3149 = CYLINDRICAL_SURFACE ( 'NONE', #4544, 1.304847777956471999 ) ;
#3150 = EDGE_LOOP ( 'NONE', ( #3724, #2830, #2213, #1736, #3363, #1946 ) ) ;
#3151 = CARTESIAN_POINT ( 'NONE',  ( -1.190722704830725398, 5.357218168938772784, -0.09174695092890516879 ) ) ;
#3152 = DIRECTION ( 'NONE',  ( 0.000000000000000000, 0.4999999999999998890, -0.8660254037844387076 ) ) ;
#3153 = CARTESIAN_POINT ( 'NONE',  ( 14.82644764013921268, 41.35198246893876473, -0.09174695092890813863 ) ) ;
#3154 = ORIENTED_EDGE ( 'NONE', *, *, #2031, .T. ) ;
#3155 = CARTESIAN_POINT ( 'NONE',  ( 25.67162080496139964, 17.53281502018115745, 14.15981473024364945 ) ) ;
#3156 = ORIENTED_EDGE ( 'NONE', *, *, #1319, .T. ) ;
#3157 = DIRECTION ( 'NONE',  ( 1.000000000000000000, 0.000000000000000000, 0.000000000000000000 ) ) ;
#3158 = CARTESIAN_POINT ( 'NONE',  ( -4.804895044694244888, 25.70082628449307904, -19.14063113189619258 ) ) ;
#3159 = LINE ( 'NONE', #2718, #4245 ) ;
#3160 = ORIENTED_EDGE ( 'NONE', *, *, #1280, .T. ) ;
#3161 = LINE ( 'NONE', #2182, #2950 ) ;
#3162 = EDGE_CURVE ( 'NONE', #911, #3104, #134, .T. ) ;
#3163 = EDGE_CURVE ( 'NONE', #1797, #4456, #1627, .T. ) ;
#3164 = CARTESIAN_POINT ( 'NONE',  ( -19.68286915483071553, 25.55339647824940386, -1.592093230799337400 ) ) ;
#3165 = DIRECTION ( 'NONE',  ( 0.000000000000000000, 1.000000000000000000, 1.224646799147353207E-16 ) ) ;
#3166 = CARTESIAN_POINT ( 'NONE',  ( 0.000000000000000000, -25.00000000000000000, 0.000000000000000000 ) ) ;
#3167 = FACE_OUTER_BOUND ( 'NONE', #1029, .T. ) ;
#3168 = CARTESIAN_POINT ( 'NONE',  ( -25.76937346340257662, -0.8880767936542077745, -17.76190397092890905 ) ) ;
#3169 = ADVANCED_FACE ( 'NONE', ( #1047 ), #2402, .T. ) ;
#3170 = ORIENTED_EDGE ( 'NONE', *, *, #3903, .T. ) ;
#3171 = CARTESIAN_POINT ( 'NONE',  ( -0.04936135483071932978, 38.07973116893877119, -0.09174695092890516879 ) ) ;
#3172 = CARTESIAN_POINT ( 'NONE',  ( -14.58812737117401781, 41.35198246893876473, 0.7219467791740453722 ) ) ;
#3173 = CARTESIAN_POINT ( 'NONE',  ( 1.501460052394724132, 15.96624839748004732, -19.74535493655335117 ) ) ;
#3174 = EDGE_LOOP ( 'NONE', ( #703, #863, #2984 ) ) ;
#3175 = VECTOR ( 'NONE', #4425, 1000.000000000000000 ) ;
#3176 = CARTESIAN_POINT ( 'NONE',  ( 25.45780860448132898, 22.96183279161255797, 4.756480114930091041 ) ) ;
#3177 = ORIENTED_EDGE ( 'NONE', *, *, #232, .T. ) ;
#3178 = DIRECTION ( 'NONE',  ( 0.000000000000000000, 0.000000000000000000, -1.000000000000000000 ) ) ;
#3179 = CARTESIAN_POINT ( 'NONE',  ( 25.12268704652002782, 7.460569185516335189, 17.57841006907108650 ) ) ;
#3180 = CIRCLE ( 'NONE', #3251, 14.56151828499999823 ) ;
#3181 = DIRECTION ( 'NONE',  ( 0.9238795325112867385, 0.000000000000000000, 0.3826834323650899483 ) ) ;
#3182 = AXIS2_PLACEMENT_3D ( 'NONE', #287, #1715, #2325 ) ;
#3183 = ORIENTED_EDGE ( 'NONE', *, *, #764, .T. ) ;
#3184 = DIRECTION ( 'NONE',  ( 0.000000000000000000, -0.4999999999999998890, 0.8660254037844387076 ) ) ;
#3185 = CARTESIAN_POINT ( 'NONE',  ( 14.40681628829507233, 22.14502890925864875, 13.59218824931898340 ) ) ;
#3186 = EDGE_CURVE ( 'NONE', #839, #2834, #1103, .T. ) ;
#3187 = ADVANCED_FACE ( 'NONE', ( #3498 ), #2379, .F. ) ;
#3188 = AXIS2_PLACEMENT_3D ( 'NONE', #2427, #3847, #3213 ) ;
#3189 = CARTESIAN_POINT ( 'NONE',  ( 25.11144919198082093, 3.362634867245723580, 17.57841006907108650 ) ) ;
#3190 = CARTESIAN_POINT ( 'NONE',  ( -25.47087228559788485, -7.941034997923711813, 12.21531695215154834 ) ) ;
#3191 = CARTESIAN_POINT ( 'NONE',  ( -25.48361335432710462, 1.259739369326607239, -17.76190397092890905 ) ) ;
#3192 = AXIS2_PLACEMENT_3D ( 'NONE', #831, #3680, #1900 ) ;
#3193 = ORIENTED_EDGE ( 'NONE', *, *, #3942, .F. ) ;
#3194 = AXIS2_PLACEMENT_3D ( 'NONE', #4116, #2428, #916 ) ;
#3195 = PLANE ( 'NONE',  #3782 ) ;
#3196 = EDGE_CURVE ( 'NONE', #3740, #2383, #2084, .T. ) ;
#3197 = PRODUCT ( 'Brass swing check valve.STEP', 'Brass swing check valve.STEP', '', ( #2877 ) ) ;
#3198 = FACE_OUTER_BOUND ( 'NONE', #2474, .T. ) ;
#3199 = CARTESIAN_POINT ( 'NONE',  ( -11.29017005478510427, 20.03130875532511723, -16.18897784919580829 ) ) ;
#3200 = ORIENTED_EDGE ( 'NONE', *, *, #2963, .T. ) ;
#3201 = VECTOR ( 'NONE', #431, 1000.000000000000114 ) ;
#3202 = VERTEX_POINT ( 'NONE', #671 ) ;
#3203 = DIRECTION ( 'NONE',  ( 0.000000000000000000, 1.000000000000000000, 0.000000000000000000 ) ) ;
#3204 = DIRECTION ( 'NONE',  ( 1.000000000000000000, 0.000000000000000000, 0.000000000000000000 ) ) ;
#3205 = CARTESIAN_POINT ( 'NONE',  ( -20.01009428483071773, 35.46193012893877494, -0.09174695092890761128 ) ) ;
#3206 = VERTEX_POINT ( 'NONE', #603 ) ;
#3207 = CARTESIAN_POINT ( 'NONE',  ( 25.11144671274406903, 7.351777670772495554, -17.76190397092889484 ) ) ;
#3208 = CARTESIAN_POINT ( 'NONE',  ( 17.84365417156794820, 24.16241571708810909, 8.677761244744274904 ) ) ;
#3209 = CARTESIAN_POINT ( 'NONE',  ( 25.28959109319389498, 22.37344945212678837, -5.959083855104310601 ) ) ;
#3210 = CARTESIAN_POINT ( 'NONE',  ( -14.77449220483071635, 5.357218168938772784, -0.09174695092890516879 ) ) ;
#3211 =( NAMED_UNIT ( * ) PLANE_ANGLE_UNIT ( ) SI_UNIT ( $, .RADIAN. ) );
#3212 = ADVANCED_FACE ( 'NONE', ( #2033 ), #4550, .F. ) ;
#3213 = DIRECTION ( 'NONE',  ( 1.000000000000000000, 0.000000000000000000, 0.000000000000000000 ) ) ;
#3214 = CARTESIAN_POINT ( 'NONE',  ( -25.21442593077965810, 3.321002072184956244, -17.76190397092890905 ) ) ;
#3215 = ORIENTED_EDGE ( 'NONE', *, *, #2367, .T. ) ;
#3216 = CARTESIAN_POINT ( 'NONE',  ( 0.000000000000000000, 0.000000000000000000, -9.000000000000000000 ) ) ;
#3217 = ADVANCED_FACE ( 'NONE', ( #1002 ), #3125, .T. ) ;
#3218 = EDGE_CURVE ( 'NONE', #3859, #3991, #1384, .T. ) ;
#3219 = CARTESIAN_POINT ( 'NONE',  ( 13.02670942513921304, 49.20538558893876768, -0.09174695092890516879 ) ) ;
#3220 = CYLINDRICAL_SURFACE ( 'NONE', #4319, 1.304847777956471999 ) ;
#3221 = ORIENTED_EDGE ( 'NONE', *, *, #277, .T. ) ;
#3222 = VERTEX_POINT ( 'NONE', #3454 ) ;
#3223 = CARTESIAN_POINT ( 'NONE',  ( -14.58812737117401781, 41.35198246893876473, -0.9054406810318558207 ) ) ;
#3224 = DIRECTION ( 'NONE',  ( 1.000000000000000000, 0.000000000000000000, 0.000000000000000000 ) ) ;
#3225 = FACE_OUTER_BOUND ( 'NONE', #3386, .T. ) ;
#3226 = EDGE_CURVE ( 'NONE', #376, #2782, #1823, .T. ) ;
#3227 = EDGE_LOOP ( 'NONE', ( #1301, #3998, #2861, #1705, #2201, #559 ) ) ;
#3228 = FACE_OUTER_BOUND ( 'NONE', #73, .T. ) ;
#3229 = CARTESIAN_POINT ( 'NONE',  ( -7.612912765850135877, 17.41097578773311483, -18.52178630762530886 ) ) ;
#3230 = CARTESIAN_POINT ( 'NONE',  ( 25.40657444820702793, 18.53640799201686207, -12.60503461476298348 ) ) ;
#3231 = PRODUCT_CONTEXT ( 'NONE', #3068, 'mechanical' ) ;
#3232 = DIRECTION ( 'NONE',  ( -1.000000000000000000, 0.000000000000000000, 0.000000000000000000 ) ) ;
#3233 =( LENGTH_UNIT ( ) NAMED_UNIT ( * ) SI_UNIT ( .MILLI., .METRE. ) );
#3234 = DIRECTION ( 'NONE',  ( -0.9238795325112867385, 0.000000000000000000, 0.3826834323650898928 ) ) ;
#3235 = DIRECTION ( 'NONE',  ( 0.000000000000000000, -0.8660254037844387076, -0.4999999999999998890 ) ) ;
#3236 = ORIENTED_EDGE ( 'NONE', *, *, #2624, .F. ) ;
#3237 = ORIENTED_EDGE ( 'NONE', *, *, #2119, .T. ) ;
#3238 = DIRECTION ( 'NONE',  ( 0.000000000000000000, 0.000000000000000000, -1.000000000000000000 ) ) ;
#3239 = DIRECTION ( 'NONE',  ( -0.9701425001453241048, 0.2425356250363645272, 0.000000000000000000 ) ) ;
#3240 = CARTESIAN_POINT ( 'NONE',  ( -25.83676224893698858, -6.472120764245135049, -14.94304493870176742 ) ) ;
#3241 = VERTEX_POINT ( 'NONE', #3562 ) ;
#3242 = EDGE_CURVE ( 'NONE', #3625, #74, #3255, .T. ) ;
#3243 = AXIS2_PLACEMENT_3D ( 'NONE', #3757, #2610, #3712 ) ;
#3244 = ORIENTED_EDGE ( 'NONE', *, *, #2736, .F. ) ;
#3245 = CARTESIAN_POINT ( 'NONE',  ( -4.794290577405249110, 25.31795280033326634, -19.14326329924483616 ) ) ;
#3246 = DIRECTION ( 'NONE',  ( 1.000000000000000000, 0.000000000000000000, 0.000000000000000000 ) ) ;
#3247 = DIRECTION ( 'NONE',  ( 0.000000000000000000, -1.000000000000000000, 0.000000000000000000 ) ) ;
#3248 = VECTOR ( 'NONE', #1787, 1000.000000000000000 ) ;
#3249 = CARTESIAN_POINT ( 'NONE',  ( 10.09592684590845479, 18.82572575311221641, -17.22217741656966794 ) ) ;
#3250 = ORIENTED_EDGE ( 'NONE', *, *, #3776, .T. ) ;
#3251 = AXIS2_PLACEMENT_3D ( 'NONE', #2542, #3970, #3620 ) ;
#3252 = CARTESIAN_POINT ( 'NONE',  ( -0.04936135483071932978, 41.35198246893876473, -0.09174695092890516879 ) ) ;
#3253 = CARTESIAN_POINT ( 'NONE',  ( -13.35483039491458257, 20.76855655019780755, -15.10527200272267656 ) ) ;
#3254 = ADVANCED_FACE ( 'NONE', ( #4 ), #2301, .T. ) ;
#3255 = LINE ( 'NONE', #50, #2818 ) ;
#3256 = AXIS2_PLACEMENT_3D ( 'NONE', #1875, #4029, #3677 ) ;
#3257 = DIRECTION ( 'NONE',  ( 0.000000000000000000, -1.000000000000000000, 0.000000000000000000 ) ) ;
#3258 = VECTOR ( 'NONE', #3614, 1000.000000000000000 ) ;
#3259 = DIRECTION ( 'NONE',  ( 0.000000000000000000, 0.000000000000000000, -1.000000000000000000 ) ) ;
#3260 =( BOUNDED_CURVE ( )  B_SPLINE_CURVE ( 2, ( #273, #695, #653 ),
 .UNSPECIFIED., .F., .F. ) 
 B_SPLINE_CURVE_WITH_KNOTS ( ( 3, 3 ),
 ( 0.000000000000000000, 1.751308635449599693 ),
 .UNSPECIFIED. ) 
 CURVE ( )  GEOMETRIC_REPRESENTATION_ITEM ( )  RATIONAL_B_SPLINE_CURVE ( ( 1.000000000000000000, 1.082392200292400020, 1.000000000000000000 ) ) 
 REPRESENTATION_ITEM ( '' )  );
#3261 = CARTESIAN_POINT ( 'NONE',  ( 14.82644764013921268, 48.15826517293877629, -0.09174695092890516879 ) ) ;
#3262 = CARTESIAN_POINT ( 'NONE',  ( -12.62161352819156335, 20.48222391082853733, -15.19784307029182990 ) ) ;
#3263 = ORIENTED_EDGE ( 'NONE', *, *, #3965, .T. ) ;
#3264 = VECTOR ( 'NONE', #12, 1000.000000000000000 ) ;
#3265 = CARTESIAN_POINT ( 'NONE',  ( 25.75826859541185954, 17.12384565714556928, 14.86817044576036295 ) ) ;
#3266 = CARTESIAN_POINT ( 'NONE',  ( -25.77997338822104112, 11.70359134781907962, -17.76190397092891615 ) ) ;
#3267 = PLANE ( 'NONE',  #3716 ) ;
#3268 = CARTESIAN_POINT ( 'NONE',  ( -25.90014662483071817, -15.04652165530114338, -0.09174695092889822989 ) ) ;
#3269 = EDGE_LOOP ( 'NONE', ( #1812, #1993, #2049, #3154, #2853, #2318, #3518 ) ) ;
#3270 = VECTOR ( 'NONE', #3820, 1000.000000000000000 ) ;
#3271 = VERTEX_POINT ( 'NONE', #2326 ) ;
#3272 = DIRECTION ( 'NONE',  ( -0.3826834323650898928, 0.000000000000000000, -0.9238795325112867385 ) ) ;
#3273 = CARTESIAN_POINT ( 'NONE',  ( -15.32137638609588670, 27.00751972438859383, -12.43031658450537513 ) ) ;
#3274 = CARTESIAN_POINT ( 'NONE',  ( 10.46942406114836821, 41.35198246893876473, 10.42703846505018284 ) ) ;
#3275 = EDGE_CURVE ( 'NONE', #2323, #2527, #893, .T. ) ;
#3276 = VECTOR ( 'NONE', #963, 1000.000000000000000 ) ;
#3277 = CARTESIAN_POINT ( 'NONE',  ( -7.612912765850135877, 17.41097578773311483, -18.52178630762530886 ) ) ;
#3278 = EDGE_LOOP ( 'NONE', ( #1529, #3343, #2282, #1699 ) ) ;
#3279 = DIRECTION ( 'NONE',  ( 1.000000000000000000, 0.000000000000000000, 0.000000000000000000 ) ) ;
#3280 = CARTESIAN_POINT ( 'NONE',  ( -10.56814677080980580, 41.35198246893876473, -10.61053236690799118 ) ) ;
#3281 = CARTESIAN_POINT ( 'NONE',  ( 25.11878338211559836, 21.69303609914969400, -7.137594352608966908 ) ) ;
#3282 =( NAMED_UNIT ( * ) SI_UNIT ( $, .STERADIAN. ) SOLID_ANGLE_UNIT ( ) );
#3283 = EDGE_CURVE ( 'NONE', #1614, #4012, #2979, .T. ) ;
#3284 = CARTESIAN_POINT ( 'NONE',  ( 25.66932541646300336, -0.8756739462111400307, 17.57841006907109005 ) ) ;
#3285 =( LENGTH_UNIT ( ) NAMED_UNIT ( * ) SI_UNIT ( .MILLI., .METRE. ) );
#3286 = CARTESIAN_POINT ( 'NONE',  ( 19.88349122551821324, 21.47971803049107109, -9.000040112884473587 ) ) ;
#3287 = CARTESIAN_POINT ( 'NONE',  ( -13.54076898038089460, 21.08125706425935419, -14.38054688530190184 ) ) ;
#3288 = CARTESIAN_POINT ( 'NONE',  ( 25.40657444820547539, -12.06920174433613724, -5.248616307106725998 ) ) ;
#3289 = VERTEX_POINT ( 'NONE', #1997 ) ;
#3290 = CARTESIAN_POINT ( 'NONE',  ( 25.14352536959917117, 21.80657616328697657, 6.757443290970726935 ) ) ;
#3291 =( BOUNDED_CURVE ( )  B_SPLINE_CURVE ( 2, ( #4258, #1095, #2914 ),
 .UNSPECIFIED., .F., .F. ) 
 B_SPLINE_CURVE_WITH_KNOTS ( ( 3, 3 ),
 ( -0.4228977318137769892, 0.4228977318137769892 ),
 .UNSPECIFIED. ) 
 CURVE ( )  GEOMETRIC_REPRESENTATION_ITEM ( )  RATIONAL_B_SPLINE_CURVE ( ( 1.000000000000000000, 0.9119035279960699958, 1.000000000000000000 ) ) 
 REPRESENTATION_ITEM ( '' )  );
#3292 = DIRECTION ( 'NONE',  ( -1.000000000000000000, 0.000000000000000000, 0.000000000000000000 ) ) ;
#3293 = DIRECTION ( 'NONE',  ( -1.000000000000000000, 0.000000000000000000, 0.000000000000000000 ) ) ;
#3294 = CARTESIAN_POINT ( 'NONE',  ( -4.794125739830717770, 25.31795109893877083, -19.72525475092890446 ) ) ;
#3295 = ORIENTED_EDGE ( 'NONE', *, *, #3551, .F. ) ;
#3296 = CARTESIAN_POINT ( 'NONE',  ( 14.82644764013921268, 41.35198246893876473, -0.09174695092890808312 ) ) ;
#3297 = CARTESIAN_POINT ( 'NONE',  ( -14.55245312529861934, 28.50337071904907305, -13.32564696523538750 ) ) ;
#3298 = CARTESIAN_POINT ( 'NONE',  ( -22.20798793257640469, 22.52478426077425411, 17.07581914090657804 ) ) ;
#3299 =( REPRESENTATION_RELATIONSHIP ('NONE','NONE', #4396, #2960 ) REPRESENTATION_RELATIONSHIP_WITH_TRANSFORMATION ( #2234 )SHAPE_REPRESENTATION_RELATIONSHIP( ) );
#3300 = CARTESIAN_POINT ( 'NONE',  ( 5.495004655480848932, 16.89481364842575317, -19.10843075566667437 ) ) ;
#3301 = EDGE_LOOP ( 'NONE', ( #204, #937, #3170, #1604, #3500, #1267 ) ) ;
#3302 = CARTESIAN_POINT ( 'NONE',  ( 25.45780860449216831, -7.643776944696267783, 12.73018300330051567 ) ) ;
#3303 = DIRECTION ( 'NONE',  ( 0.000000000000000000, 0.000000000000000000, -1.000000000000000000 ) ) ;
#3304 = CARTESIAN_POINT ( 'NONE',  ( 25.12134633151166696, 19.61471930970833810, -10.73734462614480734 ) ) ;
#3305 = APPLICATION_PROTOCOL_DEFINITION ( 'draft international standard', 'automotive_design', 1998, #3068 ) ;
#3306 = EDGE_CURVE ( 'NONE', #348, #2131, #3336, .T. ) ;
#3307 = CARTESIAN_POINT ( 'NONE',  ( 25.38489064466762102, 1.259739369309921253, 17.57841006907109005 ) ) ;
#3308 = CARTESIAN_POINT ( 'NONE',  ( 1.809277295169274602, 5.357218168938772784, -0.09174695092890516879 ) ) ;
#3309 = CARTESIAN_POINT ( 'NONE',  ( -21.60648562893781488, 22.38297250379056180, 4.480997942946905788 ) ) ;
#3310 = CARTESIAN_POINT ( 'NONE',  ( -14.63872727387681572, 22.25482186713340838, -13.22894741356978088 ) ) ;
#3311 = ORIENTED_EDGE ( 'NONE', *, *, #15, .F. ) ;
#3312 = VERTEX_POINT ( 'NONE', #3700 ) ;
#3313 = ORIENTED_EDGE ( 'NONE', *, *, #290, .F. ) ;
#3314 = CARTESIAN_POINT ( 'NONE',  ( -14.92517034980065205, 41.35198246893876473, -0.09174695092890516879 ) ) ;
#3315 = CARTESIAN_POINT ( 'NONE',  ( -25.22140975618145831, 7.460569185516302326, -17.76190397092890905 ) ) ;
#3316 = EDGE_CURVE ( 'NONE', #2497, #2589, #1575, .T. ) ;
#3317 = CARTESIAN_POINT ( 'NONE',  ( -25.43083638743901886, -8.078545684796528903, -12.16063535776194904 ) ) ;
#3318 = ORIENTED_EDGE ( 'NONE', *, *, #1941, .T. ) ;
#3319 = CARTESIAN_POINT ( 'NONE',  ( -10.58541800159923518, 19.92088996803042278, -16.66393267397802802 ) ) ;
#3320 = CARTESIAN_POINT ( 'NONE',  ( 25.67214315252882528, -0.9021293765168909573, -17.76190397092889128 ) ) ;
#3321 = CARTESIAN_POINT ( 'NONE',  ( -22.20798793257640114, 5.357218168938772784, 17.07581914090659936 ) ) ;
#3322 = CARTESIAN_POINT ( 'NONE',  ( -13.21079093068287236, 21.15898439665416930, -15.22044482943368848 ) ) ;
#3323 = ORIENTED_EDGE ( 'NONE', *, *, #3306, .F. ) ;
#3324 = CARTESIAN_POINT ( 'NONE',  ( 25.43058270666981713, -7.738831418697246001, 12.56554382484408272 ) ) ;
#3325 = CARTESIAN_POINT ( 'NONE',  ( -34.40800000483071130, -4.844651743181184855, -17.76190397092890194 ) ) ;
#3326 = CIRCLE ( 'NONE', #2947, 9.000000000000000000 ) ;
#3327 = CARTESIAN_POINT ( 'NONE',  ( -25.21812614596693791, 7.429215549913432248, 17.57841006907110781 ) ) ;
#3328 = COLOUR_RGB ( '',0.7921568627450980005, 0.8196078431372548767, 0.9333333333333333481 ) ;
#3329 = LINE ( 'NONE', #128, #3175 ) ;
#3330 = CARTESIAN_POINT ( 'NONE',  ( -25.77536390277329659, 23.81106256937999888, -3.469064894394285226 ) ) ;
#3331 = CARTESIAN_POINT ( 'NONE',  ( 11.15534518266001740, 17.00761782092233076, -17.51066701817947902 ) ) ;
#3332 = AXIS2_PLACEMENT_3D ( 'NONE', #3151, #278, #4256 ) ;
#3333 = CARTESIAN_POINT ( 'NONE',  ( -0.04936135483071932978, 41.35198246893876473, 14.78406204404102908 ) ) ;
#3334 = EDGE_CURVE ( 'NONE', #4111, #1062, #4221, .T. ) ;
#3335 = VERTEX_POINT ( 'NONE', #221 ) ;
#3336 = B_SPLINE_CURVE_WITH_KNOTS ( 'NONE', 3,
 ( #497, #1971, #3751, #544, #879, #4127, #522, #172, #3396, #4075, #3327, #2254, #856, #2696, #4402, #1949, #928, #1249, #3427, #2273, #1597, #3019, #1623, #1202, #1223, #1177, #2347, #3772, #3001, #1925, #196, #2623, #4054, #153 ),
 .UNSPECIFIED., .F., .F.,
 ( 4, 1, 1, 1, 1, 1, 1, 1, 2, 2, 1, 1, 1, 1, 2, 2, 1, 1, 1, 1, 1, 1, 1, 2, 2, 4 ),
 ( 0.5000000000000000000, 0.5625000000000098810, 0.5937500000000147660, 0.6093750000000173195, 0.6171875000000186517, 0.6210937500000193179, 0.6230468750000197620, 0.6240234375000199840, 0.6245117187500200950, 0.6250000000000202061, 0.6875000000000243139, 0.7187500000000264233, 0.7343750000000275335, 0.7421875000000281997, 0.7460937500000286438, 0.7500000000000290878, 0.8125000000000357492, 0.8437500000000389688, 0.8593750000000407452, 0.8671875000000415223, 0.8710937500000421885, 0.8730468750000424105, 0.8740234375000421885, 0.8745117187500420775, 0.8750000000000419664, 1.000000000000000000 ),
 .UNSPECIFIED. ) ;
#3337 = EDGE_LOOP ( 'NONE', ( #2181, #1556, #1834, #4609 ) ) ;
#3338 = CARTESIAN_POINT ( 'NONE',  ( 22.10926522291495999, -11.81034792289671032, 17.07581914090657804 ) ) ;
#3339 = CARTESIAN_POINT ( 'NONE',  ( -25.21905917622875393, 7.438175812347819438, -17.76190397092890549 ) ) ;
#3340 = DIRECTION ( 'NONE',  ( 0.000000000000000000, -1.000000000000000000, 0.000000000000000000 ) ) ;
#3341 = CARTESIAN_POINT ( 'NONE',  ( -25.21950078059769496, -8.902996369697085299, -10.73264488317923337 ) ) ;
#3342 = EDGE_CURVE ( 'NONE', #2967, #2527, #906, .T. ) ;
#3343 = ORIENTED_EDGE ( 'NONE', *, *, #1115, .T. ) ;
#3344 = AXIS2_PLACEMENT_3D ( 'NONE', #4597, #3128, #2472 ) ;
#3345 = CARTESIAN_POINT ( 'NONE',  ( -9.116584826302531752, 20.01749637893342637, -17.51000455553716506 ) ) ;
#3346 = CARTESIAN_POINT ( 'NONE',  ( 25.67430879347533690, -0.9226439851554031346, -17.76190397092889484 ) ) ;
#3347 = CARTESIAN_POINT ( 'NONE',  ( 10.46942406114836821, 48.15826517293877629, -10.61053236690799118 ) ) ;
#3348 = VECTOR ( 'NONE', #4284, 1000.000000000000000 ) ;
#3349 = CARTESIAN_POINT ( 'NONE',  ( -17.23895392323471043, 24.21987487433279895, -10.36511691888657971 ) ) ;
#3350 = DIRECTION ( 'NONE',  ( -0.3826834323650899483, 0.000000000000000000, -0.9238795325112867385 ) ) ;
#3351 = CIRCLE ( 'NONE', #3431, 2.617801039999999357 ) ;
#3352 = CARTESIAN_POINT ( 'NONE',  ( 14.82644764013921268, 41.35198246893876473, -0.09174695092890815251 ) ) ;
#3353 = DIRECTION ( 'NONE',  ( 1.000000000000000000, 0.000000000000000000, 0.000000000000000000 ) ) ;
#3354 = DIRECTION ( 'NONE',  ( 0.000000000000000000, -1.000000000000000000, 8.546500828371390138E-16 ) ) ;
#3355 = CARTESIAN_POINT ( 'NONE',  ( -25.27079087808457203, 21.92797386488130584, -6.730670205745085788 ) ) ;
#3356 = CARTESIAN_POINT ( 'NONE',  ( -14.09958248353558297, 20.05327660728984185, 14.40148976221009214 ) ) ;
#3357 = ORIENTED_EDGE ( 'NONE', *, *, #1395, .T. ) ;
#3358 = ORIENTED_EDGE ( 'NONE', *, *, #2338, .F. ) ;
#3359 = FACE_BOUND ( 'NONE', #3475, .T. ) ;
#3360 = CARTESIAN_POINT ( 'NONE',  ( -20.06154792591975777, 24.04457280107860484, -1.541020509524956950 ) ) ;
#3361 = CARTESIAN_POINT ( 'NONE',  ( -25.88396337992168483, -13.73987598927264386, 2.171429730122126145 ) ) ;
#3362 = CARTESIAN_POINT ( 'NONE',  ( -25.44209012499902656, -11.84963214264029396, -5.628922013041594674 ) ) ;
#3363 = ORIENTED_EDGE ( 'NONE', *, *, #1280, .F. ) ;
#3364 = ADVANCED_FACE ( 'NONE', ( #4375 ), #4032, .T. ) ;
#3365 = ORIENTED_EDGE ( 'NONE', *, *, #2119, .F. ) ;
#3366 = CARTESIAN_POINT ( 'NONE',  ( -25.29591315471220980, 22.03378534491117691, 6.363905444451459559 ) ) ;
#3367 = CARTESIAN_POINT ( 'NONE',  ( -12.41666804484230724, 30.23833931032968891, -15.34056929908754618 ) ) ;
#3368 = CARTESIAN_POINT ( 'NONE',  ( 21.91234881490933972, 22.61226013995126038, -0.09176655859228850798 ) ) ;
#3369 = CARTESIAN_POINT ( 'NONE',  ( -5.321973152460942380, 16.87969798728892457, 18.92363144484605897 ) ) ;
#3370 = EDGE_LOOP ( 'NONE', ( #480, #2609 ) ) ;
#3371 = PLANE ( 'NONE',  #1537 ) ;
#3372 = DIRECTION ( 'NONE',  ( 1.000000000000000000, 0.000000000000000000, 0.000000000000000000 ) ) ;
#3373 = DIRECTION ( 'NONE',  ( 0.000000000000000000, 1.000000000000000000, 0.000000000000000000 ) ) ;
#3374 = EDGE_CURVE ( 'NONE', #2035, #3665, #1107, .T. ) ;
#3375 = DIRECTION ( 'NONE',  ( 1.000000000000000000, 0.000000000000000000, 0.000000000000000000 ) ) ;
#3376 = CARTESIAN_POINT ( 'NONE',  ( -25.22140975618337322, 21.71169854541611599, -7.105270047481989870 ) ) ;
#3377 = CARTESIAN_POINT ( 'NONE',  ( -2.776500227702574097, 15.17776593488204995, -19.79702717978315718 ) ) ;
#3378 = CARTESIAN_POINT ( 'NONE',  ( 25.00053130680106506, -9.790479333138662810, -9.195479299646622806 ) ) ;
#3379 = ORIENTED_EDGE ( 'NONE', *, *, #1883, .F. ) ;
#3380 = ORIENTED_EDGE ( 'NONE', *, *, #3822, .T. ) ;
#3381 = CARTESIAN_POINT ( 'NONE',  ( -0.04936135483071932284, 32.49733347892290425, 27.04836835905522818 ) ) ;
#3382 = CARTESIAN_POINT ( 'NONE',  ( 6.013735526802597597, 15.44142014889907699, -19.28116332691582357 ) ) ;
#3383 = CARTESIAN_POINT ( 'NONE',  ( -25.21016942240523306, -8.948306948329960875, 10.47067075700892858 ) ) ;
#3384 = CARTESIAN_POINT ( 'NONE',  ( -25.22140975618424363, -8.893911190939888911, -10.74838087438254242 ) ) ;
#3385 = EDGE_LOOP ( 'NONE', ( #3791, #2709 ) ) ;
#3386 = EDGE_LOOP ( 'NONE', ( #3968, #4281, #328, #551, #2370, #3437, #2290 ) ) ;
#3387 = LINE ( 'NONE', #3416, #41 ) ;
#3388 = FACE_OUTER_BOUND ( 'NONE', #1003, .T. ) ;
#3389 = ORIENTED_EDGE ( 'NONE', *, *, #3242, .F. ) ;
#3390 = CARTESIAN_POINT ( 'NONE',  ( -22.20798793257640114, 22.52478426077427187, -0.09174695092890516879 ) ) ;
#3391 = EDGE_CURVE ( 'NONE', #4164, #2589, #2373, .T. ) ;
#3392 = CARTESIAN_POINT ( 'NONE',  ( -1.190722704830725398, 5.357218168938772784, -0.09174695092890516879 ) ) ;
#3393 = ORIENTED_EDGE ( 'NONE', *, *, #2772, .T. ) ;
#3394 = CARTESIAN_POINT ( 'NONE',  ( 25.66099255523900879, -13.02378329490841580, 3.411738659689868225 ) ) ;
#3395 = CARTESIAN_POINT ( 'NONE',  ( 25.69024839415356709, 11.79162075054937020, 17.57841006907108294 ) ) ;
#3396 = CARTESIAN_POINT ( 'NONE',  ( -25.21657783471862757, 7.414290713959213797, 17.57841006907110071 ) ) ;
#3397 = CONICAL_SURFACE ( 'NONE', #1527, 12.48093780438496303, 0.03123964828144646863 ) ;
#3398 = CARTESIAN_POINT ( 'NONE',  ( -15.54946000938404715, 24.63693130317520641, -12.14254049782962319 ) ) ;
#3399 = EDGE_CURVE ( 'NONE', #697, #4164, #2072, .T. ) ;
#3400 = CARTESIAN_POINT ( 'NONE',  ( -25.50915259997990603, 22.79695255139412779, -5.225554970010414024 ) ) ;
#3401 = CARTESIAN_POINT ( 'NONE',  ( 15.67845354578497385, 19.83864544454726087, -13.64875926085128022 ) ) ;
#3402 = B_SPLINE_CURVE_WITH_KNOTS ( 'NONE', 3,
 ( #1966, #2714, #2638, #1312, #1945, #902, #4146, #945, #3466, #616, #3369, #2044, #4173, #4071, #2369, #3090, #4520 ),
 .UNSPECIFIED., .F., .F.,
 ( 4, 1, 1, 1, 1, 1, 1, 1, 1, 1, 1, 1, 1, 1, 4 ),
 ( 0.000000000000000000, 0.04762002243824819264, 0.1428580201944243677, 0.2380960179505994534, 0.3333340157067746778, 0.3809530145848626370, 0.4285720134629497635, 0.5000005117800809806, 0.5357147609386464504, 0.5714290100972121422, 0.6428575084143433038, 0.7142860067314744654, 0.8571430033657376768, 0.9285715016828686164, 1.000000000000000000 ),
 .UNSPECIFIED. ) ;
#3403 = VECTOR ( 'NONE', #2815, 1000.000000000000000 ) ;
#3404 = CARTESIAN_POINT ( 'NONE',  ( 25.80142391516927702, -5.757695703200715442, -16.18046544263119912 ) ) ;
#3405 = ORIENTED_EDGE ( 'NONE', *, *, #1367, .F. ) ;
#3406 = ADVANCED_BREP_SHAPE_REPRESENTATION ( '', ( #2442, #3876 ), #901 ) ;
#3407 = DIRECTION ( 'NONE',  ( 0.000000000000000000, 1.000000000000000000, 0.000000000000000000 ) ) ;
#3408 = VECTOR ( 'NONE', #2731, 1000.000000000000000 ) ;
#3409 = CARTESIAN_POINT ( 'NONE',  ( 21.99997663654449553, 22.66042477197889227, -3.191577002234617932 ) ) ;
#3410 = CARTESIAN_POINT ( 'NONE',  ( -25.60749589189058284, -12.42797034721624172, 4.443716956900090942 ) ) ;
#3411 = CARTESIAN_POINT ( 'NONE',  ( -0.04936135483071932978, 41.35198246893876473, -0.09174695092890516879 ) ) ;
#3412 = EDGE_LOOP ( 'NONE', ( #3577, #2113, #2722 ) ) ;
#3413 = CIRCLE ( 'NONE', #1835, 19.55474809580329776 ) ;
#3414 = VERTEX_POINT ( 'NONE', #620 ) ;
#3415 = PLANE ( 'NONE',  #2725 ) ;
#3416 = CARTESIAN_POINT ( 'NONE',  ( -25.90014662483071817, 15.55908808105873220, -17.76190397092890194 ) ) ;
#3417 = FACE_OUTER_BOUND ( 'NONE', #2865, .T. ) ;
#3418 = AXIS2_PLACEMENT_3D ( 'NONE', #2042, #3833, #1437 ) ;
#3419 = EDGE_LOOP ( 'NONE', ( #3639, #1609, #1376, #2639, #3043, #1282 ) ) ;
#3420 = DIRECTION ( 'NONE',  ( 0.000000000000000000, 0.000000000000000000, 1.000000000000000000 ) ) ;
#3421 = AXIS2_PLACEMENT_3D ( 'NONE', #1524, #2210, #1454 ) ;
#3422 = DIRECTION ( 'NONE',  ( 0.000000000000000000, 1.000000000000000000, 0.000000000000000000 ) ) ;
#3423 = ORIENTED_EDGE ( 'NONE', *, *, #4089, .F. ) ;
#3424 = DIRECTION ( 'NONE',  ( 1.000000000000000000, 0.000000000000000000, 0.000000000000000000 ) ) ;
#3425 = EDGE_CURVE ( 'NONE', #376, #3812, #3159, .T. ) ;
#3426 = PLANE ( 'NONE',  #798 ) ;
#3427 = CARTESIAN_POINT ( 'NONE',  ( -25.49219759059792167, 9.514108827828151149, 17.57841006907110071 ) ) ;
#3428 = AXIS2_PLACEMENT_3D ( 'NONE', #3274, #3181, #2501 ) ;
#3429 = CARTESIAN_POINT ( 'NONE',  ( -14.68369641327035424, 22.32115367501010184, -13.17866342912016719 ) ) ;
#3430 = PRODUCT_DEFINITION_SHAPE ( 'NONE', 'NONE',  #4636 ) ;
#3431 = AXIS2_PLACEMENT_3D ( 'NONE', #678, #2109, #1795 ) ;
#3432 = CARTESIAN_POINT ( 'NONE',  ( -15.59255502983071118, 25.18178532156040461, -12.08690259452523286 ) ) ;
#3433 = CARTESIAN_POINT ( 'NONE',  ( -25.09925401646379228, 20.50491567098961454, -9.195479299692703279 ) ) ;
#3434 = CARTESIAN_POINT ( 'NONE',  ( 5.779559399126617869, 16.02224697501045725, -19.11186038984046220 ) ) ;
#3435 = AXIS2_PLACEMENT_3D ( 'NONE', #780, #1808, #2949 ) ;
#3436 = CARTESIAN_POINT ( 'NONE',  ( 25.12134633151298857, -10.99089042665747229, -7.116306295702728768 ) ) ;
#3437 = ORIENTED_EDGE ( 'NONE', *, *, #1080, .F. ) ;
#3438 = CARTESIAN_POINT ( 'NONE',  ( 34.30927729516927371, 5.357218168938769232, -0.09174695092890516879 ) ) ;
#3439 = CARTESIAN_POINT ( 'NONE',  ( -25.21812614596690949, -8.909588008754258937, 10.53773392756924032 ) ) ;
#3440 = DIRECTION ( 'NONE',  ( -1.000000000000000000, 0.000000000000000000, 0.000000000000000000 ) ) ;
#3441 = EDGE_CURVE ( 'NONE', #1799, #4097, #968, .T. ) ;
#3442 = ORIENTED_EDGE ( 'NONE', *, *, #596, .T. ) ;
#3443 = ORIENTED_EDGE ( 'NONE', *, *, #4627, .F. ) ;
#3444 = DIRECTION ( 'NONE',  ( 1.000000000000000000, 0.000000000000000000, 0.000000000000000000 ) ) ;
#3445 = CARTESIAN_POINT ( 'NONE',  ( 0.000000000000000000, -27.00000000000000355, 0.000000000000000000 ) ) ;
#3446 = CARTESIAN_POINT ( 'NONE',  ( 21.91215036147320205, 22.61176856831374238, 0.9252142379017580520 ) ) ;
#3447 = LINE ( 'NONE', #239, #2223 ) ;
#3448 = ORIENTED_EDGE ( 'NONE', *, *, #3598, .T. ) ;
#3449 = DIRECTION ( 'NONE',  ( 0.000000000000000000, 0.000000000000000000, -1.000000000000000000 ) ) ;
#3450 = CARTESIAN_POINT ( 'NONE',  ( 25.45780860449738014, 9.960837678065272982, 17.57841006907108294 ) ) ;
#3451 = CARTESIAN_POINT ( 'NONE',  ( -0.04936135483071932978, 41.35198246893876473, -0.09174695092890516879 ) ) ;
#3452 = DIRECTION ( 'NONE',  ( 0.000000000000000000, 0.4999999999999998890, -0.8660254037844387076 ) ) ;
#3453 = SURFACE_STYLE_FILL_AREA ( #954 ) ;
#3454 = CARTESIAN_POINT ( 'NONE',  ( 34.30927729516927371, 25.76095799317868540, -0.09174695092891904658 ) ) ;
#3455 = CARTESIAN_POINT ( 'NONE',  ( 25.12040063756731456, -10.98637195583990689, -7.124132516731267906 ) ) ;
#3456 = EDGE_CURVE ( 'NONE', #4458, #621, #1262, .T. ) ;
#3457 = ORIENTED_EDGE ( 'NONE', *, *, #1538, .F. ) ;
#3458 = CARTESIAN_POINT ( 'NONE',  ( -10.56814677080980580, 41.35198246893876473, -10.61053236690799118 ) ) ;
#3459 = CARTESIAN_POINT ( 'NONE',  ( -25.77135430893171630, -13.07756902845371627, 3.318579036467035781 ) ) ;
#3460 = DIRECTION ( 'NONE',  ( 0.000000000000000000, 1.000000000000000000, 0.000000000000000000 ) ) ;
#3461 = ORIENTED_EDGE ( 'NONE', *, *, #3463, .F. ) ;
#3462 = CARTESIAN_POINT ( 'NONE',  ( -25.77135430893172696, 17.52804070790589108, 14.16808408167559108 ) ) ;
#3463 = EDGE_CURVE ( 'NONE', #3011, #1062, #4241, .T. ) ;
#3464 = DIRECTION ( 'NONE',  ( 1.000000000000000000, 0.000000000000000000, 0.000000000000000000 ) ) ;
#3465 = PLANE ( 'NONE',  #592 ) ;
#3466 = CARTESIAN_POINT ( 'NONE',  ( 0.7210741646621710021, 15.85658392037041509, 19.63359679470925911 ) ) ;
#3467 = ORIENTED_EDGE ( 'NONE', *, *, #446, .T. ) ;
#3468 = CARTESIAN_POINT ( 'NONE',  ( -0.04936135483071932978, 49.20538558893876768, -0.09174695092890516879 ) ) ;
#3469 = CARTESIAN_POINT ( 'NONE',  ( -4.902110032730718991, 25.31795109893877083, -23.61923379792890643 ) ) ;
#3470 = CARTESIAN_POINT ( 'NONE',  ( -25.90014662483071817, 5.357218168938772784, -0.09174695092890516879 ) ) ;
#3471 = ORIENTED_EDGE ( 'NONE', *, *, #2221, .F. ) ;
#3472 = CARTESIAN_POINT ( 'NONE',  ( -15.51022059267914166, 24.36947189820133630, -12.19288423594743342 ) ) ;
#3473 = DIRECTION ( 'NONE',  ( 0.000000000000000000, 1.000000000000000000, 0.000000000000000000 ) ) ;
#3474 = CARTESIAN_POINT ( 'NONE',  ( 25.12268704652269236, -10.99726220754189754, -7.105270047476198059 ) ) ;
#3475 = EDGE_LOOP ( 'NONE', ( #2311, #2292, #586, #2481 ) ) ;
#3476 = DIRECTION ( 'NONE',  ( 0.000000000000000000, 1.000000000000000000, 0.000000000000000000 ) ) ;
#3477 = EDGE_CURVE ( 'NONE', #3890, #3881, #3499, .T. ) ;
#3478 = FACE_OUTER_BOUND ( 'NONE', #2117, .T. ) ;
#3479 = AXIS2_PLACEMENT_3D ( 'NONE', #647, #2678, #579 ) ;
#3480 = FACE_OUTER_BOUND ( 'NONE', #2679, .T. ) ;
#3481 = ORIENTED_EDGE ( 'NONE', *, *, #1418, .T. ) ;
#3482 = PRESENTATION_LAYER_ASSIGNMENT (  '', '', ( #1829 ) ) ;
#3483 = CARTESIAN_POINT ( 'NONE',  ( -25.74758921645231169, 23.68444456468205317, 3.504879809826287218 ) ) ;
#3484 = FACE_OUTER_BOUND ( 'NONE', #3811, .T. ) ;
#3485 = CARTESIAN_POINT ( 'NONE',  ( 11.15534518266001740, 17.00761782092233076, -17.51066701817947902 ) ) ;
#3486 = AXIS2_PLACEMENT_3D ( 'NONE', #3600, #1217, #847 ) ;
#3487 = CARTESIAN_POINT ( 'NONE',  ( -10.19334038483071758, 25.31795109893877083, -19.72525475092890446 ) ) ;
#3488 = ORIENTED_EDGE ( 'NONE', *, *, #2962, .T. ) ;
#3489 = AXIS2_PLACEMENT_3D ( 'NONE', #1877, #3699, #3629 ) ;
#3490 = CARTESIAN_POINT ( 'NONE',  ( 23.18362287516927722, 5.357218168938772784, -0.09174695092890516879 ) ) ;
#3491 = DIRECTION ( 'NONE',  ( 0.000000000000000000, 1.000000000000000000, 0.000000000000000000 ) ) ;
#3492 = CARTESIAN_POINT ( 'NONE',  ( -0.7081450921521601494, 5.357218168938795877, -0.09174695092892692916 ) ) ;
#3493 = AXIS2_PLACEMENT_3D ( 'NONE', #1815, #484, #2560 ) ;
#3494 = EDGE_LOOP ( 'NONE', ( #4139, #436, #396, #3571 ) ) ;
#3495 = DIRECTION ( 'NONE',  ( 0.000000000000000000, 0.000000000000000000, 1.000000000000000000 ) ) ;
#3496 = AXIS2_PLACEMENT_3D ( 'NONE', #4619, #1321, #3869 ) ;
#3497 = CARTESIAN_POINT ( 'NONE',  ( 4.416023489111208455, 15.07146999793269515, 19.42969559237434041 ) ) ;
#3498 = FACE_OUTER_BOUND ( 'NONE', #2957, .T. ) ;
#3499 = CIRCLE ( 'NONE', #2670, 19.55474809580329776 ) ;
#3500 = ORIENTED_EDGE ( 'NONE', *, *, #3399, .T. ) ;
#3501 = PLANE ( 'NONE',  #1017 ) ;
#3502 = CARTESIAN_POINT ( 'NONE',  ( -25.49678062092099040, -7.851317644200626944, 12.37071196712056853 ) ) ;
#3503 = VECTOR ( 'NONE', #1867, 1000.000000000000000 ) ;
#3504 = DIRECTION ( 'NONE',  ( 0.000000000000000000, -1.000000000000000000, 0.000000000000000000 ) ) ;
#3505 = ORIENTED_EDGE ( 'NONE', *, *, #4509, .T. ) ;
#3506 = AXIS2_PLACEMENT_3D ( 'NONE', #3095, #2744, #1674 ) ;
#3507 = CARTESIAN_POINT ( 'NONE',  ( -25.49678062092142028, 22.75429209216147441, 5.115951151017732457 ) ) ;
#3508 = CARTESIAN_POINT ( 'NONE',  ( -34.40800000483071130, 25.76095799317868540, -0.09174695092891904658 ) ) ;
#3509 = DIRECTION ( 'NONE',  ( 0.000000000000000000, -1.000000000000000000, 0.000000000000000000 ) ) ;
#3510 = ORIENTED_EDGE ( 'NONE', *, *, #4516, .T. ) ;
#3511 = EDGE_CURVE ( 'NONE', #2808, #513, #1706, .T. ) ;
#3512 = ADVANCED_FACE ( 'NONE', ( #2048 ), #639, .F. ) ;
#3513 = CARTESIAN_POINT ( 'NONE',  ( 25.24428199791107730, 22.21226091067273956, 6.054776696642841571 ) ) ;
#3514 = ORIENTED_EDGE ( 'NONE', *, *, #163, .T. ) ;
#3515 = CARTESIAN_POINT ( 'NONE',  ( -25.27079087806538027, 2.821316513597221576, 17.57841006907110426 ) ) ;
#3516 = CARTESIAN_POINT ( 'NONE',  ( -4.900819517802818659, 26.38560207517990719, -19.11642731777614301 ) ) ;
#3517 = CARTESIAN_POINT ( 'NONE',  ( -2.679057708825483886, 41.35198246893876473, -13.87830005115107568 ) ) ;
#3518 = ORIENTED_EDGE ( 'NONE', *, *, #1901, .F. ) ;
#3519 = CARTESIAN_POINT ( 'NONE',  ( 25.66932541646300692, 11.59011028408875710, -17.76190397092889839 ) ) ;
#3520 = CARTESIAN_POINT ( 'NONE',  ( 0.8124817686698054819, 14.26324537477092314, 19.98665661655430270 ) ) ;
#3521 = EDGE_CURVE ( 'NONE', #507, #1799, #2098, .T. ) ;
#3522 = DIRECTION ( 'NONE',  ( 0.000000000000000000, 0.000000000000000000, 1.000000000000000000 ) ) ;
#3523 = CARTESIAN_POINT ( 'NONE',  ( -14.61087963983071880, 41.35198246893876473, -0.09174695092890516879 ) ) ;
#3524 = CARTESIAN_POINT ( 'NONE',  ( -25.77034351462284079, -6.818378682303603000, 14.15981473024366366 ) ) ;
#3525 = CARTESIAN_POINT ( 'NONE',  ( -25.21750645559358261, 3.291188552358023767, -17.76190397092890549 ) ) ;
#3526 = VERTEX_POINT ( 'NONE', #288 ) ;
#3527 = DIRECTION ( 'NONE',  ( -1.000000000000000000, 0.000000000000000000, 0.000000000000000000 ) ) ;
#3528 = DIRECTION ( 'NONE',  ( 0.000000000000000000, 0.000000000000000000, 1.000000000000000000 ) ) ;
#3529 = CARTESIAN_POINT ( 'NONE',  ( 19.58294920552823015, 26.19831906579665670, -0.09186430281803188713 ) ) ;
#3530 = ORIENTED_EDGE ( 'NONE', *, *, #707, .T. ) ;
#3531 = CARTESIAN_POINT ( 'NONE',  ( 25.37214957594231635, 18.65547133577830508, 12.21531695219130853 ) ) ;
#3532 = ORIENTED_EDGE ( 'NONE', *, *, #3942, .T. ) ;
#3533 = CARTESIAN_POINT ( 'NONE',  ( -25.80608151379693993, -1.251007914108069663, 17.57841006907111492 ) ) ;
#3534 = FACE_OUTER_BOUND ( 'NONE', #1215, .T. ) ;
#3535 = DIRECTION ( 'NONE',  ( 0.000000000000000000, 1.000000000000000000, 0.000000000000000000 ) ) ;
#3536 = EDGE_CURVE ( 'NONE', #851, #4141, #808, .T. ) ;
#3537 = ORIENTED_EDGE ( 'NONE', *, *, #1592, .F. ) ;
#3538 = CARTESIAN_POINT ( 'NONE',  ( 25.00053130680235114, 5.667432901197329898, -17.76190397092889484 ) ) ;
#3539 = CARTESIAN_POINT ( 'NONE',  ( -17.33206884725774799, 23.69561612765053837, -10.19605113197687274 ) ) ;
#3540 = CARTESIAN_POINT ( 'NONE',  ( -0.04936135483071932978, 38.09609242543876917, -0.09174695092890516879 ) ) ;
#3541 = ADVANCED_FACE ( 'NONE', ( #2418 ), #4500, .F. ) ;
#3542 = ADVANCED_FACE ( 'NONE', ( #4587 ), #1379, .T. ) ;
#3543 = LINE ( 'NONE', #3978, #195 ) ;
#3544 = DIRECTION ( 'NONE',  ( 1.000000000000000000, 0.000000000000000000, 0.000000000000000000 ) ) ;
#3545 = DIRECTION ( 'NONE',  ( -1.000000000000000000, 0.000000000000000000, 0.000000000000000000 ) ) ;
#3546 = ORIENTED_EDGE ( 'NONE', *, *, #103, .T. ) ;
#3547 = DIRECTION ( 'NONE',  ( 0.000000000000000000, 1.000000000000000000, 0.000000000000000000 ) ) ;
#3548 = CARTESIAN_POINT ( 'NONE',  ( -25.90014662483071817, -15.04652165530114338, -0.09174695092889935399 ) ) ;
#3549 = CARTESIAN_POINT ( 'NONE',  ( -25.77997338822103401, -6.772400109800857493, -14.42294585573571553 ) ) ;
#3550 = ORIENTED_EDGE ( 'NONE', *, *, #545, .F. ) ;
#3551 = EDGE_CURVE ( 'NONE', #122, #3851, #1475, .T. ) ;
#3552 = ORIENTED_EDGE ( 'NONE', *, *, #826, .F. ) ;
#3553 = DIRECTION ( 'NONE',  ( -1.000000000000000000, 0.000000000000000000, 0.000000000000000000 ) ) ;
#3554 = CARTESIAN_POINT ( 'NONE',  ( -6.952971082220225973, 29.65190284452546976, -18.47392368620815972 ) ) ;
#3555 = VECTOR ( 'NONE', #3527, 1000.000000000000000 ) ;
#3556 = DIRECTION ( 'NONE',  ( 1.000000000000000000, 0.000000000000000000, 0.000000000000000000 ) ) ;
#3557 = VECTOR ( 'NONE', #171, 1000.000000000000000 ) ;
#3558 = EDGE_CURVE ( 'NONE', #621, #4458, #1358, .T. ) ;
#3559 = ORIENTED_EDGE ( 'NONE', *, *, #923, .T. ) ;
#3560 = CARTESIAN_POINT ( 'NONE',  ( 25.64886650679457958, 11.40606122410036960, -17.76190397092889839 ) ) ;
#3561 = CARTESIAN_POINT ( 'NONE',  ( -19.68286915483071553, 26.19954656072355448, -0.09174695092890626513 ) ) ;
#3562 = CARTESIAN_POINT ( 'NONE',  ( -20.01009428483071773, 40.69753220893876744, -0.09174695092890761128 ) ) ;
#3563 = CIRCLE ( 'NONE', #3418, 12.27094237500000062 ) ;
#3564 = EDGE_CURVE ( 'NONE', #1505, #2131, #60, .T. ) ;
#3565 = CARTESIAN_POINT ( 'NONE',  ( 19.84592654916927756, 38.06336991243877321, -0.09174695092890761128 ) ) ;
#3566 = DIRECTION ( 'NONE',  ( -1.000000000000000000, 0.000000000000000000, 0.000000000000000000 ) ) ;
#3567 = DIRECTION ( 'NONE',  ( 0.000000000000000000, -0.8660254037844387076, 0.4999999999999998890 ) ) ;
#3568 = EDGE_CURVE ( 'NONE', #3785, #1359, #1851, .T. ) ;
#3569 = CARTESIAN_POINT ( 'NONE',  ( 10.46942406114836821, 48.15826517293877629, 10.42703846505018284 ) ) ;
#3570 = AXIS2_PLACEMENT_3D ( 'NONE', #1411, #245, #3522 ) ;
#3571 = ORIENTED_EDGE ( 'NONE', *, *, #4543, .F. ) ;
#3572 = AXIS2_PLACEMENT_3D ( 'NONE', #4316, #3235, #3610 ) ;
#3573 = DIRECTION ( 'NONE',  ( 0.000000000000000000, -1.000000000000000000, 0.000000000000000000 ) ) ;
#3574 = LINE ( 'NONE', #369, #4457 ) ;
#3575 = EDGE_CURVE ( 'NONE', #448, #4399, #2522, .T. ) ;
#3576 = CARTESIAN_POINT ( 'NONE',  ( -25.88396337992168128, -6.151297409208293487, -15.49872728988027681 ) ) ;
#3577 = ORIENTED_EDGE ( 'NONE', *, *, #3477, .F. ) ;
#3578 = VECTOR ( 'NONE', #3801, 1000.000000000000000 ) ;
#3579 = VERTEX_POINT ( 'NONE', #4613 ) ;
#3580 = CARTESIAN_POINT ( 'NONE',  ( -25.77997338822103757, -0.9891550099415282737, 17.57841006907111492 ) ) ;
#3581 = CARTESIAN_POINT ( 'NONE',  ( -4.882127704408958380, 26.28760983897204540, -19.12117876019817331 ) ) ;
#3582 = CARTESIAN_POINT ( 'NONE',  ( 12.64793585064370163, 49.42576294137244020, 5.167645757060626011 ) ) ;
#3583 = VERTEX_POINT ( 'NONE', #3205 ) ;
#3584 = CARTESIAN_POINT ( 'NONE',  ( 25.11878338211558059, 7.423244293000254679, -17.76190397092889484 ) ) ;
#3585 = CARTESIAN_POINT ( 'NONE',  ( -13.21079093068287236, 21.15898439665416930, -15.22044482943368848 ) ) ;
#3586 = CARTESIAN_POINT ( 'NONE',  ( 25.11144671274408680, 21.65730278803711428, -7.199486262978610718 ) ) ;
#3587 = DIRECTION ( 'NONE',  ( 0.000000000000000000, 0.000000000000000000, 1.000000000000000000 ) ) ;
#3588 = CARTESIAN_POINT ( 'NONE',  ( 25.80142391516927702, -5.757695703200715442, 15.99697154077339079 ) ) ;
#3589 = DIRECTION ( 'NONE',  ( -0.8715755371245499372, 1.067372191754715181E-16, 0.4902612396325579658 ) ) ;
#3590 = CARTESIAN_POINT ( 'NONE',  ( -9.777551894465197790, 16.42104005057992566, 17.93211568921686805 ) ) ;
#3591 = CARTESIAN_POINT ( 'NONE',  ( -25.90014662483071817, 25.76095799317868540, -0.09174695092891969883 ) ) ;
#3592 = EDGE_CURVE ( 'NONE', #4556, #234, #2895, .T. ) ;
#3593 = ORIENTED_EDGE ( 'NONE', *, *, #2847, .T. ) ;
#3594 = CARTESIAN_POINT ( 'NONE',  ( -25.09926571571919496, 5.357218168938767455, -17.76190397092890194 ) ) ;
#3595 = CARTESIAN_POINT ( 'NONE',  ( -22.20798793257640114, 5.357218168938772784, 17.07581914090659936 ) ) ;
#3596 = CARTESIAN_POINT ( 'NONE',  ( 19.58280214701267496, 26.19812120167975422, -1.115649507501087712 ) ) ;
#3597 = ORIENTED_EDGE ( 'NONE', *, *, #3592, .T. ) ;
#3598 = EDGE_CURVE ( 'NONE', #3665, #3112, #2134, .T. ) ;
#3599 = VERTEX_POINT ( 'NONE', #3994 ) ;
#3600 = CARTESIAN_POINT ( 'NONE',  ( -0.04936135483071932978, 5.357218168938772784, -0.09174695092890516879 ) ) ;
#3601 = CYLINDRICAL_SURFACE ( 'NONE', #722, 19.96073292999999893 ) ;
#3602 = FACE_OUTER_BOUND ( 'NONE', #2259, .T. ) ;
#3603 = CARTESIAN_POINT ( 'NONE',  ( -13.52475714578791610, 21.38794036784090125, 14.66638826063354806 ) ) ;
#3604 = EDGE_LOOP ( 'NONE', ( #2419, #641, #3313, #3085 ) ) ;
#3605 = DIRECTION ( 'NONE',  ( 0.000000000000000000, 1.000000000000000000, 1.839363140046846161E-16 ) ) ;
#3606 = CARTESIAN_POINT ( 'NONE',  ( -14.09958248353558297, 20.05327660728984185, 14.40148976221009214 ) ) ;
#3607 = CARTESIAN_POINT ( 'NONE',  ( 25.80142391516927702, 24.84791403315915304, -1.673185479226646510 ) ) ;
#3608 = FACE_OUTER_BOUND ( 'NONE', #4010, .T. ) ;
#3609 = CARTESIAN_POINT ( 'NONE',  ( -34.40800000483071130, -4.844651743181184855, 17.57841006907109360 ) ) ;
#3610 = DIRECTION ( 'NONE',  ( 0.000000000000000000, 0.4999999999999998890, -0.8660254037844387076 ) ) ;
#3611 = VERTEX_POINT ( 'NONE', #2158 ) ;
#3612 = CARTESIAN_POINT ( 'NONE',  ( 25.19719044503666083, 19.28626072938661196, 11.12275767358614864 ) ) ;
#3613 = ADVANCED_FACE ( 'NONE', ( #3602 ), #2178, .T. ) ;
#3614 = DIRECTION ( 'NONE',  ( 0.3826834323650898928, 0.000000000000000000, -0.9238795325112867385 ) ) ;
#3615 = DIRECTION ( 'NONE',  ( 0.000000000000000000, -0.000000000000000000, 1.000000000000000000 ) ) ;
#3616 = CARTESIAN_POINT ( 'NONE',  ( -25.74697549666367991, -6.928715081794163844, -14.15220038225960231 ) ) ;
#3617 = ORIENTED_EDGE ( 'NONE', *, *, #3391, .F. ) ;
#3618 = CIRCLE ( 'NONE', #190, 2.000000000000000000 ) ;
#3619 = VERTEX_POINT ( 'NONE', #1844 ) ;
#3620 = DIRECTION ( 'NONE',  ( 1.000000000000000000, 0.000000000000000000, 0.000000000000000000 ) ) ;
#3621 = CARTESIAN_POINT ( 'NONE',  ( 25.13114499916116884, 3.175136707603264608, -17.76190397092889839 ) ) ;
#3622 = DIRECTION ( 'NONE',  ( -1.000000000000000000, 0.000000000000000000, 0.000000000000000000 ) ) ;
#3623 = TOROIDAL_SURFACE ( 'NONE', #2071, 19.55474809580329776, 2.617801039999999801 ) ;
#3624 = CARTESIAN_POINT ( 'NONE',  ( -8.860449405295383940, 18.14021885142745205, 17.62958346025827794 ) ) ;
#3625 = VERTEX_POINT ( 'NONE', #1079 ) ;
#3626 = ORIENTED_EDGE ( 'NONE', *, *, #2232, .T. ) ;
#3627 = CIRCLE ( 'NONE', #2657, 14.56151828499999823 ) ;
#3628 = CARTESIAN_POINT ( 'NONE',  ( 10.46942406114836821, 41.35198246893876473, -10.61053236690799118 ) ) ;
#3629 = DIRECTION ( 'NONE',  ( 0.000000000000000000, -1.000000000000000000, 8.546500828371390138E-16 ) ) ;
#3630 = CARTESIAN_POINT ( 'NONE',  ( 25.67162080496138543, 23.78723105405620686, -3.510342289756449130 ) ) ;
#3631 = CIRCLE ( 'NONE', #3182, 14.56151828499999823 ) ;
#3632 = CARTESIAN_POINT ( 'NONE',  ( 25.75826859541184177, -1.715136591037531799, 17.57841006907109005 ) ) ;
#3633 = VECTOR ( 'NONE', #3239, 999.9999999999998863 ) ;
#3634 = DIRECTION ( 'NONE',  ( -1.000000000000000000, 0.000000000000000000, 0.000000000000000000 ) ) ;
#3635 = CARTESIAN_POINT ( 'NONE',  ( 16.12084922779547114, 19.44321317381890779, -13.85809889014646856 ) ) ;
#3636 = CARTESIAN_POINT ( 'NONE',  ( -14.29883099788935930, 21.81137317207742043, -13.60509551800325134 ) ) ;
#3637 = VERTEX_POINT ( 'NONE', #1493 ) ;
#3638 = VECTOR ( 'NONE', #1720, 1000.000000000000000 ) ;
#3639 = ORIENTED_EDGE ( 'NONE', *, *, #2962, .F. ) ;
#3640 = CARTESIAN_POINT ( 'NONE',  ( 25.08734541370407456, 19.78638071456586189, 10.25652444937511376 ) ) ;
#3641 = CARTESIAN_POINT ( 'NONE',  ( -11.65740266555750004, 41.35198246893876473, -7.980836012913187894 ) ) ;
#3642 = FACE_BOUND ( 'NONE', #1916, .T. ) ;
#3643 = AXIS2_PLACEMENT_3D ( 'NONE', #799, #4635, #2226 ) ;
#3644 = CARTESIAN_POINT ( 'NONE',  ( -25.15774690739490893, -10.65783533276102446, -7.693174640050997937 ) ) ;
#3645 = AXIS2_PLACEMENT_3D ( 'NONE', #1549, #1275, #3353 ) ;
#3646 = ORIENTED_EDGE ( 'NONE', *, *, #2010, .F. ) ;
#3647 = CARTESIAN_POINT ( 'NONE',  ( -0.7081450921521601494, 11.57487408356660374, 5.704006229400087058 ) ) ;
#3648 = CARTESIAN_POINT ( 'NONE',  ( -11.72045272093164670, 30.50060340497565647, -15.88093026852335754 ) ) ;
#3649 = CARTESIAN_POINT ( 'NONE',  ( -0.04936135483071714403, 48.15826517293877629, -14.96755594589883742 ) ) ;
#3650 = AXIS2_PLACEMENT_3D ( 'NONE', #2637, #4070, #3721 ) ;
#3651 = EDGE_CURVE ( 'NONE', #4119, #1729, #3928, .T. ) ;
#3652 = EDGE_CURVE ( 'NONE', #2803, #269, #4575, .T. ) ;
#3653 = DIRECTION ( 'NONE',  ( -1.000000000000000000, 0.000000000000000000, 0.000000000000000000 ) ) ;
#3654 = ORIENTED_EDGE ( 'NONE', *, *, #3242, .T. ) ;
#3655 = CARTESIAN_POINT ( 'NONE',  ( -0.04936135483072165431, 41.35198246893876473, -14.96755594589883742 ) ) ;
#3656 = DIRECTION ( 'NONE',  ( -0.3826834323650898928, 0.000000000000000000, 0.9238795325112867385 ) ) ;
#3657 = CARTESIAN_POINT ( 'NONE',  ( 25.19719044504233807, 22.03378534487073992, -6.547399346379339846 ) ) ;
#3658 = CONTEXT_DEPENDENT_SHAPE_REPRESENTATION ( #3299, #3430 ) ;
#3659 = CARTESIAN_POINT ( 'NONE',  ( 25.14396474003619275, 3.049435624406656498, 17.57841006907109005 ) ) ;
#3660 = EDGE_CURVE ( 'NONE', #528, #2541, #1035, .T. ) ;
#3661 = DIRECTION ( 'NONE',  ( 0.000000000000000000, 0.000000000000000000, 1.000000000000000000 ) ) ;
#3662 = CARTESIAN_POINT ( 'NONE',  ( -23.28234558483071481, 5.357218168938772784, -0.09174695092890516879 ) ) ;
#3663 = CARTESIAN_POINT ( 'NONE',  ( -0.8630550849336832142, 41.35198246893876473, -14.63051296727220318 ) ) ;
#3664 = VERTEX_POINT ( 'NONE', #4346 ) ;
#3665 = VERTEX_POINT ( 'NONE', #393 ) ;
#3666 = CARTESIAN_POINT ( 'NONE',  ( -0.04936135483071932284, 32.49733347892290425, -27.23186226091304007 ) ) ;
#3667 = FACE_OUTER_BOUND ( 'NONE', #414, .T. ) ;
#3668 = CARTESIAN_POINT ( 'NONE',  ( -22.20798793257640114, 5.357218168938772784, 17.07581914090659936 ) ) ;
#3669 = CARTESIAN_POINT ( 'NONE',  ( -25.76804812612413542, -13.06203275681512288, -3.528982550163089815 ) ) ;
#3670 = ORIENTED_EDGE ( 'NONE', *, *, #3456, .F. ) ;
#3671 = ORIENTED_EDGE ( 'NONE', *, *, #3078, .T. ) ;
#3672 = CARTESIAN_POINT ( 'NONE',  ( -0.04936135483071932978, 35.46193012893877494, -0.09174695092890516879 ) ) ;
#3673 = CARTESIAN_POINT ( 'NONE',  ( 25.41854083425851485, 1.027226097234841928, -17.76190397092889839 ) ) ;
#3674 = CARTESIAN_POINT ( 'NONE',  ( 22.10926522291496354, 22.52478426077427187, -0.09174695092890516879 ) ) ;
#3675 = CARTESIAN_POINT ( 'NONE',  ( 19.65867207720204135, 25.61220960395435498, -3.140529193106786465 ) ) ;
#3676 = VERTEX_POINT ( 'NONE', #331 ) ;
#3677 = DIRECTION ( 'NONE',  ( 1.000000000000000000, 0.000000000000000000, 0.000000000000000000 ) ) ;
#3678 = ADVANCED_FACE ( 'NONE', ( #1753 ), #375, .T. ) ;
#3679 = DIRECTION ( 'NONE',  ( 0.000000000000000000, 1.000000000000000000, 0.000000000000000000 ) ) ;
#3680 = DIRECTION ( 'NONE',  ( 0.3826834323650899483, 0.000000000000000000, -0.9238795325112867385 ) ) ;
#3681 = CARTESIAN_POINT ( 'NONE',  ( 25.46837826890921619, 0.6840644583442154758, 17.57841006907109005 ) ) ;
#3682 = ADVANCED_FACE ( 'NONE', ( #3225 ), #2870, .T. ) ;
#3683 = CARTESIAN_POINT ( 'NONE',  ( -25.24224807926059810, 21.80657616328696236, -6.940937192828561919 ) ) ;
#3684 = DIRECTION ( 'NONE',  ( 0.000000000000000000, -0.4999999999999998890, -0.8660254037844387076 ) ) ;
#3685 = CARTESIAN_POINT ( 'NONE',  ( -13.81184749165917758, 21.30747460693179463, -14.11608771290312703 ) ) ;
#3686 = ADVANCED_FACE ( 'NONE', ( #729 ), #19, .T. ) ;
#3687 = CARTESIAN_POINT ( 'NONE',  ( 25.78524067026024369, -13.73987598927333842, -2.354923631978724341 ) ) ;
#3688 = VERTEX_POINT ( 'NONE', #3972 ) ;
#3689 = CARTESIAN_POINT ( 'NONE',  ( -0.04936135483071932284, -21.78289714104536046, 27.04836835905522818 ) ) ;
#3690 = DIRECTION ( 'NONE',  ( 1.000000000000000000, 0.000000000000000000, 0.000000000000000000 ) ) ;
#3691 = DIRECTION ( 'NONE',  ( 0.000000000000000000, -1.000000000000000000, 0.000000000000000000 ) ) ;
#3692 = CARTESIAN_POINT ( 'NONE',  ( 19.78048152316928210, 38.07973116893877119, -0.09174695092890272630 ) ) ;
#3693 = VERTEX_POINT ( 'NONE', #4303 ) ;
#3694 = CARTESIAN_POINT ( 'NONE',  ( -8.379557104772313636, 20.23164346737778274, -17.87073151927580739 ) ) ;
#3695 = CARTESIAN_POINT ( 'NONE',  ( -15.39381941793058672, 26.78150216628190705, -12.34044922172322245 ) ) ;
#3696 = CARTESIAN_POINT ( 'NONE',  ( -22.20798793257640469, -11.81034792289671032, 17.07581914090657804 ) ) ;
#3697 = CARTESIAN_POINT ( 'NONE',  ( 17.76857797161128971, 24.71394734863421050, 8.838687080620955427 ) ) ;
#3698 = CARTESIAN_POINT ( 'NONE',  ( 25.12542757119308590, -8.881005552464014130, 10.58724019406906081 ) ) ;
#3699 = DIRECTION ( 'NONE',  ( 0.000000000000000000, 8.546500828371390138E-16, 1.000000000000000000 ) ) ;
#3700 = CARTESIAN_POINT ( 'NONE',  ( 10.80646703977493317, 41.35198246893876473, 9.613344734947196102 ) ) ;
#3701 = EDGE_CURVE ( 'NONE', #2245, #3011, #212, .T. ) ;
#3702 = VECTOR ( 'NONE', #2003, 1000.000000000000000 ) ;
#3703 = CARTESIAN_POINT ( 'NONE',  ( 25.39805791125968426, 1.168680058855978698, 17.57841006907109005 ) ) ;
#3704 = CARTESIAN_POINT ( 'NONE',  ( -25.65045932221449121, 18.02487077134530224, -13.49104307092869171 ) ) ;
#3705 = CARTESIAN_POINT ( 'NONE',  ( 18.28473135916324210, 22.87693844570031487, -8.630004247148299612 ) ) ;
#3706 = CIRCLE ( 'NONE', #3256, 14.56151828499999823 ) ;
#3707 = CARTESIAN_POINT ( 'NONE',  ( 25.24428199792379957, -11.49782457284961801, -6.238270598406385758 ) ) ;
#3708 = EDGE_CURVE ( 'NONE', #1745, #3583, #4617, .T. ) ;
#3709 = ORIENTED_EDGE ( 'NONE', *, *, #457, .T. ) ;
#3710 = AXIS2_PLACEMENT_3D ( 'NONE', #330, #2525, #3204 ) ;
#3711 = VERTEX_POINT ( 'NONE', #754 ) ;
#3712 = DIRECTION ( 'NONE',  ( 0.000000000000000000, 1.000000000000000000, 1.836597269759255432E-16 ) ) ;
#3713 = CARTESIAN_POINT ( 'NONE',  ( -2.947008625272357740, 14.35678333469673618, -20.09379953798391938 ) ) ;
#3714 = CARTESIAN_POINT ( 'NONE',  ( -10.56814677080980580, 41.35198246893876473, -10.61053236690799118 ) ) ;
#3715 = CARTESIAN_POINT ( 'NONE',  ( -25.47087228559978556, -11.95013840056798138, -5.454840067832227746 ) ) ;
#3716 = AXIS2_PLACEMENT_3D ( 'NONE', #409, #440, #3615 ) ;
#3717 = VERTEX_POINT ( 'NONE', #2198 ) ;
#3718 = CARTESIAN_POINT ( 'NONE',  ( -25.52930541633390149, 18.45326775656563356, 12.56554382485993493 ) ) ;
#3719 = EDGE_CURVE ( 'NONE', #3202, #528, #588, .T. ) ;
#3720 = CARTESIAN_POINT ( 'NONE',  ( 25.33211367775463785, 1.623136140261655536, -17.76190397092889128 ) ) ;
#3721 = DIRECTION ( 'NONE',  ( 0.000000000000000000, -0.000000000000000000, -1.000000000000000000 ) ) ;
#3722 = AXIS2_PLACEMENT_3D ( 'NONE', #3492, #1673, #2116 ) ;
#3723 = CARTESIAN_POINT ( 'NONE',  ( -34.40800000483071130, 15.55908808105873220, 17.57841006907109360 ) ) ;
#3724 = ORIENTED_EDGE ( 'NONE', *, *, #825, .F. ) ;
#3725 = DIRECTION ( 'NONE',  ( 0.000000000000000000, -1.000000000000000000, 5.697667218914260421E-16 ) ) ;
#3726 = CIRCLE ( 'NONE', #1641, 19.82984287800000089 ) ;
#3727 = CARTESIAN_POINT ( 'NONE',  ( -19.32012396350220129, 25.89746815344992115, 4.510520446664897598 ) ) ;
#3728 = DIRECTION ( 'NONE',  ( -0.9238795325112867385, 0.000000000000000000, 0.3826834323650898928 ) ) ;
#3729 = CARTESIAN_POINT ( 'NONE',  ( 25.37214957594367348, 1.348114766248147189, 17.57841006907108650 ) ) ;
#3730 = CARTESIAN_POINT ( 'NONE',  ( -25.21856099762301184, 19.62193476266790881, -10.72484709501918765 ) ) ;
#3731 = CARTESIAN_POINT ( 'NONE',  ( 14.98057744159942928, 20.70683226147656342, 13.28234406035128856 ) ) ;
#3732 = CARTESIAN_POINT ( 'NONE',  ( 25.64886650679210334, -6.921165171668718585, -14.16527721018945840 ) ) ;
#3733 = VERTEX_POINT ( 'NONE', #2544 ) ;
#3734 = ORIENTED_EDGE ( 'NONE', *, *, #3651, .F. ) ;
#3735 = CARTESIAN_POINT ( 'NONE',  ( -22.20798793257640114, 22.52478426077427187, -0.09174695092890516879 ) ) ;
#3736 = CARTESIAN_POINT ( 'NONE',  ( 6.152810792297486842, 15.13170777418016932, -19.42262100203544506 ) ) ;
#3737 = ADVANCED_FACE ( 'NONE', ( #774 ), #352, .F. ) ;
#3738 = CARTESIAN_POINT ( 'NONE',  ( -25.51726354391546181, -12.11058273507200944, 4.993448426826859077 ) ) ;
#3739 = CARTESIAN_POINT ( 'NONE',  ( -25.20186323824276187, -10.90140710149038838, -7.271295961322326917 ) ) ;
#3740 = VERTEX_POINT ( 'NONE', #2594 ) ;
#3741 = ORIENTED_EDGE ( 'NONE', *, *, #44, .T. ) ;
#3742 = CARTESIAN_POINT ( 'NONE',  ( -25.27079087806151492, 19.39207220946062549, 10.93948681407388790 ) ) ;
#3743 = CARTESIAN_POINT ( 'NONE',  ( -10.19334038483071758, 25.31795109893877083, -23.61923379792890643 ) ) ;
#3744 = ORIENTED_EDGE ( 'NONE', *, *, #3316, .F. ) ;
#3745 = CARTESIAN_POINT ( 'NONE',  ( 0.000000000000000000, 0.000000000000000000, 0.000000000000000000 ) ) ;
#3746 = EDGE_CURVE ( 'NONE', #513, #2383, #445, .T. ) ;
#3747 = CARTESIAN_POINT ( 'NONE',  ( 34.30927729516927371, 25.76095799317868540, -0.09174695092891904658 ) ) ;
#3748 = VERTEX_POINT ( 'NONE', #96 ) ;
#3749 = CARTESIAN_POINT ( 'NONE',  ( 25.39347488093649119, -12.02403202868585019, 5.143358647718680565 ) ) ;
#3750 = CARTESIAN_POINT ( 'NONE',  ( 25.78524067026025079, 12.94579674905284605, 17.57841006907109005 ) ) ;
#3751 = CARTESIAN_POINT ( 'NONE',  ( -25.11418053060526034, 6.159840443418956646, 17.57841006907109715 ) ) ;
#3752 = CARTESIAN_POINT ( 'NONE',  ( -25.76804812612444806, 17.54357697954371176, -14.32466837169651619 ) ) ;
#3753 = CARTESIAN_POINT ( 'NONE',  ( 21.20747531390192719, 23.01055501226704791, 2.911531995886167845 ) ) ;
#3754 = CARTESIAN_POINT ( 'NONE',  ( 25.39347488093534011, -7.867141369800411788, -12.52679837227451998 ) ) ;
#3755 = B_SPLINE_SURFACE_WITH_KNOTS ( 'NONE', 3, 3, ( 
 ( #4035, #4335, #1088, #2553, #783, #454, #3980, #2534, #27, #3331, #3635, #3286, #3961, #2983, #83, #1151, #836, #1503, #2168, #4354, #2577, #4008, #3590, #1810, #810, #3309, #106, #576 ),
 ( #4080, #2352, #2673, #1602, #1206, #2628, #4108, #525, #200, #931, #3401, #1579, #1952, #3753, #2329, #884, #2700, #3054, #4482, #4453, #2007, #908, #549, #4131, #3024, #1930, #2278, #1654 ),
 ( #1974, #1629, #4058, #860, #1279, #156, #3377, #3778, #3434, #3004, #175, #3705, #226, #3077, #1255, #3731, #4504, #4428, #1227, #2306, #502, #1299, #2647, #3356, #4407, #1494, #1472, #2919 ),
 ( #1847, #1144, #2545, #827, #2897, #3277, #1173, #1572, #2619, #3249, #2200, #2250, #3675, #150, #493, #46, #1922, #850, #1220, #2596, #4398, #1197, #3624, #4027, #1545, #1125, #72, #4421 ),
 ( #1873, #97, #755, #3349, #3322, #468, #4049, #447, #3300, #420, #2998, #2270, #2227, #3954, #3697, #2180, #4347, #2568, #3973, #1896, #4328, #3997, #121, #3603, #395, #775, #802, #2974 ) ),
 .UNSPECIFIED., .F., .T., .F.,
 ( 4, 1, 4 ),
 ( 4, 1, 1, 1, 1, 1, 1, 1, 1, 1, 1, 1, 1, 1, 1, 1, 1, 1, 1, 1, 1, 1, 1, 1, 1, 4 ),
 ( 0.000000000000000000, 0.5714285714285709528, 1.000000000000000000 ),
 ( -22.91150897383720064, -22.09324079620009940, -21.27497261856309763, -19.63843626328899816, -18.54741202643959852, -17.45638778959019888, -16.91087567116549906, -16.36536355274080279, -15.27433931589139959, -14.18331507904199995, -13.09229084219269978, -12.00126660534329837, -10.91024236849390050, -9.819218131644499081, -8.728193894795110097, -7.637169657945719337, -7.091657539521020404, -6.546145421096330352, -5.727877243459289502, -5.318743154640770854, -4.909609065822250429, -4.091340888185209579, -3.273072710548170061, -1.636536355274080146, -0.8182681776370419602, 0.000000000000000000 ),
 .UNSPECIFIED. ) ;
#3756 = VERTEX_POINT ( 'NONE', #2321 ) ;
#3757 = CARTESIAN_POINT ( 'NONE',  ( -25.90014662483071817, 5.357218168938772784, -0.09174695092890516879 ) ) ;
#3758 = CARTESIAN_POINT ( 'NONE',  ( -15.12353291759644769, 18.83918749198666376, 14.78344169563649757 ) ) ;
#3759 = CARTESIAN_POINT ( 'NONE',  ( -25.52930541632382244, -12.15234197974997521, 4.921119293358906965 ) ) ;
#3760 = CARTESIAN_POINT ( 'NONE',  ( 0.7643323752722311903, 41.35198246893876473, -14.63051296727220318 ) ) ;
#3761 = ORIENTED_EDGE ( 'NONE', *, *, #4569, .T. ) ;
#3762 = EDGE_CURVE ( 'NONE', #1324, #2848, #2691, .T. ) ;
#3763 = ORIENTED_EDGE ( 'NONE', *, *, #1229, .F. ) ;
#3764 = CARTESIAN_POINT ( 'NONE',  ( -25.24224807924713332, 19.51346991101140205, 10.72921982706584387 ) ) ;
#3765 = DIRECTION ( 'NONE',  ( 0.000000000000000000, -1.000000000000000000, 0.000000000000000000 ) ) ;
#3766 = CARTESIAN_POINT ( 'NONE',  ( -0.04936135483071932978, 38.07973116893877119, -0.09174695092890516879 ) ) ;
#3767 = CARTESIAN_POINT ( 'NONE',  ( -34.40800000483071130, 25.76095799317868540, -0.09174695092891969883 ) ) ;
#3768 = VERTEX_POINT ( 'NONE', #4368 ) ;
#3769 = CARTESIAN_POINT ( 'NONE',  ( 25.14396474003278570, -11.09947797149500559, 6.744733249117164320 ) ) ;
#3770 = CARTESIAN_POINT ( 'NONE',  ( 34.30927729516927371, -4.844651743181184855, -17.76190397092890194 ) ) ;
#3771 = PRODUCT_DEFINITION ( 'UNKNOWN', '', #597, #4159 ) ;
#3772 = CARTESIAN_POINT ( 'NONE',  ( -25.76937346340215029, 11.60251313152820529, 17.57841006907110071 ) ) ;
#3773 = CARTESIAN_POINT ( 'NONE',  ( -14.58089300086538564, 22.17236561413956508, -13.29358816331201965 ) ) ;
#3774 = AXIS2_PLACEMENT_3D ( 'NONE', #3438, #271, #934 ) ;
#3775 = DIRECTION ( 'NONE',  ( 0.000000000000000000, 1.000000000000000000, 0.000000000000000000 ) ) ;
#3776 = EDGE_CURVE ( 'NONE', #234, #4144, #909, .T. ) ;
#3777 = CARTESIAN_POINT ( 'NONE',  ( -25.77086586219036946, 23.78969680984704382, -3.506071475447665620 ) ) ;
#3778 = CARTESIAN_POINT ( 'NONE',  ( 1.583127567953576786, 15.17566610988907350, -19.79732613829922983 ) ) ;
#3779 = CARTESIAN_POINT ( 'NONE',  ( 19.91137157516928013, 35.46193012893877494, -0.09174695092890516879 ) ) ;
#3780 = ORIENTED_EDGE ( 'NONE', *, *, #3163, .T. ) ;
#3781 = FACE_BOUND ( 'NONE', #2266, .T. ) ;
#3782 = AXIS2_PLACEMENT_3D ( 'NONE', #1746, #4230, #2494 ) ;
#3783 = CARTESIAN_POINT ( 'NONE',  ( -25.21657783471855652, -8.917050426732407331, 10.52480864048376574 ) ) ;
#3784 = FACE_OUTER_BOUND ( 'NONE', #3494, .T. ) ;
#3785 = VERTEX_POINT ( 'NONE', #539 ) ;
#3786 = AXIS2_PLACEMENT_3D ( 'NONE', #1889, #2585, #64 ) ;
#3787 = EDGE_LOOP ( 'NONE', ( #2214, #4022, #3654, #3126 ) ) ;
#3788 = CARTESIAN_POINT ( 'NONE',  ( -25.43083638741312313, 18.79298202278983254, 11.97714145570362376 ) ) ;
#3789 = CARTESIAN_POINT ( 'NONE',  ( 25.80142391516927702, -4.844651743181184855, 17.57841006907109360 ) ) ;
#3790 = AXIS2_PLACEMENT_3D ( 'NONE', #970, #633, #614 ) ;
#3791 = ORIENTED_EDGE ( 'NONE', *, *, #2909, .T. ) ;
#3792 = CARTESIAN_POINT ( 'NONE',  ( 8.156565770310413299, 15.88821654340237544, 18.47184131199416868 ) ) ;
#3793 = CONICAL_SURFACE ( 'NONE', #1397, 19.89528790399999636, 1.325817663667999913 ) ;
#3794 = DIRECTION ( 'NONE',  ( -0.3826834323650899483, 0.000000000000000000, 0.9238795325112867385 ) ) ;
#3795 = EDGE_LOOP ( 'NONE', ( #3457, #2094, #3160, #4383, #2107, #275, #617, #2074 ) ) ;
#3796 = DIRECTION ( 'NONE',  ( 1.000000000000000000, 0.000000000000000000, 0.000000000000000000 ) ) ;
#3797 = DIRECTION ( 'NONE',  ( -0.000000000000000000, 1.000000000000000000, -0.000000000000000000 ) ) ;
#3798 = DIRECTION ( 'NONE',  ( 1.000000000000000000, 0.000000000000000000, 0.000000000000000000 ) ) ;
#3799 = ADVANCED_FACE ( 'NONE', ( #1872, #2617 ), #1373, .F. ) ;
#3800 = ADVANCED_FACE ( 'NONE', ( #824 ), #467, .T. ) ;
#3801 = DIRECTION ( 'NONE',  ( 1.000000000000000000, 0.000000000000000000, 0.000000000000000000 ) ) ;
#3802 = VECTOR ( 'NONE', #1483, 1000.000000000000000 ) ;
#3803 =( NAMED_UNIT ( * ) SI_UNIT ( $, .STERADIAN. ) SOLID_ANGLE_UNIT ( ) );
#3804 = LINE ( 'NONE', #622, #3638 ) ;
#3805 = CARTESIAN_POINT ( 'NONE',  ( 25.00056640457112778, -10.25580143144611966, -8.389517783493539937 ) ) ;
#3806 = EDGE_CURVE ( 'NONE', #3579, #2686, #4441, .T. ) ;
#3807 = ORIENTED_EDGE ( 'NONE', *, *, #3078, .F. ) ;
#3808 = CYLINDRICAL_SURFACE ( 'NONE', #3990, 8.500000000000000000 ) ;
#3809 = CARTESIAN_POINT ( 'NONE',  ( -0.04936135483071932978, 41.35198246893876473, -0.09174695092890516879 ) ) ;
#3810 = FACE_OUTER_BOUND ( 'NONE', #1874, .T. ) ;
#3811 = EDGE_LOOP ( 'NONE', ( #2986, #3156, #3236, #136, #2795, #687 ) ) ;
#3812 = VERTEX_POINT ( 'NONE', #1571 ) ;
#3813 = DIRECTION ( 'NONE',  ( 0.000000000000000000, 1.000000000000000000, 0.000000000000000000 ) ) ;
#3814 = CARTESIAN_POINT ( 'NONE',  ( 0.6094223824907665232, 5.357218168938795877, -0.09174695092892692916 ) ) ;
#3815 = CARTESIAN_POINT ( 'NONE',  ( 1.685455812574000678, 14.35503886821771147, -20.09436349147773981 ) ) ;
#3816 = FACE_OUTER_BOUND ( 'NONE', #1237, .T. ) ;
#3817 = ORIENTED_EDGE ( 'NONE', *, *, #2488, .F. ) ;
#3818 = CARTESIAN_POINT ( 'NONE',  ( 25.80142391516927702, -4.844651743181184855, -17.76190397092890194 ) ) ;
#3819 = CARTESIAN_POINT ( 'NONE',  ( 25.50877318226181956, 10.32198546517639492, 17.57841006907108294 ) ) ;
#3820 = DIRECTION ( 'NONE',  ( 0.9238795325112867385, 0.000000000000000000, -0.3826834323650898928 ) ) ;
#3821 = ADVANCED_FACE ( 'NONE', ( #2997, #3014 ), #1242, .F. ) ;
#3822 = EDGE_CURVE ( 'NONE', #2757, #9, #2274, .T. ) ;
#3823 = DIRECTION ( 'NONE',  ( 0.000000000000000000, 1.000000000000000000, 0.000000000000000000 ) ) ;
#3824 = DIRECTION ( 'NONE',  ( 0.000000000000000000, 0.000000000000000000, 1.000000000000000000 ) ) ;
#3825 = LINE ( 'NONE', #2008, #1906 ) ;
#3826 = ORIENTED_EDGE ( 'NONE', *, *, #1538, .T. ) ;
#3827 = CARTESIAN_POINT ( 'NONE',  ( 19.91137157516928013, 38.04700865593877523, -0.09174695092890516879 ) ) ;
#3828 = CARTESIAN_POINT ( 'NONE',  ( -25.56710097857268948, -7.609009843930040873, 12.79040138825946649 ) ) ;
#3829 = EDGE_CURVE ( 'NONE', #2017, #838, #2977, .T. ) ;
#3830 = CARTESIAN_POINT ( 'NONE',  ( -12.74665856030526001, 49.42576294137248283, -5.351139658918447672 ) ) ;
#3831 = VERTEX_POINT ( 'NONE', #2342 ) ;
#3832 = CARTESIAN_POINT ( 'NONE',  ( -25.90014662483071817, 15.55908808105873220, 17.57841006907109360 ) ) ;
#3833 = DIRECTION ( 'NONE',  ( 1.000000000000000000, 0.000000000000000000, 0.000000000000000000 ) ) ;
#3834 = DIRECTION ( 'NONE',  ( 0.000000000000000000, -1.000000000000000000, 0.000000000000000000 ) ) ;
#3835 = FACE_OUTER_BOUND ( 'NONE', #2155, .T. ) ;
#3836 = EDGE_LOOP ( 'NONE', ( #3141, #675, #2693 ) ) ;
#3837 = PLANE ( 'NONE',  #572 ) ;
#3838 = DIRECTION ( 'NONE',  ( 0.000000000000000000, -1.000000000000000000, 0.000000000000000000 ) ) ;
#3839 = CARTESIAN_POINT ( 'NONE',  ( -10.56814677080980580, 41.35198246893876473, 10.42703846505018284 ) ) ;
#3840 = ORIENTED_EDGE ( 'NONE', *, *, #624, .F. ) ;
#3841 = LINE ( 'NONE', #4480, #4076 ) ;
#3842 = CARTESIAN_POINT ( 'NONE',  ( 15.67845354578497385, 19.83864544454726087, -13.64875926085128022 ) ) ;
#3843 = DIRECTION ( 'NONE',  ( 1.000000000000000000, 0.000000000000000000, 0.000000000000000000 ) ) ;
#3844 = AXIS2_PLACEMENT_3D ( 'NONE', #2583, #1701, #986 ) ;
#3845 = VERTEX_POINT ( 'NONE', #1290 ) ;
#3846 = FACE_OUTER_BOUND ( 'NONE', #1849, .T. ) ;
#3847 = DIRECTION ( 'NONE',  ( 0.000000000000000000, 1.000000000000000000, 0.000000000000000000 ) ) ;
#3848 = AXIS2_PLACEMENT_3D ( 'NONE', #2255, #1902, #1577 ) ;
#3849 = CARTESIAN_POINT ( 'NONE',  ( -15.59255502983071828, 25.31795109893877083, -12.08690259452524884 ) ) ;
#3850 = ADVANCED_FACE ( 'NONE', ( #3855 ), #2366, .T. ) ;
#3851 = VERTEX_POINT ( 'NONE', #4541 ) ;
#3852 = VECTOR ( 'NONE', #3547, 1000.000000000000000 ) ;
#3853 = CARTESIAN_POINT ( 'NONE',  ( 19.58414644516928149, 5.357218168938772784, -0.09174695092890276793 ) ) ;
#3854 = CARTESIAN_POINT ( 'NONE',  ( -0.04936135483071931590, 5.357218168938771008, 27.04836835905521397 ) ) ;
#3855 = FACE_OUTER_BOUND ( 'NONE', #4259, .T. ) ;
#3856 = AXIS2_PLACEMENT_3D ( 'NONE', #4196, #4126, #2695 ) ;
#3857 = EDGE_CURVE ( 'NONE', #4067, #3768, #3726, .T. ) ;
#3858 = CARTESIAN_POINT ( 'NONE',  ( 25.00056640456854140, 20.97023776937800221, 8.206023881541618437 ) ) ;
#3859 = VERTEX_POINT ( 'NONE', #3088 ) ;
#3860 = CIRCLE ( 'NONE', #201, 12.27094237500000062 ) ;
#3861 = CARTESIAN_POINT ( 'NONE',  ( -25.90014662483071817, -3.018563823142123237, 17.57841006907109360 ) ) ;
#3862 = CARTESIAN_POINT ( 'NONE',  ( 25.12077807093547221, 7.442398828019766377, 17.57841006907109005 ) ) ;
#3863 = DIRECTION ( 'NONE',  ( -1.000000000000000000, -0.000000000000000000, -0.000000000000000000 ) ) ;
#3864 = CIRCLE ( 'NONE', #1172, 5.291230352099999479 ) ;
#3865 = ORIENTED_EDGE ( 'NONE', *, *, #3857, .T. ) ;
#3866 = CARTESIAN_POINT ( 'NONE',  ( 25.11570196150598733, 7.393422173830067834, -17.76190397092889484 ) ) ;
#3867 = CONICAL_SURFACE ( 'NONE', #353, 19.89528790399999636, 1.325817663668040325 ) ;
#3868 = CARTESIAN_POINT ( 'NONE',  ( -14.39481897654373022, 19.04728953184065077, -15.14912677184180900 ) ) ;
#3869 = DIRECTION ( 'NONE',  ( 1.000000000000000000, 0.000000000000000000, 0.000000000000000000 ) ) ;
#3870 = VECTOR ( 'NONE', #3863, 1000.000000000000000 ) ;
#3871 = LINE ( 'NONE', #3458, #2357 ) ;
#3872 = CARTESIAN_POINT ( 'NONE',  ( 21.91234881490933972, 22.61226013995126038, -0.09176655859228850798 ) ) ;
#3873 = AXIS2_PLACEMENT_3D ( 'NONE', #2059, #3460, #3034 ) ;
#3874 = CARTESIAN_POINT ( 'NONE',  ( -25.49678062092080921, 1.168680058858913462, -17.76190397092890905 ) ) ;
#3875 = ORIENTED_EDGE ( 'NONE', *, *, #10, .F. ) ;
#3876 = AXIS2_PLACEMENT_3D ( 'NONE', #57, #3661, #381 ) ;
#3877 = ADVANCED_FACE ( 'NONE', ( #562 ), #1728, .T. ) ;
#3878 = CARTESIAN_POINT ( 'NONE',  ( 34.30927729516927371, 15.55908808105873220, 17.57841006907109360 ) ) ;
#3879 = DIRECTION ( 'NONE',  ( -0.000000000000000000, -1.000000000000000000, -0.000000000000000000 ) ) ;
#3880 = DIRECTION ( 'NONE',  ( 0.000000000000000000, -0.4999999999999998890, -0.8660254037844387076 ) ) ;
#3881 = VERTEX_POINT ( 'NONE', #2434 ) ;
#3882 = ADVANCED_FACE ( 'NONE', ( #2065 ), #3465, .T. ) ;
#3883 = CARTESIAN_POINT ( 'NONE',  ( 25.28959109318965304, 18.94659662212556839, 11.71107316486980210 ) ) ;
#3884 = ORIENTED_EDGE ( 'NONE', *, *, #923, .F. ) ;
#3885 = CARTESIAN_POINT ( 'NONE',  ( -25.90014662483071817, 16.47213204107826101, -16.18046544263119912 ) ) ;
#3886 = CARTESIAN_POINT ( 'NONE',  ( -0.04936135483071932978, 35.46193012893877494, -0.09174695092890516879 ) ) ;
#3887 = CARTESIAN_POINT ( 'NONE',  ( 20.58676592019870100, 5.357218168938772784, -0.09174695092890516879 ) ) ;
#3888 = B_SPLINE_CURVE_WITH_KNOTS ( 'NONE', 3,
 ( #897, #613, #1268, #871, #1612, #560, #2021, #4120, #2319, #3012, #3462, #186, #920, #2659, #2041, #3107, #3718, #2340, #1240, #969, #3788, #1665, #3742, #3764, #4142, #2390, #536, #213, #514, #254, #1684, #4439, #1643, #3064, #4538, #4492, #1288, #1589, #2363, #1332, #3086, #589, #236, #2759, #1940, #3366, #4515, #1309, #165, #1053, #1707, #3507, #1394, #1793, #2843, #3483, #2431, #2475, #3899, #368, #719, #1726, #698, #2411, #303, #2822 ),
 .UNSPECIFIED., .F., .F.,
 ( 4, 1, 1, 1, 1, 1, 1, 1, 2, 2, 1, 1, 1, 1, 2, 2, 1, 1, 1, 1, 1, 1, 1, 2, 2, 2, 1, 1, 1, 1, 1, 1, 1, 2, 2, 1, 1, 1, 1, 2, 2, 1, 1, 1, 1, 1, 1, 1, 2, 2, 4 ),
 ( 0.000000000000000000, 0.06249999999997858657, 0.09374999999996802558, 0.1093749999999627381, 0.1171874999999599487, 0.1210937499999588246, 0.1230468749999581862, 0.1240234374999580058, 0.1245117187499578254, 0.1249999999999576450, 0.1874999999998874789, 0.2187499999998522293, 0.2343749999998344935, 0.2421874999998255285, 0.2460937499998210598, 0.2499999999998165912, 0.3124999999997455924, 0.3437499999997100653, 0.3593749999996921907, 0.3671874999996833644, 0.3710937499996794231, 0.3730468749996772027, 0.3740234374996763700, 0.3745117187496762035, 0.3749999999996760369, 0.4999999999997042921, 0.5624999999997187805, 0.5937499999997261080, 0.6093749999997297717, 0.6171874999997316591, 0.6210937499997327693, 0.6230468749997334355, 0.6240234374997338795, 0.6245117187497342126, 0.6249999999997344347, 0.6874999999997781774, 0.7187499999998001599, 0.7343749999998111511, 0.7421874999998167022, 0.7460937499998195888, 0.7499999999998223643, 0.8124999999998636646, 0.8437499999998840927, 0.8593749999998945288, 0.8671874999998997469, 0.8710937499999024114, 0.8730468749999037437, 0.8740234374999044098, 0.8745117187499047429, 0.8749999999999051870, 1.000000000000000000 ),
 .UNSPECIFIED. ) ;
#3889 = EDGE_CURVE ( 'NONE', #9, #2757, #2938, .T. ) ;
#3890 = VERTEX_POINT ( 'NONE', #238 ) ;
#3891 = FACE_OUTER_BOUND ( 'NONE', #1967, .T. ) ;
#3892 = CARTESIAN_POINT ( 'NONE',  ( 0.7325000356450979133, 15.62230375734882593, 19.63637571784568081 ) ) ;
#3893 = CARTESIAN_POINT ( 'NONE',  ( 14.82644764013921268, 41.35198246893876473, -0.09174695092890808312 ) ) ;
#3894 = CARTESIAN_POINT ( 'NONE',  ( -0.04936135483071932978, 41.35198246893876473, -0.09174695092890516879 ) ) ;
#3895 = DIRECTION ( 'NONE',  ( 1.000000000000000000, 0.000000000000000000, 0.000000000000000000 ) ) ;
#3896 = CARTESIAN_POINT ( 'NONE',  ( -25.29591315467310153, -8.571824391607043125, 11.12275767341645150 ) ) ;
#3897 = CARTESIAN_POINT ( 'NONE',  ( 5.210031353158817602, 49.42576294137248283, 12.60555025454563527 ) ) ;
#3898 = ORIENTED_EDGE ( 'NONE', *, *, #1440, .F. ) ;
#3899 = CARTESIAN_POINT ( 'NONE',  ( -25.76804812612393647, 23.77646909469125802, 3.345488648307718194 ) ) ;
#3900 = DIRECTION ( 'NONE',  ( 0.000000000000000000, 0.000000000000000000, 1.000000000000000000 ) ) ;
#3901 = CARTESIAN_POINT ( 'NONE',  ( -25.78897110381498337, -6.728385408441557303, -14.49918155476999537 ) ) ;
#3902 = VERTEX_POINT ( 'NONE', #4518 ) ;
#3903 = EDGE_CURVE ( 'NONE', #1729, #2768, #1311, .T. ) ;
#3904 = CARTESIAN_POINT ( 'NONE',  ( 25.12040063756721509, 21.70080829371697462, 6.940638614874273138 ) ) ;
#3905 = ORIENTED_EDGE ( 'NONE', *, *, #1028, .F. ) ;
#3906 = CARTESIAN_POINT ( 'NONE',  ( -25.21950078059699507, 3.272037509857182336, 17.57841006907109715 ) ) ;
#3907 = CARTESIAN_POINT ( 'NONE',  ( -5.381800908318146170, 27.77400016161823970, -18.98743783941363716 ) ) ;
#3908 = CARTESIAN_POINT ( 'NONE',  ( -0.04936135483071932978, 35.46193012893877494, -0.09174695092890516879 ) ) ;
#3909 = ORIENTED_EDGE ( 'NONE', *, *, #3334, .T. ) ;
#3910 = DIRECTION ( 'NONE',  ( 0.000000000000000000, 1.000000000000000000, 0.000000000000000000 ) ) ;
#3911 = PRODUCT_DEFINITION ( 'UNKNOWN', '', #2899, #649 ) ;
#3912 = CARTESIAN_POINT ( 'NONE',  ( 18.28473135916324210, 22.87693844570031487, -8.630004247148299612 ) ) ;
#3913 = CARTESIAN_POINT ( 'NONE',  ( 25.39347488093688554, 22.73846836656482040, -5.326852549574025097 ) ) ;
#3914 = DIRECTION ( 'NONE',  ( 0.000000000000000000, 1.000000000000000000, 0.000000000000000000 ) ) ;
#3915 = EDGE_CURVE ( 'NONE', #2541, #528, #4551, .T. ) ;
#3916 = DIRECTION ( 'NONE',  ( 0.000000000000000000, 0.000000000000000000, 1.000000000000000000 ) ) ;
#3917 = CARTESIAN_POINT ( 'NONE',  ( -25.90014662483071461, -2.421197696786956399, -17.76190397092890549 ) ) ;
#3918 = ORIENTED_EDGE ( 'NONE', *, *, #2584, .T. ) ;
#3919 = DIRECTION ( 'NONE',  ( -1.000000000000000000, 0.000000000000000000, 0.000000000000000000 ) ) ;
#3920 = CARTESIAN_POINT ( 'NONE',  ( -20.01009428483071773, 38.11245368193876715, -0.09174695092890761128 ) ) ;
#3921 = DIRECTION ( 'NONE',  ( -0.000000000000000000, 0.8660254037844387076, 0.4999999999999998890 ) ) ;
#3922 = ORIENTED_EDGE ( 'NONE', *, *, #2479, .T. ) ;
#3923 = CIRCLE ( 'NONE', #2575, 12.69976831227986125 ) ;
#3924 = ORIENTED_EDGE ( 'NONE', *, *, #800, .F. ) ;
#3925 = CARTESIAN_POINT ( 'NONE',  ( -25.22006904117325732, 3.266610714117100134, 17.57841006907110426 ) ) ;
#3926 = CARTESIAN_POINT ( 'NONE',  ( -9.287592546754011025, 30.63921795632131406, -17.41601805413976933 ) ) ;
#3927 = VECTOR ( 'NONE', #3017, 1000.000000000000000 ) ;
#3928 = LINE ( 'NONE', #1425, #4471 ) ;
#3929 = AXIS2_PLACEMENT_3D ( 'NONE', #392, #4612, #1404 ) ;
#3930 = EDGE_LOOP ( 'NONE', ( #3200, #870, #3817, #2467, #192, #2160, #3405 ) ) ;
#3931 = CARTESIAN_POINT ( 'NONE',  ( 25.62113246653646570, 11.17192699366256825, -17.76190397092890194 ) ) ;
#3932 = EDGE_CURVE ( 'NONE', #184, #3881, #634, .T. ) ;
#3933 = CARTESIAN_POINT ( 'NONE',  ( 5.575340664270810542, 16.63305138719782406, -19.09032219710375955 ) ) ;
#3934 = CARTESIAN_POINT ( 'NONE',  ( 25.12268704652004914, 19.60834752882976773, -10.74838087436119416 ) ) ;
#3935 =( NAMED_UNIT ( * ) PLANE_ANGLE_UNIT ( ) SI_UNIT ( $, .RADIAN. ) );
#3936 = CIRCLE ( 'NONE', #2378, 1.304847777956471999 ) ;
#3937 = LINE ( 'NONE', #3960, #642 ) ;
#3938 = FACE_OUTER_BOUND ( 'NONE', #310, .T. ) ;
#3939 = DIRECTION ( 'NONE',  ( -1.000000000000000000, 0.000000000000000000, 0.000000000000000000 ) ) ;
#3940 = CARTESIAN_POINT ( 'NONE',  ( -25.21657846952319204, 3.300139530003538990, -17.76190397092890905 ) ) ;
#3941 = VECTOR ( 'NONE', #4122, 1000.000000000000000 ) ;
#3942 = EDGE_CURVE ( 'NONE', #411, #3717, #1488, .T. ) ;
#3943 = ORIENTED_EDGE ( 'NONE', *, *, #473, .F. ) ;
#3944 = EDGE_LOOP ( 'NONE', ( #292, #3550, #1961, #422 ) ) ;
#3945 = AXIS2_PLACEMENT_3D ( 'NONE', #929, #2955, #2212 ) ;
#3946 = CARTESIAN_POINT ( 'NONE',  ( -25.13909315194055338, 6.670851119821354480, -17.76190397092890905 ) ) ;
#3947 = DIRECTION ( 'NONE',  ( 0.000000000000000000, 0.000000000000000000, -1.000000000000000000 ) ) ;
#3948 = DIRECTION ( 'NONE',  ( 0.000000000000000000, 1.000000000000000000, 0.000000000000000000 ) ) ;
#3949 = ORIENTED_EDGE ( 'NONE', *, *, #1822, .T. ) ;
#3950 = ORIENTED_EDGE ( 'NONE', *, *, #3226, .F. ) ;
#3951 = PLANE ( 'NONE',  #1693 ) ;
#3952 = CARTESIAN_POINT ( 'NONE',  ( 25.12542757119244996, 7.486380462488527066, 17.57841006907109005 ) ) ;
#3953 = DIRECTION ( 'NONE',  ( 1.000000000000000000, 0.000000000000000000, 0.000000000000000000 ) ) ;
#3954 = CARTESIAN_POINT ( 'NONE',  ( 19.66202189335209027, 26.26338723746051329, 3.036389863349113316 ) ) ;
#3955 = ORIENTED_EDGE ( 'NONE', *, *, #3391, .T. ) ;
#3956 = FACE_BOUND ( 'NONE', #1441, .T. ) ;
#3957 = CARTESIAN_POINT ( 'NONE',  ( -19.31922037836244854, 25.89883648723049703, -4.693246768577328254 ) ) ;
#3958 = CARTESIAN_POINT ( 'NONE',  ( 25.12040063756693797, 19.61923778052165446, -10.72951840512360633 ) ) ;
#3959 = EDGE_CURVE ( 'NONE', #1359, #2541, #3351, .T. ) ;
#3960 = CARTESIAN_POINT ( 'NONE',  ( 7.839727707153562264, 41.35198246893876473, -11.69978826165568542 ) ) ;
#3961 = CARTESIAN_POINT ( 'NONE',  ( 21.99997663654449553, 22.66042477197889227, -3.191577002234617932 ) ) ;
#3962 = CARTESIAN_POINT ( 'NONE',  ( -25.29591315468970336, 2.609693553554415679, -17.76190397092890194 ) ) ;
#3963 = ORIENTED_EDGE ( 'NONE', *, *, #1962, .T. ) ;
#3964 = CARTESIAN_POINT ( 'NONE',  ( -14.77449220483071635, 5.357218168938772784, 12.17919542407109290 ) ) ;
#3965 = EDGE_CURVE ( 'NONE', #4038, #3688, #2000, .T. ) ;
#3966 =( LENGTH_UNIT ( ) NAMED_UNIT ( * ) SI_UNIT ( .MILLI., .METRE. ) );
#3967 = DIRECTION ( 'NONE',  ( 0.000000000000000000, 0.000000000000000000, 1.000000000000000000 ) ) ;
#3968 = ORIENTED_EDGE ( 'NONE', *, *, #2748, .T. ) ;
#3969 = ORIENTED_EDGE ( 'NONE', *, *, #4364, .T. ) ;
#3970 = DIRECTION ( 'NONE',  ( 0.000000000000000000, 1.000000000000000000, 0.000000000000000000 ) ) ;
#3971 = CARTESIAN_POINT ( 'NONE',  ( 25.78524067026024369, -2.231360411124239107, -17.76190397092889128 ) ) ;
#3972 = CARTESIAN_POINT ( 'NONE',  ( 19.58294920552823015, 26.19831906579665670, -0.09186430281803188713 ) ) ;
#3973 = CARTESIAN_POINT ( 'NONE',  ( 4.032617612470617452, 16.46320510140764881, 19.23511024517979351 ) ) ;
#3974 = ORIENTED_EDGE ( 'NONE', *, *, #545, .T. ) ;
#3975 = CARTESIAN_POINT ( 'NONE',  ( 25.05902419773516954, -10.65783533279738649, 7.509680738130219524 ) ) ;
#3976 = CARTESIAN_POINT ( 'NONE',  ( -2.679025263934492695, 15.73094417303499881, -19.74543060497520486 ) ) ;
#3977 = CARTESIAN_POINT ( 'NONE',  ( 25.11940343630550387, 21.69602172760614067, -7.132423092429865719 ) ) ;
#3978 = CARTESIAN_POINT ( 'NONE',  ( 0.000000000000000000, -27.00000000000000355, 2.000000000000000000 ) ) ;
#3979 = FACE_OUTER_BOUND ( 'NONE', #235, .T. ) ;
#3980 = CARTESIAN_POINT ( 'NONE',  ( -2.947008625272357740, 14.35678333469673618, -20.09379953798391938 ) ) ;
#3981 = CARTESIAN_POINT ( 'NONE',  ( -13.94174897806355773, 21.42876321203310042, -13.98388538791079583 ) ) ;
#3982 = CARTESIAN_POINT ( 'NONE',  ( 25.50877318222890011, -12.42797034721482952, -4.627210858760333778 ) ) ;
#3983 = ORIENTED_EDGE ( 'NONE', *, *, #246, .F. ) ;
#3984 = CARTESIAN_POINT ( 'NONE',  ( 25.11570196150599799, 19.64192103467302175, 10.50673595459464060 ) ) ;
#3985 = CARTESIAN_POINT ( 'NONE',  ( -25.88396337992167417, 12.94579674900175448, -17.76190397092891260 ) ) ;
#3986 = EDGE_CURVE ( 'NONE', #888, #4111, #1854, .T. ) ;
#3987 = PRESENTATION_STYLE_ASSIGNMENT (( #387 ) ) ;
#3988 = LINE ( 'NONE', #486, #3503 ) ;
#3989 = ORIENTED_EDGE ( 'NONE', *, *, #367, .F. ) ;
#3990 = AXIS2_PLACEMENT_3D ( 'NONE', #2036, #1658, #4557 ) ;
#3991 = VERTEX_POINT ( 'NONE', #2824 ) ;
#3992 = CARTESIAN_POINT ( 'NONE',  ( -6.650934196295288814, 21.24276311761268943, -18.58231271014978958 ) ) ;
#3993 = CARTESIAN_POINT ( 'NONE',  ( -15.55529152983482533, 26.05416556528091832, -12.13565907856106563 ) ) ;
#3994 = CARTESIAN_POINT ( 'NONE',  ( -34.40800000483071130, -15.04652165530114338, -0.09174695092889822989 ) ) ;
#3995 = AXIS2_PLACEMENT_3D ( 'NONE', #4056, #1225, #2645 ) ;
#3996 = EDGE_CURVE ( 'NONE', #2651, #528, #3291, .T. ) ;
#3997 = CARTESIAN_POINT ( 'NONE',  ( -5.321973152460942380, 16.87969798728892457, 18.92363144484605897 ) ) ;
#3998 = ORIENTED_EDGE ( 'NONE', *, *, #1335, .T. ) ;
#3999 = AXIS2_PLACEMENT_3D ( 'NONE', #170, #2046, #2666 ) ;
#4000 = CARTESIAN_POINT ( 'NONE',  ( -0.04936135483071932978, 40.69753220893876744, -0.09174695092890516879 ) ) ;
#4001 = DIRECTION ( 'NONE',  ( -1.000000000000000000, 0.000000000000000000, 0.000000000000000000 ) ) ;
#4002 = CARTESIAN_POINT ( 'NONE',  ( 25.12077807093546511, 19.61743270757817115, -10.73264488317309073 ) ) ;
#4003 = APPLICATION_PROTOCOL_DEFINITION ( 'draft international standard', 'automotive_design', 1998, #1803 ) ;
#4004 = CIRCLE ( 'NONE', #3929, 14.56151828499999823 ) ;
#4005 = CARTESIAN_POINT ( 'NONE',  ( -10.19334038483071758, 25.31795109893877083, -23.61923379792890643 ) ) ;
#4006 = TOROIDAL_SURFACE ( 'NONE', #205, 19.55474809580329776, 2.617801039999999801 ) ;
#4007 = DIRECTION ( 'NONE',  ( 0.000000000000000000, -1.000000000000000000, 0.000000000000000000 ) ) ;
#4008 = CARTESIAN_POINT ( 'NONE',  ( -5.947537264044192362, 15.11875243395421897, 19.23783479048049472 ) ) ;
#4009 = LINE ( 'NONE', #4336, #2159 ) ;
#4010 = EDGE_LOOP ( 'NONE', ( #2339, #533, #3955, #3744, #3147, #3467 ) ) ;
#4011 = AXIS2_PLACEMENT_3D ( 'NONE', #1749, #155, #2005 ) ;
#4012 = VERTEX_POINT ( 'NONE', #3268 ) ;
#4013 = CARTESIAN_POINT ( 'NONE',  ( 22.10926522291496354, 5.357218168938772784, 17.07581914090659936 ) ) ;
#4014 = CARTESIAN_POINT ( 'NONE',  ( -25.90014662483071817, 13.73300016101966747, -17.76190397092890194 ) ) ;
#4015 = CARTESIAN_POINT ( 'NONE',  ( -0.04936135483071932978, 48.68182538093876133, -0.09174695092890516879 ) ) ;
#4016 = AXIS2_PLACEMENT_3D ( 'NONE', #2484, #4327, #3953 ) ;
#4017 = CARTESIAN_POINT ( 'NONE',  ( -25.18606812336453160, -10.81922902177267964, -7.413632570661846444 ) ) ;
#4018 = APPLICATION_CONTEXT ( 'automotive_design' ) ;
#4019 = ADVANCED_FACE ( 'NONE', ( #370 ), #3220, .F. ) ;
#4020 = EDGE_CURVE ( 'NONE', #1421, #184, #2458, .T. ) ;
#4021 = VECTOR ( 'NONE', #768, 1000.000000000000000 ) ;
#4022 = ORIENTED_EDGE ( 'NONE', *, *, #800, .T. ) ;
#4023 = FACE_OUTER_BOUND ( 'NONE', #2994, .T. ) ;
#4024 = CARTESIAN_POINT ( 'NONE',  ( 2.449293598294706414E-16, -27.00000000000000355, -2.000000000000000000 ) ) ;
#4025 = CARTESIAN_POINT ( 'NONE',  ( 22.10926522291496354, 5.357218168938772784, 17.07581914090659936 ) ) ;
#4026 = PRODUCT_DEFINITION_FORMATION_WITH_SPECIFIED_SOURCE ( 'ANY', '', #3049, .NOT_KNOWN. ) ;
#4027 = CARTESIAN_POINT ( 'NONE',  ( -13.66532991126459073, 20.98758728276500918, 14.54701062994568872 ) ) ;
#4028 = ORIENTED_EDGE ( 'NONE', *, *, #1798, .T. ) ;
#4029 = DIRECTION ( 'NONE',  ( 0.000000000000000000, 1.000000000000000000, 0.000000000000000000 ) ) ;
#4030 = CARTESIAN_POINT ( 'NONE',  ( 25.80142391516927702, -15.04652165530114338, -0.09174695092889935399 ) ) ;
#4031 = ADVANCED_FACE ( 'NONE', ( #4277 ), #66, .T. ) ;
#4032 = PLANE ( 'NONE',  #3192 ) ;
#4033 = CARTESIAN_POINT ( 'NONE',  ( -23.28234558483071481, 5.357218168938772784, 16.84520010487439023 ) ) ;
#4034 = CARTESIAN_POINT ( 'NONE',  ( -14.96101052893071781, 25.31795109893877083, -23.91373641492890556 ) ) ;
#4035 = CARTESIAN_POINT ( 'NONE',  ( -22.01226838533919405, 22.61240139924662174, -0.09174695092890608472 ) ) ;
#4036 = CARTESIAN_POINT ( 'NONE',  ( 34.30927729516927371, -4.844651743181184855, 17.57841006907109360 ) ) ;
#4037 = ORIENTED_EDGE ( 'NONE', *, *, #3558, .F. ) ;
#4038 = VERTEX_POINT ( 'NONE', #700 ) ;
#4039 = ORIENTED_EDGE ( 'NONE', *, *, #3889, .F. ) ;
#4040 = LINE ( 'NONE', #3314, #2430 ) ;
#4041 = CARTESIAN_POINT ( 'NONE',  ( -25.50915259998168239, 9.631077197506444421, -17.76190397092890194 ) ) ;
#4042 = DIRECTION ( 'NONE',  ( -0.000000000000000000, 1.000000000000000000, 0.000000000000000000 ) ) ;
#4043 = ORIENTED_EDGE ( 'NONE', *, *, #1387, .T. ) ;
#4044 = ORIENTED_EDGE ( 'NONE', *, *, #914, .T. ) ;
#4045 = CARTESIAN_POINT ( 'NONE',  ( 25.80142391516927702, 13.73300016101966747, -17.76190397092890194 ) ) ;
#4046 = CARTESIAN_POINT ( 'NONE',  ( -12.34318446461637997, 30.27084015211952561, -15.39987456719235759 ) ) ;
#4047 = DIRECTION ( 'NONE',  ( -1.000000000000000000, 0.000000000000000000, 0.000000000000000000 ) ) ;
#4048 = ADVANCED_FACE ( 'NONE', ( #2496 ), #325, .T. ) ;
#4049 = CARTESIAN_POINT ( 'NONE',  ( -2.639682399619476261, 15.96801568245351532, -19.74479145032419325 ) ) ;
#4050 = ORIENTED_EDGE ( 'NONE', *, *, #1735, .F. ) ;
#4051 = ORIENTED_EDGE ( 'NONE', *, *, #1159, .F. ) ;
#4052 = DIRECTION ( 'NONE',  ( -0.000000000000000000, -1.000000000000000000, -0.000000000000000000 ) ) ;
#4053 = CARTESIAN_POINT ( 'NONE',  ( 0.7210741646621710021, 15.85658392037041509, 19.63359679470925911 ) ) ;
#4054 = CARTESIAN_POINT ( 'NONE',  ( -25.90014662483072172, 13.13563403463530221, 17.57841006907110426 ) ) ;
#4055 = EDGE_CURVE ( 'NONE', #611, #1043, #4506, .T. ) ;
#4056 = CARTESIAN_POINT ( 'NONE',  ( 0.000000000000000000, -27.00000000000000355, 0.000000000000000000 ) ) ;
#4057 = CARTESIAN_POINT ( 'NONE',  ( -25.13911657952741407, 21.31695191384729782, -7.788991269475848966 ) ) ;
#4058 = CARTESIAN_POINT ( 'NONE',  ( -19.72991823001635581, 23.81152458838592523, -4.437198172638582960 ) ) ;
#4059 = ORIENTED_EDGE ( 'NONE', *, *, #4152, .F. ) ;
#4060 = ADVANCED_FACE ( 'NONE', ( #2613 ), #360, .F. ) ;
#4061 = ORIENTED_EDGE ( 'NONE', *, *, #290, .T. ) ;
#4062 = CARTESIAN_POINT ( 'NONE',  ( 22.10926522291496354, 22.52478426077427187, -0.09174695092890516879 ) ) ;
#4063 = CARTESIAN_POINT ( 'NONE',  ( -9.547970583869958006, 16.76290461595587900, 17.76991965568814891 ) ) ;
#4064 = CARTESIAN_POINT ( 'NONE',  ( -0.04936135483071932978, 38.06336991243877321, -0.09174695092890516879 ) ) ;
#4065 = CARTESIAN_POINT ( 'NONE',  ( -25.21016942240522241, -10.94286645015220927, -7.199486262991334762 ) ) ;
#4066 = EDGE_LOOP ( 'NONE', ( #2362, #1435, #4189, #4037, #2365, #3028 ) ) ;
#4067 = VERTEX_POINT ( 'NONE', #3692 ) ;
#4068 = CARTESIAN_POINT ( 'NONE',  ( -4.794438109387310298, 25.10981479003542560, -19.14322655557761266 ) ) ;
#4069 = CARTESIAN_POINT ( 'NONE',  ( -15.23666906858424497, 27.24909637987696343, -12.53458175584117207 ) ) ;
#4070 = DIRECTION ( 'NONE',  ( 0.000000000000000000, -1.000000000000000000, 0.000000000000000000 ) ) ;
#4071 = CARTESIAN_POINT ( 'NONE',  ( -17.23670764207871642, 24.22308443989907190, 10.18016032861180697 ) ) ;
#4072 = ORIENTED_EDGE ( 'NONE', *, *, #139, .T. ) ;
#4073 = CARTESIAN_POINT ( 'NONE',  ( 25.01545782094382275, -10.34689783648125072, 8.048240279728025470 ) ) ;
#4074 = DIRECTION ( 'NONE',  ( 1.000000000000000000, 0.000000000000000000, 0.000000000000000000 ) ) ;
#4075 = CARTESIAN_POINT ( 'NONE',  ( -25.21750609177701818, 7.423244293000306193, 17.57841006907109715 ) ) ;
#4076 = VECTOR ( 'NONE', #1652, 1000.000000000000000 ) ;
#4077 = EDGE_CURVE ( 'NONE', #3335, #92, #1960, .T. ) ;
#4078 = CARTESIAN_POINT ( 'NONE',  ( 25.55173661255291506, 0.08691363739301066760, 17.57841006907109715 ) ) ;
#4079 = CARTESIAN_POINT ( 'NONE',  ( -25.51726354391644946, 22.82501907295422328, -5.176942328676578775 ) ) ;
#4080 = CARTESIAN_POINT ( 'NONE',  ( -21.22523492344811658, 22.96285568126648968, -0.09174695092890604309 ) ) ;
#4081 = AXIS2_PLACEMENT_3D ( 'NONE', #3672, #1466, #1122 ) ;
#4082 = CARTESIAN_POINT ( 'NONE',  ( 0.000000000000000000, -27.00000000000000355, 0.000000000000000000 ) ) ;
#4083 = ORIENTED_EDGE ( 'NONE', *, *, #712, .F. ) ;
#4084 = CIRCLE ( 'NONE', #656, 19.55474809580329776 ) ;
#4085 = ORIENTED_EDGE ( 'NONE', *, *, #4484, .F. ) ;
#4086 = CARTESIAN_POINT ( 'NONE',  ( -22.20798793257640114, 5.357218168938772784, -17.25931304276440414 ) ) ;
#4087 = CARTESIAN_POINT ( 'NONE',  ( -21.22523492344811658, 22.96285568126648968, -0.09174695092890604309 ) ) ;
#4088 = CARTESIAN_POINT ( 'NONE',  ( -25.15774690739491248, -9.233338065720340992, 9.976982379950666058 ) ) ;
#4089 = EDGE_CURVE ( 'NONE', #3768, #4399, #3988, .T. ) ;
#4090 = CARTESIAN_POINT ( 'NONE',  ( -25.34300470758705970, -8.393348825623904830, -11.61538032346667748 ) ) ;
#4091 = CIRCLE ( 'NONE', #4311, 2.617801039999999357 ) ;
#4092 = VERTEX_POINT ( 'NONE', #3294 ) ;
#4093 = ORIENTED_EDGE ( 'NONE', *, *, #4055, .F. ) ;
#4094 = AXIS2_PLACEMENT_3D ( 'NONE', #2238, #1831, #432 ) ;
#4095 = CARTESIAN_POINT ( 'NONE',  ( -34.40800000483071130, 15.55908808105873220, 17.57841006907109360 ) ) ;
#4096 = DIRECTION ( 'NONE',  ( -0.000000000000000000, 1.000000000000000000, -0.000000000000000000 ) ) ;
#4097 = VERTEX_POINT ( 'NONE', #4462 ) ;
#4098 = CARTESIAN_POINT ( 'NONE',  ( 21.64722906804010449, 22.46364031506425007, -4.159654187342956888 ) ) ;
#4099 = AXIS2_PLACEMENT_3D ( 'NONE', #3094, #1734, #978 ) ;
#4100 = CARTESIAN_POINT ( 'NONE',  ( 25.73803953927554033, 24.13348897211318089, 2.727112081300916646 ) ) ;
#4101 = ORIENTED_EDGE ( 'NONE', *, *, #4206, .T. ) ;
#4102 = LINE ( 'NONE', #595, #1990 ) ;
#4103 = CIRCLE ( 'NONE', #3873, 14.56151828499999823 ) ;
#4104 = LINE ( 'NONE', #2600, #3557 ) ;
#4105 = CARTESIAN_POINT ( 'NONE',  ( -12.74665856030513922, 49.42576294137244020, 5.167645757060631340 ) ) ;
#4106 = CARTESIAN_POINT ( 'NONE',  ( -15.35981280331762022, 23.74966199862840810, -12.38259466056165969 ) ) ;
#4107 = CARTESIAN_POINT ( 'NONE',  ( -25.88396337992168128, 24.45431232715019121, -2.354923631979950471 ) ) ;
#4108 = CARTESIAN_POINT ( 'NONE',  ( -2.883883753455438015, 14.64542007713873595, -19.96370883849404976 ) ) ;
#4109 = ADVANCED_FACE ( 'NONE', ( #3784 ), #208, .F. ) ;
#4110 = CARTESIAN_POINT ( 'NONE',  ( 25.66662033654154840, -6.841692191906371789, -14.30292844896672833 ) ) ;
#4111 = VERTEX_POINT ( 'NONE', #2083 ) ;
#4112 = CARTESIAN_POINT ( 'NONE',  ( 22.10926522291495999, -11.81034792289671032, -17.25931304276438638 ) ) ;
#4113 = CARTESIAN_POINT ( 'NONE',  ( -9.777551894465197790, 16.42104005057992566, 17.93211568921686805 ) ) ;
#4114 = LINE ( 'NONE', #4510, #3118 ) ;
#4115 = B_SPLINE_CURVE_WITH_KNOTS ( 'NONE', 3,
 ( #1625, #3432, #2746, #4571, #2769, #3398, #2350, #2050, #3472, #1360, #643, #3052, #2075, #2420, #4106, #4181, #4552, #1343, #573, #265, #1695, #3120, #1972, #4199, #4502 ),
 .UNSPECIFIED., .F., .F.,
 ( 4, 2, 1, 2, 2, 2, 1, 2, 2, 2, 1, 2, 2, 4 ),
 ( 0.000000000000000000, 0.1249999999999946709, 0.1874999999999920064, 0.2187499999999905909, 0.2499999999999891753, 0.3749999999999827360, 0.4374999999999811262, 0.4687499999999802935, 0.4999999999999794609, 0.6249999999999751310, 0.6874999999999742428, 0.7187499999999751310, 0.7499999999999760192, 1.000000000000000000 ),
 .UNSPECIFIED. ) ;
#4116 = CARTESIAN_POINT ( 'NONE',  ( 25.80142391516927702, 5.357218168938772784, -0.09174695092890516879 ) ) ;
#4117 = CARTESIAN_POINT ( 'NONE',  ( 14.48940466151258022, 41.35198246893876473, 0.7219467791740388218 ) ) ;
#4118 = VERTEX_POINT ( 'NONE', #1682 ) ;
#4119 = VERTEX_POINT ( 'NONE', #2387 ) ;
#4120 = CARTESIAN_POINT ( 'NONE',  ( -25.77536390277332501, 17.50898350485582000, 14.20109212560848810 ) ) ;
#4121 = CARTESIAN_POINT ( 'NONE',  ( 25.04039386986597648, 4.043360415483038039, -17.76190397092889484 ) ) ;
#4122 = DIRECTION ( 'NONE',  ( 1.000000000000000000, 0.000000000000000000, 0.000000000000000000 ) ) ;
#4123 = PLANE ( 'NONE',  #2889 ) ;
#4124 = VERTEX_POINT ( 'NONE', #3083 ) ;
#4125 = CARTESIAN_POINT ( 'NONE',  ( 25.46837826890625678, -12.28216355452866715, 4.696261729923635109 ) ) ;
#4126 = DIRECTION ( 'NONE',  ( -1.000000000000000000, 0.000000000000000000, 0.000000000000000000 ) ) ;
#4127 = CARTESIAN_POINT ( 'NONE',  ( -25.20186323824330188, 7.268858973459948913, 17.57841006907110426 ) ) ;
#4128 = DIRECTION ( 'NONE',  ( 0.000000000000000000, 0.000000000000000000, 1.000000000000000000 ) ) ;
#4129 =( LENGTH_UNIT ( ) NAMED_UNIT ( * ) SI_UNIT ( .MILLI., .METRE. ) );
#4130 = CARTESIAN_POINT ( 'NONE',  ( -25.22415028085761080, 21.72460418391056791, -7.082916825905472891 ) ) ;
#4131 = CARTESIAN_POINT ( 'NONE',  ( -14.72991107887848372, 19.23026464825925075, 14.58261699927757071 ) ) ;
#4132 = DIRECTION ( 'NONE',  ( 1.000000000000000000, 0.000000000000000000, 0.000000000000000000 ) ) ;
#4133 = PRODUCT ( 'inner stopper of waste valve custom nv', 'inner stopper of waste valve custom nv', '', ( #2550 ) ) ;
#4134 = EDGE_LOOP ( 'NONE', ( #4430, #3295, #504, #2026, #481, #1664, #35, #4381, #1338, #723, #4513, #636 ) ) ;
#4135 = FACE_OUTER_BOUND ( 'NONE', #903, .T. ) ;
#4136 = CARTESIAN_POINT ( 'NONE',  ( -25.09928911423256892, -10.25580143144612322, 8.206023881635726269 ) ) ;
#4137 = CARTESIAN_POINT ( 'NONE',  ( -14.92517034980065205, 48.15826517293877629, -0.09174695092890954029 ) ) ;
#4138 = DIRECTION ( 'NONE',  ( 1.000000000000000000, 0.000000000000000000, 0.000000000000000000 ) ) ;
#4139 = ORIENTED_EDGE ( 'NONE', *, *, #3551, .T. ) ;
#4140 = EDGE_CURVE ( 'NONE', #3851, #4118, #1266, .T. ) ;
#4141 = VERTEX_POINT ( 'NONE', #251 ) ;
#4142 = CARTESIAN_POINT ( 'NONE',  ( -25.22986770882140206, 19.56898230645492376, 10.63306953770783103 ) ) ;
#4143 = DIRECTION ( 'NONE',  ( -0.000000000000000000, 1.000000000000000000, 0.000000000000000000 ) ) ;
#4144 = VERTEX_POINT ( 'NONE', #4559 ) ;
#4145 = CARTESIAN_POINT ( 'NONE',  ( 0.000000000000000000, -27.00000000000000355, 0.000000000000000000 ) ) ;
#4146 = CARTESIAN_POINT ( 'NONE',  ( 7.286240166128813200, 17.80482341410766267, 18.19530067648601701 ) ) ;
#4147 = EDGE_LOOP ( 'NONE', ( #3250, #218, #1074, #4389, #1, #3597 ) ) ;
#4148 = DIRECTION ( 'NONE',  ( -0.9927337820337078789, -0.1203313675192411863, 0.000000000000000000 ) ) ;
#4149 = CARTESIAN_POINT ( 'NONE',  ( 25.80142391516927702, 5.357218168938772784, -0.09174695092890516879 ) ) ;
#4150 = DIRECTION ( 'NONE',  ( 0.000000000000000000, 8.546500828371390138E-16, 1.000000000000000000 ) ) ;
#4151 = CARTESIAN_POINT ( 'NONE',  ( -14.69356210920560812, 22.33594390557939136, -13.16763570778528347 ) ) ;
#4152 = EDGE_CURVE ( 'NONE', #4012, #1043, #233, .T. ) ;
#4153 = VECTOR ( 'NONE', #1953, 1000.000000000000000 ) ;
#4154 = CARTESIAN_POINT ( 'NONE',  ( 0.000000000000000000, -27.00000000000000355, 2.000000000000000000 ) ) ;
#4155 = CARTESIAN_POINT ( 'NONE',  ( -25.21812614596692015, 19.62402434663138706, -10.72122782942778230 ) ) ;
#4156 = VECTOR ( 'NONE', #1480, 1000.000000000000000 ) ;
#4157 = CARTESIAN_POINT ( 'NONE',  ( 25.46837826890608625, -7.609009843954272156, -12.97389529007531017 ) ) ;
#4158 = VERTEX_POINT ( 'NONE', #556 ) ;
#4159 = PRODUCT_DEFINITION_CONTEXT ( 'detailed design', #1868, 'design' ) ;
#4160 = DIRECTION ( 'NONE',  ( 1.000000000000000000, 0.000000000000000000, 0.000000000000000000 ) ) ;
#4161 = VECTOR ( 'NONE', #1800, 1000.000000000000000 ) ;
#4162 = PLANE ( 'NONE',  #2135 ) ;
#4163 = PLANE ( 'NONE',  #1700 ) ;
#4164 = VERTEX_POINT ( 'NONE', #936 ) ;
#4165 = CIRCLE ( 'NONE', #2443, 19.96073292999999893 ) ;
#4166 = ORIENTED_EDGE ( 'NONE', *, *, #4200, .T. ) ;
#4167 = DIRECTION ( 'NONE',  ( 0.000000000000000000, 0.5000000000000003331, 0.8660254037844383745 ) ) ;
#4168 = DIRECTION ( 'NONE',  ( -1.000000000000000000, -0.000000000000000000, 0.000000000000000000 ) ) ;
#4169 = VECTOR ( 'NONE', #2385, 1000.000000000000000 ) ;
#4170 = CARTESIAN_POINT ( 'NONE',  ( -25.90014662483071817, 5.357218168938767455, -0.09174695092890516879 ) ) ;
#4171 = EDGE_CURVE ( 'NONE', #348, #745, #293, .T. ) ;
#4172 = VECTOR ( 'NONE', #3234, 1000.000000000000000 ) ;
#4173 = CARTESIAN_POINT ( 'NONE',  ( -13.52475714578791610, 21.38794036784090125, 14.66638826063354806 ) ) ;
#4174 = VERTEX_POINT ( 'NONE', #2776 ) ;
#4175 = CARTESIAN_POINT ( 'NONE',  ( -10.56814677080980580, 41.35198246893876473, -10.61053236690799118 ) ) ;
#4176 = DIRECTION ( 'NONE',  ( 0.000000000000000000, 1.000000000000000000, -6.098889046747715678E-17 ) ) ;
#4177 = DIRECTION ( 'NONE',  ( -0.8643483377093785780, -0.5028935783036347917, 1.058521425124125840E-16 ) ) ;
#4178 = AXIS2_PLACEMENT_3D ( 'NONE', #2743, #3535, #3798 ) ;
#4179 = CARTESIAN_POINT ( 'NONE',  ( 25.80142391516927702, 25.76095799317868540, -0.09174695092891904658 ) ) ;
#4180 = VECTOR ( 'NONE', #4626, 1000.000000000000000 ) ;
#4181 = CARTESIAN_POINT ( 'NONE',  ( -15.31204515423793566, 23.59563603322259340, -12.44200325981375066 ) ) ;
#4182 = CARTESIAN_POINT ( 'NONE',  ( 34.30927729516927371, 5.357218168938772784, -0.09174695092890516879 ) ) ;
#4183 = AXIS2_PLACEMENT_3D ( 'NONE', #1453, #3566, #1087 ) ;
#4184 = CARTESIAN_POINT ( 'NONE',  ( 25.13114499917014655, -11.03662742995033952, -7.037087482213524758 ) ) ;
#4185 = ORIENTED_EDGE ( 'NONE', *, *, #1576, .T. ) ;
#4186 = DIRECTION ( 'NONE',  ( 0.000000000000000000, -1.000000000000000000, 0.000000000000000000 ) ) ;
#4187 = FACE_OUTER_BOUND ( 'NONE', #845, .T. ) ;
#4188 = CARTESIAN_POINT ( 'NONE',  ( 25.80142391516927702, 5.357218168938769232, -0.09174695092890516879 ) ) ;
#4189 = ORIENTED_EDGE ( 'NONE', *, *, #1740, .T. ) ;
#4190 = DIRECTION ( 'NONE',  ( 0.000000000000000000, 0.000000000000000000, -1.000000000000000000 ) ) ;
#4191 = PLANE ( 'NONE',  #726 ) ;
#4192 = CARTESIAN_POINT ( 'NONE',  ( -10.56814677080980580, 41.35198246893876473, 10.42703846505018284 ) ) ;
#4193 = CARTESIAN_POINT ( 'NONE',  ( 25.59675346621361669, 23.46541425433634132, 3.884251435742656522 ) ) ;
#4194 = EDGE_LOOP ( 'NONE', ( #1164, #3131 ) ) ;
#4195 = CARTESIAN_POINT ( 'NONE',  ( 25.75826859541185598, -13.48176407921391018, 2.618492672382511266 ) ) ;
#4196 = CARTESIAN_POINT ( 'NONE',  ( 25.80142391516927702, 5.357218168938772784, -0.09174695092890516879 ) ) ;
#4197 = DIRECTION ( 'NONE',  ( 1.000000000000000000, 0.000000000000000000, 0.000000000000000000 ) ) ;
#4198 = ORIENTED_EDGE ( 'NONE', *, *, #1061, .F. ) ;
#4199 = CARTESIAN_POINT ( 'NONE',  ( -14.83604006475038517, 22.55000252911539604, -13.00968756149910455 ) ) ;
#4200 = EDGE_CURVE ( 'NONE', #3676, #3831, #216, .T. ) ;
#4201 = CARTESIAN_POINT ( 'NONE',  ( -22.01226838533919405, 22.61240139924662174, -0.09174695092890608472 ) ) ;
#4202 = CARTESIAN_POINT ( 'NONE',  ( -0.04936135483071932978, 41.35198246893876473, -0.09174695092890516879 ) ) ;
#4203 = ORIENTED_EDGE ( 'NONE', *, *, #1080, .T. ) ;
#4204 = LINE ( 'NONE', #2355, #2796 ) ;
#4205 = CARTESIAN_POINT ( 'NONE',  ( -25.76993563594659520, -6.820297397365147063, 14.15649141827181623 ) ) ;
#4206 = EDGE_CURVE ( 'NONE', #3289, #1939, #2896, .T. ) ;
#4207 = ORIENTED_EDGE ( 'NONE', *, *, #3575, .F. ) ;
#4208 = PLANE ( 'NONE',  #2954 ) ;
#4209 = CARTESIAN_POINT ( 'NONE',  ( 34.30927729516927371, 15.55908808105873220, 17.57841006907109360 ) ) ;
#4210 = DIRECTION ( 'NONE',  ( 1.000000000000000000, 0.000000000000000000, 0.000000000000000000 ) ) ;
#4211 = CARTESIAN_POINT ( 'NONE',  ( 25.67158641261537966, 17.53297606206582770, 14.15953579751725400 ) ) ;
#4212 = ORIENTED_EDGE ( 'NONE', *, *, #4543, .T. ) ;
#4213 = CARTESIAN_POINT ( 'NONE',  ( -25.74697549668334773, -0.6765250661417100408, 17.57841006907111492 ) ) ;
#4214 = CARTESIAN_POINT ( 'NONE',  ( 2.449293598294706414E-16, -27.00000000000000355, -2.000000000000000000 ) ) ;
#4215 = CARTESIAN_POINT ( 'NONE',  ( 34.30927729516927371, -4.844651743181184855, 17.57841006907109360 ) ) ;
#4216 = EDGE_LOOP ( 'NONE', ( #2126, #1985, #3062, #302 ) ) ;
#4217 = PLANE ( 'NONE',  #340 ) ;
#4218 = DIRECTION ( 'NONE',  ( 0.000000000000000000, 0.000000000000000000, 1.000000000000000000 ) ) ;
#4219 = CARTESIAN_POINT ( 'NONE',  ( -18.68748919974927603, 21.49165936254052411, -10.13375619345999112 ) ) ;
#4220 = DIRECTION ( 'NONE',  ( 0.000000000000000000, -1.000000000000000000, 0.000000000000000000 ) ) ;
#4221 =( BOUNDED_CURVE ( )  B_SPLINE_CURVE ( 2, ( #2668, #4105, #570 ),
 .UNSPECIFIED., .F., .F. ) 
 B_SPLINE_CURVE_WITH_KNOTS ( ( 3, 3 ),
 ( 0.000000000000000000, 1.751308635449589923 ),
 .UNSPECIFIED. ) 
 CURVE ( )  GEOMETRIC_REPRESENTATION_ITEM ( )  RATIONAL_B_SPLINE_CURVE ( ( 1.000000000000000000, 1.082392200292400020, 1.000000000000000000 ) ) 
 REPRESENTATION_ITEM ( '' )  );
#4222 = EDGE_CURVE ( 'NONE', #1778, #30, #584, .T. ) ;
#4223 = CONICAL_SURFACE ( 'NONE', #2204, 13.97593988746993077, 1.043853099605470236 ) ;
#4224 = CARTESIAN_POINT ( 'NONE',  ( 0.000000000000000000, -25.00000000000000000, 0.000000000000000000 ) ) ;
#4225 = DIRECTION ( 'NONE',  ( 0.000000000000000000, 1.000000000000000000, 0.000000000000000000 ) ) ;
#4226 = AXIS2_PLACEMENT_3D ( 'NONE', #781, #1879, #2208 ) ;
#4227 = CARTESIAN_POINT ( 'NONE',  ( -25.49219759059733903, 1.200327510054952640, -17.76190397092891260 ) ) ;
#4228 = ORIENTED_EDGE ( 'NONE', *, *, #2432, .T. ) ;
#4229 = CIRCLE ( 'NONE', #1458, 1.304999999999999938 ) ;
#4230 = DIRECTION ( 'NONE',  ( -0.000000000000000000, 1.000000000000000000, 0.000000000000000000 ) ) ;
#4231 = ADVANCED_FACE ( 'NONE', ( #2756 ), #1931, .F. ) ;
#4232 = FACE_OUTER_BOUND ( 'NONE', #4560, .T. ) ;
#4233 = CARTESIAN_POINT ( 'NONE',  ( -22.01226838533919405, 22.61240139924662529, -0.09174695092890562675 ) ) ;
#4234 = VECTOR ( 'NONE', #1357, 1000.000000000000000 ) ;
#4235 = EDGE_LOOP ( 'NONE', ( #1306, #4485 ) ) ;
#4236 = DIRECTION ( 'NONE',  ( -1.000000000000000000, 0.000000000000000000, 0.000000000000000000 ) ) ;
#4237 = ORIENTED_EDGE ( 'NONE', *, *, #3536, .T. ) ;
#4238 = VECTOR ( 'NONE', #2151, 1000.000000000000000 ) ;
#4239 = CARTESIAN_POINT ( 'NONE',  ( -25.60749589191498998, 0.3924508727581663137, 17.57841006907110071 ) ) ;
#4240 = CARTESIAN_POINT ( 'NONE',  ( -9.152749566040744966, 30.61466997356340514, -17.48730617891193617 ) ) ;
#4241 = LINE ( 'NONE', #2785, #2154 ) ;
#4242 = CONICAL_SURFACE ( 'NONE', #887, 12.48093780438496303, 0.03123964828144646863 ) ;
#4243 = ORIENTED_EDGE ( 'NONE', *, *, #257, .T. ) ;
#4244 = CARTESIAN_POINT ( 'NONE',  ( 25.11940343630548966, 7.429215549913384287, -17.76190397092889839 ) ) ;
#4245 = VECTOR ( 'NONE', #1692, 1000.000000000000114 ) ;
#4246 = CARTESIAN_POINT ( 'NONE',  ( 14.53699299403588796, 21.71017350402201629, -13.64122318932249378 ) ) ;
#4247 = DIRECTION ( 'NONE',  ( 1.000000000000000000, 0.000000000000000000, 0.000000000000000000 ) ) ;
#4248 = AXIS2_PLACEMENT_3D ( 'NONE', #4145, #2043, #281 ) ;
#4249 = CARTESIAN_POINT ( 'NONE',  ( 20.58676592019870100, 5.357218168938772784, -0.09174695092890516879 ) ) ;
#4250 = EDGE_CURVE ( 'NONE', #697, #2589, #668, .T. ) ;
#4251 = CARTESIAN_POINT ( 'NONE',  ( -0.04936135483071932978, 40.69753220893876744, -0.09174695092890516879 ) ) ;
#4252 = VECTOR ( 'NONE', #2734, 1000.000000000000000 ) ;
#4253 = CARTESIAN_POINT ( 'NONE',  ( -25.85699130507329713, -1.715136591037517810, -17.76190397092890905 ) ) ;
#4254 = VERTEX_POINT ( 'NONE', #3849 ) ;
#4255 = AXIS2_PLACEMENT_3D ( 'NONE', #79, #428, #1499 ) ;
#4256 = DIRECTION ( 'NONE',  ( 0.000000000000000000, 0.000000000000000000, -1.000000000000000000 ) ) ;
#4257 = CARTESIAN_POINT ( 'NONE',  ( 34.30927729516927371, -4.844651743181184855, 17.57841006907109360 ) ) ;
#4258 = CARTESIAN_POINT ( 'NONE',  ( -22.20798793257640114, 5.357218168938775449, -17.25931304276440770 ) ) ;
#4259 = EDGE_LOOP ( 'NONE', ( #2523, #933, #1308 ) ) ;
#4260 = EDGE_CURVE ( 'NONE', #3664, #974, #4511, .T. ) ;
#4261 = CARTESIAN_POINT ( 'NONE',  ( 25.67065075374071270, 17.53737555582403473, 14.15191565080047553 ) ) ;
#4262 = ORIENTED_EDGE ( 'NONE', *, *, #3701, .T. ) ;
#4263 = DIRECTION ( 'NONE',  ( 0.000000000000000000, 0.000000000000000000, 1.000000000000000000 ) ) ;
#4264 = CARTESIAN_POINT ( 'NONE',  ( -4.794471331022875482, 25.50937841388686422, -19.14321828116404234 ) ) ;
#4265 = DIRECTION ( 'NONE',  ( 0.000000000000000000, 0.000000000000000000, 1.000000000000000000 ) ) ;
#4266 = EDGE_CURVE ( 'NONE', #1062, #3414, #2018, .T. ) ;
#4267 = ORIENTED_EDGE ( 'NONE', *, *, #1115, .F. ) ;
#4268 = CARTESIAN_POINT ( 'NONE',  ( 25.34336741534497506, 9.165309055788236847, -17.76190397092889839 ) ) ;
#4269 = CARTESIAN_POINT ( 'NONE',  ( -9.167930686912633576, 17.42597538754734998, 17.59565386677844501 ) ) ;
#4270 = CARTESIAN_POINT ( 'NONE',  ( 25.62113246653634135, 23.56737744948022950, -3.891139903109215759 ) ) ;
#4271 = CARTESIAN_POINT ( 'NONE',  ( 25.00054300605775026, 5.046891127666643939, 17.57841006907108294 ) ) ;
#4272 = CARTESIAN_POINT ( 'NONE',  ( -25.71985517620045769, -7.038232286861786591, 13.77901711692172881 ) ) ;
#4273 = CARTESIAN_POINT ( 'NONE',  ( -25.56710097857567021, 0.6840644582969391818, -17.76190397092890549 ) ) ;
#4274 = ORIENTED_EDGE ( 'NONE', *, *, #2676, .F. ) ;
#4275 = LINE ( 'NONE', #990, #3852 ) ;
#4276 = CARTESIAN_POINT ( 'NONE',  ( 0.000000000000000000, -27.00000000000000355, 0.000000000000000000 ) ) ;
#4277 = FACE_OUTER_BOUND ( 'NONE', #3795, .T. ) ;
#4278 = ORIENTED_EDGE ( 'NONE', *, *, #3996, .F. ) ;
#4279 = EDGE_CURVE ( 'NONE', #2035, #2848, #4534, .T. ) ;
#4280 = ADVANCED_FACE ( 'NONE', ( #3810 ), #654, .T. ) ;
#4281 = ORIENTED_EDGE ( 'NONE', *, *, #1711, .T. ) ;
#4282 = DIRECTION ( 'NONE',  ( 1.000000000000000000, 0.000000000000000000, 0.000000000000000000 ) ) ;
#4283 = DIRECTION ( 'NONE',  ( 0.000000000000000000, -0.4999999999999999445, 0.8660254037844387076 ) ) ;
#4284 = DIRECTION ( 'NONE',  ( -1.000000000000000000, -0.000000000000000000, -0.000000000000000000 ) ) ;
#4285 = ORIENTED_EDGE ( 'NONE', *, *, #1171, .F. ) ;
#4286 = DIRECTION ( 'NONE',  ( -1.000000000000000000, 0.000000000000000000, 0.000000000000000000 ) ) ;
#4287 = CARTESIAN_POINT ( 'NONE',  ( 19.65916847082942098, 25.61342434332676987, 2.956993121637782274 ) ) ;
#4288 = EDGE_CURVE ( 'NONE', #605, #2281, #4103, .T. ) ;
#4289 = CARTESIAN_POINT ( 'NONE',  ( 25.67330326714981936, 17.52486021086830803, -14.35708676599585054 ) ) ;
#4290 = DIRECTION ( 'NONE',  ( 0.000000000000000000, 1.000000000000000000, 0.000000000000000000 ) ) ;
#4291 = CARTESIAN_POINT ( 'NONE',  ( -34.40800000483071130, -4.844651743181184855, 17.57841006907109360 ) ) ;
#4292 = DIRECTION ( 'NONE',  ( 0.000000000000000000, 1.000000000000000000, -6.098889046747715678E-17 ) ) ;
#4293 = VERTEX_POINT ( 'NONE', #988 ) ;
#4294 = CARTESIAN_POINT ( 'NONE',  ( -25.24224807924712266, 7.650324421152491006, -17.76190397092890905 ) ) ;
#4295 = LINE ( 'NONE', #1094, #4463 ) ;
#4296 = CARTESIAN_POINT ( 'NONE',  ( -5.308754062820255193, 49.42576294137244020, 12.60555025454551448 ) ) ;
#4297 = VERTEX_POINT ( 'NONE', #3760 ) ;
#4298 = AXIS2_PLACEMENT_3D ( 'NONE', #3166, #4595, #2879 ) ;
#4299 = ORIENTED_EDGE ( 'NONE', *, *, #3660, .F. ) ;
#4300 = CARTESIAN_POINT ( 'NONE',  ( -25.22140975618178871, 3.253867152359037007, 17.57841006907110071 ) ) ;
#4301 = CARTESIAN_POINT ( 'NONE',  ( -9.332770726709686215, 30.64673479179158377, -17.39185085949202758 ) ) ;
#4302 = CIRCLE ( 'NONE', #651, 17.16756609183550353 ) ;
#4303 = CARTESIAN_POINT ( 'NONE',  ( 34.30927729516927371, 15.55908808105873220, -17.76190397092890194 ) ) ;
#4304 = ADVANCED_FACE ( 'NONE', ( #3480 ), #1982, .T. ) ;
#4305 = ADVANCED_FACE ( 'NONE', ( #1050 ), #1790, .T. ) ;
#4306 = VECTOR ( 'NONE', #1613, 1000.000000000000000 ) ;
#4307 = ORIENTED_EDGE ( 'NONE', *, *, #3719, .T. ) ;
#4308 = CARTESIAN_POINT ( 'NONE',  ( 25.38489064466683232, 9.454696968561997039, -17.76190397092889839 ) ) ;
#4309 = CARTESIAN_POINT ( 'NONE',  ( -2.387237418930060251, 15.89021109396547260, 19.44796386195154625 ) ) ;
#4310 = CARTESIAN_POINT ( 'NONE',  ( 25.41042989032096244, 18.52309352283252863, -12.62809595186605272 ) ) ;
#4311 = AXIS2_PLACEMENT_3D ( 'NONE', #1419, #1370, #3528 ) ;
#4312 = ADVANCED_FACE ( 'NONE', ( #2514 ), #1724, .T. ) ;
#4313 = VECTOR ( 'NONE', #2025, 1000.000000000000000 ) ;
#4314 = CARTESIAN_POINT ( 'NONE',  ( 25.11785575986176156, 3.300139530002799582, 17.57841006907109005 ) ) ;
#4315 = LINE ( 'NONE', #2513, #4172 ) ;
#4316 = CARTESIAN_POINT ( 'NONE',  ( -34.40800000483071130, -15.04652165530114338, -0.09174695092889852133 ) ) ;
#4317 = AXIS2_PLACEMENT_3D ( 'NONE', #4524, #3140, #4568 ) ;
#4318 = CARTESIAN_POINT ( 'NONE',  ( 25.67214315252897450, -13.07526047196968122, -3.506071475447341879 ) ) ;
#4319 = AXIS2_PLACEMENT_3D ( 'NONE', #2845, #2173, #3967 ) ;
#4320 = CARTESIAN_POINT ( 'NONE',  ( -25.51726354391994178, 9.687210240642674108, -17.76190397092890905 ) ) ;
#4321 =( NAMED_UNIT ( * ) SI_UNIT ( $, .STERADIAN. ) SOLID_ANGLE_UNIT ( ) );
#4322 = CARTESIAN_POINT ( 'NONE',  ( -25.77202597681124274, -6.810423872991223426, -14.35708676599504585 ) ) ;
#4323 = EDGE_LOOP ( 'NONE', ( #3035, #1678, #3530, #1713 ) ) ;
#4324 = ORIENTED_EDGE ( 'NONE', *, *, #163, .F. ) ;
#4325 = CARTESIAN_POINT ( 'NONE',  ( -9.877779036898044041, 19.92821415631092918, -17.08820064115187520 ) ) ;
#4326 = CARTESIAN_POINT ( 'NONE',  ( -15.30787778506279295, 27.04797147668280033, -12.44700575299948930 ) ) ;
#4327 = DIRECTION ( 'NONE',  ( 0.000000000000000000, 1.000000000000000000, 0.000000000000000000 ) ) ;
#4328 = CARTESIAN_POINT ( 'NONE',  ( -2.353056203315238459, 16.13172996238151313, 19.45069558483233862 ) ) ;
#4329 = ORIENTED_EDGE ( 'NONE', *, *, #1251, .T. ) ;
#4330 = CARTESIAN_POINT ( 'NONE',  ( 25.50877318225286672, -7.463203051153806555, 13.04294616143659091 ) ) ;
#4331 = CARTESIAN_POINT ( 'NONE',  ( 17.76940080032966662, 24.71617943185556143, -9.021761326457983898 ) ) ;
#4332 = CARTESIAN_POINT ( 'NONE',  ( 25.46837826890922329, 22.99659989241622782, -4.879755631764121304 ) ) ;
#4333 = EDGE_CURVE ( 'NONE', #2310, #2782, #4621, .T. ) ;
#4334 = CARTESIAN_POINT ( 'NONE',  ( 0.6094223824907665232, 5.357218168938795877, 1.213100827027545181 ) ) ;
#4335 = CARTESIAN_POINT ( 'NONE',  ( -22.01226838533919405, 22.61240139924662174, -1.616698705093117416 ) ) ;
#4336 = CARTESIAN_POINT ( 'NONE',  ( -0.04936135483071879548, 41.35198246893876473, 14.78406204404102908 ) ) ;
#4337 = CARTESIAN_POINT ( 'NONE',  ( 25.70735880413549879, -13.24969974076488199, -3.203933799058874765 ) ) ;
#4338 = CARTESIAN_POINT ( 'NONE',  ( 25.05902419773516598, 19.94777440356224929, 9.976982380012367813 ) ) ;
#4339 = CARTESIAN_POINT ( 'NONE',  ( -0.7081450921521601494, 5.357218168938772784, -0.09174695092890516879 ) ) ;
#4340 = ADVANCED_FACE ( 'NONE', ( #1811 ), #696, .T. ) ;
#4341 = DIRECTION ( 'NONE',  ( 0.000000000000000000, 0.000000000000000000, -1.000000000000000000 ) ) ;
#4342 = B_SPLINE_CURVE_WITH_KNOTS ( 'NONE', 3,
 ( #1541, #4345, #3971, #4418, #95, #1894, #1194, #773, #3346, #1515, #2247, #3320, #2197, #2294, #146, #2996, #1218, #3673, #118, #2917, #3720, #1942, #2970, #4394, #3621, #2941, #2616, #70, #1492, #1142, #2566, #4121, #2391, #4539 ),
 .UNSPECIFIED., .F., .F.,
 ( 4, 1, 1, 1, 1, 1, 1, 1, 2, 2, 1, 1, 1, 1, 2, 2, 1, 1, 1, 1, 1, 1, 1, 2, 2, 4 ),
 ( 0.000000000000000000, 0.06249999999999508726, 0.09374999999999263089, 0.1093749999999913680, 0.1171874999999907574, 0.1210937499999904382, 0.1230468749999902994, 0.1240234374999902717, 0.1245117187499902717, 0.1249999999999902578, 0.1874999999999935052, 0.2187499999999951705, 0.2343749999999960032, 0.2421874999999964195, 0.2460937499999966138, 0.2499999999999967804, 0.3125000000000000000, 0.3437500000000016098, 0.3593750000000023870, 0.3671875000000027756, 0.3710937500000029976, 0.3730468750000029976, 0.3740234375000029421, 0.3745117187500029421, 0.3750000000000028866, 0.5000000000000000000 ),
 .UNSPECIFIED. ) ;
#4343 = ORIENTED_EDGE ( 'NONE', *, *, #4077, .T. ) ;
#4344 = CARTESIAN_POINT ( 'NONE',  ( -6.890868540144871268, 21.04677597447864557, -18.49490159452784255 ) ) ;
#4345 = CARTESIAN_POINT ( 'NONE',  ( 25.80142391516927702, -2.720032110363921340, -17.76190397092889128 ) ) ;
#4346 = CARTESIAN_POINT ( 'NONE',  ( 34.30927729516927371, -15.04652165530114338, -0.09174695092889822989 ) ) ;
#4347 = CARTESIAN_POINT ( 'NONE',  ( 10.70474732710521160, 19.64394391443790866, 16.52340874484822564 ) ) ;
#4348 = ORIENTED_EDGE ( 'NONE', *, *, #1941, .F. ) ;
#4349 = CARTESIAN_POINT ( 'NONE',  ( 25.70735880413550589, -6.641473657718036883, 14.46622322094009583 ) ) ;
#4350 = CARTESIAN_POINT ( 'NONE',  ( 4.032617612470617452, 16.46320510140764881, 19.23511024517979351 ) ) ;
#4351 = CARTESIAN_POINT ( 'NONE',  ( 25.04039386986597293, 20.00309416040642319, -10.06465965235375037 ) ) ;
#4352 =( NAMED_UNIT ( * ) PLANE_ANGLE_UNIT ( ) SI_UNIT ( $, .RADIAN. ) );
#4353 = CARTESIAN_POINT ( 'NONE',  ( 25.34336741534750459, 1.549127282071444345, 17.57841006907109005 ) ) ;
#4354 = CARTESIAN_POINT ( 'NONE',  ( 0.8124817686698054819, 14.26324537477092314, 19.98665661655430270 ) ) ;
#4355 = CARTESIAN_POINT ( 'NONE',  ( -14.12689545836153293, 21.62028597628910376, -13.78942565831457756 ) ) ;
#4356 = EDGE_CURVE ( 'NONE', #269, #888, #724, .T. ) ;
#4357 = CARTESIAN_POINT ( 'NONE',  ( 25.67263159927027871, -13.07756902845374292, -3.502072938324804596 ) ) ;
#4358 = EDGE_LOOP ( 'NONE', ( #3898, #3471 ) ) ;
#4359 = CARTESIAN_POINT ( 'NONE',  ( 22.10926522291495999, 22.52478426077425411, 17.07581914090657804 ) ) ;
#4360 = CARTESIAN_POINT ( 'NONE',  ( -22.01226838533919405, 22.61240139924662174, -0.09174695092890608472 ) ) ;
#4361 = CARTESIAN_POINT ( 'NONE',  ( -15.59255502983071828, 25.31795109893877083, -19.72525475092890446 ) ) ;
#4362 = CARTESIAN_POINT ( 'NONE',  ( -25.50915259997925588, -7.808657184968819998, -12.62809595184209854 ) ) ;
#4363 = ORIENTED_EDGE ( 'NONE', *, *, #3027, .F. ) ;
#4364 = EDGE_CURVE ( 'NONE', #1505, #3733, #763, .T. ) ;
#4365 = EDGE_LOOP ( 'NONE', ( #918, #2773, #2937, #3593, #1954, #3488 ) ) ;
#4366 = CYLINDRICAL_SURFACE ( 'NONE', #3486, 19.63350779999999673 ) ;
#4367 = CARTESIAN_POINT ( 'NONE',  ( -13.44701685350695008, 29.62904789685636686, -14.44475592072308956 ) ) ;
#4368 = CARTESIAN_POINT ( 'NONE',  ( -19.87920423283071614, 38.07973116893877119, -0.09174695092890516879 ) ) ;
#4369 = CIRCLE ( 'NONE', #2361, 9.000000000000000000 ) ;
#4370 = DIRECTION ( 'NONE',  ( -0.000000000000000000, -1.000000000000000000, -0.000000000000000000 ) ) ;
#4371 = VERTEX_POINT ( 'NONE', #2884 ) ;
#4372 = VECTOR ( 'NONE', #631, 1000.000000000000000 ) ;
#4373 = DIRECTION ( 'NONE',  ( 0.000000000000000000, -5.697667218914260421E-16, -1.000000000000000000 ) ) ;
#4374 = DIRECTION ( 'NONE',  ( -0.000000000000000000, 1.000000000000000000, 0.000000000000000000 ) ) ;
#4375 = FACE_OUTER_BOUND ( 'NONE', #4147, .T. ) ;
#4376 = AXIS2_PLACEMENT_3D ( 'NONE', #312, #3246, #664 ) ;
#4377 = DIRECTION ( 'NONE',  ( 0.000000000000000000, 1.000000000000000000, 0.000000000000000000 ) ) ;
#4378 = CARTESIAN_POINT ( 'NONE',  ( 27.30665951316927931, 5.357218168938772784, -0.09174695092890516879 ) ) ;
#4379 = DIRECTION ( 'NONE',  ( 0.000000000000000000, 1.000000000000000000, -5.697667218914260421E-16 ) ) ;
#4380 = DIRECTION ( 'NONE',  ( 0.000000000000000000, 1.000000000000000000, 0.000000000000000000 ) ) ;
#4381 = ORIENTED_EDGE ( 'NONE', *, *, #914, .F. ) ;
#4382 = CIRCLE ( 'NONE', #1257, 16.93694705580329796 ) ;
#4383 = ORIENTED_EDGE ( 'NONE', *, *, #2010, .T. ) ;
#4384 = EDGE_CURVE ( 'NONE', #911, #3619, #2827, .T. ) ;
#4385 = DIRECTION ( 'NONE',  ( 0.000000000000000000, 0.000000000000000000, -1.000000000000000000 ) ) ;
#4386 = CARTESIAN_POINT ( 'NONE',  ( -19.68286915483071553, 25.55339647824940386, -0.09174695092890619574 ) ) ;
#4387 = AXIS2_PLACEMENT_3D ( 'NONE', #4593, #2422, #3843 ) ;
#4388 = CARTESIAN_POINT ( 'NONE',  ( -25.21442467116728992, -10.96368870168386067, -7.163421065410528144 ) ) ;
#4389 = ORIENTED_EDGE ( 'NONE', *, *, #574, .F. ) ;
#4390 = VECTOR ( 'NONE', #147, 1000.000000000000000 ) ;
#4391 = EDGE_CURVE ( 'NONE', #2841, #4038, #1766, .T. ) ;
#4392 = ORIENTED_EDGE ( 'NONE', *, *, #1036, .F. ) ;
#4393 = FACE_OUTER_BOUND ( 'NONE', #4600, .T. ) ;
#4394 = CARTESIAN_POINT ( 'NONE',  ( 25.14352536958796591, 3.064111916709348016, -17.76190397092889484 ) ) ;
#4395 = CARTESIAN_POINT ( 'NONE',  ( 5.210031353158812273, 49.42576294137244020, -12.78904415640332637 ) ) ;
#4396 = SHAPE_REPRESENTATION ( 'waste valve', ( #1408, #3435, #4255 ), #2313 ) ;
#4397 = CIRCLE ( 'NONE', #3506, 12.69976831227986125 ) ;
#4398 = CARTESIAN_POINT ( 'NONE',  ( -2.387237418930060251, 15.89021109396547260, 19.44796386195154625 ) ) ;
#4399 = VERTEX_POINT ( 'NONE', #59 ) ;
#4400 = CARTESIAN_POINT ( 'NONE',  ( 25.12040063756700192, -8.904801442643980991, 10.54602450326604668 ) ) ;
#4401 = CARTESIAN_POINT ( 'NONE',  ( -5.321973152460942380, 16.87969798728892457, 18.92363144484605897 ) ) ;
#4402 = CARTESIAN_POINT ( 'NONE',  ( -25.38831380285099826, 8.784070998924358165, 17.57841006907110071 ) ) ;
#4403 = EDGE_CURVE ( 'NONE', #2497, #4158, #478, .T. ) ;
#4404 = B_SPLINE_CURVE_WITH_KNOTS ( 'NONE', 3,
 ( #1315, #598, #3750, #1969, #1996, #3395, #194, #2028, #3045, #4476, #2346, #3072, #948, #568, #3819, #3450, #242, #619, #1672, #2741, #2047, #3115, #4548, #1340, #2765, #3952, #3179, #2157, #3862, #1752, #2850, #1040, #40, #1101 ),
 .UNSPECIFIED., .F., .F.,
 ( 4, 1, 1, 1, 1, 1, 1, 1, 2, 2, 1, 1, 1, 1, 2, 2, 1, 1, 1, 1, 1, 1, 1, 2, 2, 4 ),
 ( 0.000000000000000000, 0.1250000000000232592, 0.1875000000000349443, 0.2187500000000408007, 0.2343750000000436873, 0.2421875000000452138, 0.2460937500000460187, 0.2480468750000464906, 0.2490234375000464906, 0.2500000000000465183, 0.3750000000000330291, 0.4375000000000262568, 0.4687500000000228151, 0.4843750000000211497, 0.4921875000000200950, 0.5000000000000189848, 0.6250000000000011102, 0.6874999999999924505, 0.7187499999999882316, 0.7343749999999860112, 0.7421874999999846789, 0.7460937499999837907, 0.7480468749999837907, 0.7490234374999839018, 0.7499999999999841238, 1.000000000000000000 ),
 .UNSPECIFIED. ) ;
#4405 = CARTESIAN_POINT ( 'NONE',  ( -10.90518974943637254, 41.35198246893876473, -9.796838636805007994 ) ) ;
#4406 = CARTESIAN_POINT ( 'NONE',  ( -25.38831380285123629, 18.94659662212443152, -11.89456706672960351 ) ) ;
#4407 = CARTESIAN_POINT ( 'NONE',  ( -17.77965053477154100, 22.47451212011997868, 9.772226803024592456 ) ) ;
#4408 = ORIENTED_EDGE ( 'NONE', *, *, #2111, .F. ) ;
#4409 = ORIENTED_EDGE ( 'NONE', *, *, #3163, .F. ) ;
#4410 = DIRECTION ( 'NONE',  ( -0.000000000000000000, -1.000000000000000000, -0.000000000000000000 ) ) ;
#4411 = CARTESIAN_POINT ( 'NONE',  ( 16.12084922779547114, 19.44321317381890779, -13.85809889014646856 ) ) ;
#4412 = SURFACE_STYLE_FILL_AREA ( #2989 ) ;
#4413 = CARTESIAN_POINT ( 'NONE',  ( -25.56710097856785424, -12.28216355452925157, -4.879755631780423819 ) ) ;
#4414 = DIRECTION ( 'NONE',  ( 0.000000000000000000, 0.000000000000000000, 1.000000000000000000 ) ) ;
#4415 = ORIENTED_EDGE ( 'NONE', *, *, #4250, .T. ) ;
#4416 = ORIENTED_EDGE ( 'NONE', *, *, #1711, .F. ) ;
#4417 = CARTESIAN_POINT ( 'NONE',  ( -5.042815481178368309, 23.64382223299684327, -19.07992156923686267 ) ) ;
#4418 = CARTESIAN_POINT ( 'NONE',  ( 25.73803953927554744, -1.589713701051260086, -17.76190397092889128 ) ) ;
#4419 = CARTESIAN_POINT ( 'NONE',  ( -22.20798793257640114, 5.357218168938772784, 17.07581914090659936 ) ) ;
#4420 = EDGE_CURVE ( 'NONE', #4164, #888, #4009, .T. ) ;
#4421 = CARTESIAN_POINT ( 'NONE',  ( -19.68286915483071553, 25.55339647824940386, -0.09174695092890619574 ) ) ;
#4422 = CARTESIAN_POINT ( 'NONE',  ( 25.67214315252882528, -6.815912926513314041, 14.16408554455151325 ) ) ;
#4423 = CARTESIAN_POINT ( 'NONE',  ( -4.794125739830717770, 25.31795109893877083, -0.09174695092890516879 ) ) ;
#4424 = DIRECTION ( 'NONE',  ( -1.000000000000000000, 0.000000000000000000, 0.000000000000000000 ) ) ;
#4425 = DIRECTION ( 'NONE',  ( 0.3826834323650898928, 0.000000000000000000, 0.9238795325112867385 ) ) ;
#4426 = EDGE_CURVE ( 'NONE', #2261, #3664, #1861, .T. ) ;
#4427 = CARTESIAN_POINT ( 'NONE',  ( -25.22986770882861052, 21.75106376781515038, -7.037087482235619085 ) ) ;
#4428 = CARTESIAN_POINT ( 'NONE',  ( 7.649040926218696690, 16.84609346593785517, 18.14613780941633792 ) ) ;
#4429 = LINE ( 'NONE', #3056, #867 ) ;
#4430 = ORIENTED_EDGE ( 'NONE', *, *, #2066, .F. ) ;
#4431 = ORIENTED_EDGE ( 'NONE', *, *, #3575, .T. ) ;
#4432 = DIRECTION ( 'NONE',  ( 1.000000000000000000, 0.000000000000000000, 0.000000000000000000 ) ) ;
#4433 = CARTESIAN_POINT ( 'NONE',  ( -17.78251737695929435, 22.47193704875421005, -9.957131527600884269 ) ) ;
#4434 = LINE ( 'NONE', #2037, #1624 ) ;
#4435 = CARTESIAN_POINT ( 'NONE',  ( -25.51726354391520957, -7.780590663411627972, -12.67670859317087562 ) ) ;
#4436 = EDGE_LOOP ( 'NONE', ( #815, #1804, #4285, #3318, #435, #2975, #384 ) ) ;
#4437 = ORIENTED_EDGE ( 'NONE', *, *, #4519, .F. ) ;
#4438 = CLOSED_SHELL ( 'NONE', ( #2060, #3686, #2249, #2307, #1626, #2532, #2199, #2287, #81, #3821 ) ) ;
#4439 = CARTESIAN_POINT ( 'NONE',  ( -25.13911657952740697, 20.00309416040566646, 9.881165750497212130 ) ) ;
#4440 = DIRECTION ( 'NONE',  ( -1.000000000000000000, -0.000000000000000000, -0.000000000000000000 ) ) ;
#4441 = LINE ( 'NONE', #2269, #4390 ) ;
#4442 = CARTESIAN_POINT ( 'NONE',  ( 25.80142391516927702, 24.84791403315915304, 1.489691577368809527 ) ) ;
#4443 = ORIENTED_EDGE ( 'NONE', *, *, #2963, .F. ) ;
#4444 = PLANE ( 'NONE',  #3999 ) ;
#4445 = EDGE_CURVE ( 'NONE', #3112, #2557, #4501, .T. ) ;
#4446 = ADVANCED_FACE ( 'NONE', ( #1525 ), #1297, .F. ) ;
#4447 = PLANE ( 'NONE',  #3489 ) ;
#4448 =( GEOMETRIC_REPRESENTATION_CONTEXT ( 3 ) GLOBAL_UNCERTAINTY_ASSIGNED_CONTEXT ( ( #2056 ) ) GLOBAL_UNIT_ASSIGNED_CONTEXT ( ( #4129, #3143, #3803 ) ) REPRESENTATION_CONTEXT ( 'NONE', 'WORKASPACE' ) );
#4449 = CARTESIAN_POINT ( 'NONE',  ( -0.04936135483071932978, 35.46193012893877494, -0.09174695092890516879 ) ) ;
#4450 = CIRCLE ( 'NONE', #2440, 19.82984287800000089 ) ;
#4451 = CARTESIAN_POINT ( 'NONE',  ( 25.80142391516927702, 15.55908808105873220, 17.57841006907109360 ) ) ;
#4452 = CARTESIAN_POINT ( 'NONE',  ( -25.74697549666888108, 23.67689465459062248, -3.701450539555071195 ) ) ;
#4453 = CARTESIAN_POINT ( 'NONE',  ( 0.7934203173312338597, 14.54912369759621349, 19.85779643810211681 ) ) ;
#4454 = CIRCLE ( 'NONE', #2661, 14.56151828499999823 ) ;
#4455 = CARTESIAN_POINT ( 'NONE',  ( 25.12033637505329153, -10.98606508187804565, -7.124664038024724810 ) ) ;
#4456 = VERTEX_POINT ( 'NONE', #811 ) ;
#4457 = VECTOR ( 'NONE', #1794, 1000.000000000000000 ) ;
#4458 = VERTEX_POINT ( 'NONE', #3663 ) ;
#4459 = CARTESIAN_POINT ( 'NONE',  ( 22.10926522291496354, -11.81034792289672986, -0.09174695092890516879 ) ) ;
#4460 = CARTESIAN_POINT ( 'NONE',  ( -2.776500227702574097, 15.17776593488204995, -19.79702717978315718 ) ) ;
#4461 = CARTESIAN_POINT ( 'NONE',  ( 0.7643323752722311903, 41.35198246893876473, 14.44701906541439484 ) ) ;
#4462 = CARTESIAN_POINT ( 'NONE',  ( -0.7081450921521601494, 5.357218168938795877, -1.396594728885399039 ) ) ;
#4463 = VECTOR ( 'NONE', #677, 1000.000000000000000 ) ;
#4464 = ORIENTED_EDGE ( 'NONE', *, *, #2866, .T. ) ;
#4465 = ORIENTED_EDGE ( 'NONE', *, *, #2772, .F. ) ;
#4466 = VECTOR ( 'NONE', #518, 1000.000000000000000 ) ;
#4467 = CARTESIAN_POINT ( 'NONE',  ( -0.04936135483071932978, 41.35198246893876473, -0.09174695092890516879 ) ) ;
#4468 = DIRECTION ( 'NONE',  ( -1.000000000000000000, 0.000000000000000000, 0.000000000000000000 ) ) ;
#4469 = EDGE_LOOP ( 'NONE', ( #1121, #2424, #1208, #2665 ) ) ;
#4470 = CARTESIAN_POINT ( 'NONE',  ( 22.10926522291495999, -11.81034792289671032, -17.25931304276438638 ) ) ;
#4471 = VECTOR ( 'NONE', #2918, 1000.000000000000000 ) ;
#4472 = CARTESIAN_POINT ( 'NONE',  ( 25.69024839415354577, 23.87722432791783334, 3.170975465230811530 ) ) ;
#4473 = ORIENTED_EDGE ( 'NONE', *, *, #2909, .F. ) ;
#4474 = CARTESIAN_POINT ( 'NONE',  ( -25.90014662483071817, -4.844651743181184855, -17.76190397092890194 ) ) ;
#4475 = AXIS2_PLACEMENT_3D ( 'NONE', #2840, #1090, #4577 ) ;
#4476 = CARTESIAN_POINT ( 'NONE',  ( 25.67330326714981936, 11.62754382143958054, 17.57841006907108650 ) ) ;
#4477 = CARTESIAN_POINT ( 'NONE',  ( -25.90014662483071817, -4.844651743181184855, 17.57841006907109360 ) ) ;
#4478 = DIRECTION ( 'NONE',  ( 0.000000000000000000, -0.4999999999999998890, -0.8660254037844387076 ) ) ;
#4479 = CIRCLE ( 'NONE', #2019, 8.500000000000000000 ) ;
#4480 = CARTESIAN_POINT ( 'NONE',  ( -10.56814677080980580, 41.35198246893876473, -10.61053236690799118 ) ) ;
#4481 = CARTESIAN_POINT ( 'NONE',  ( -25.75971526490168628, 17.58182644144732265, -14.25841836031730914 ) ) ;
#4482 = CARTESIAN_POINT ( 'NONE',  ( 4.416023489111208455, 15.07146999793269515, 19.42969559237434041 ) ) ;
#4483 = CARTESIAN_POINT ( 'NONE',  ( -10.19334038483071758, 25.31795109893877083, -24.20823903192890825 ) ) ;
#4484 = EDGE_CURVE ( 'NONE', #3859, #1633, #2755, .T. ) ;
#4485 = ORIENTED_EDGE ( 'NONE', *, *, #3536, .F. ) ;
#4486 = FACE_OUTER_BOUND ( 'NONE', #4365, .T. ) ;
#4487 = DIRECTION ( 'NONE',  ( -1.000000000000000000, 0.000000000000000000, 0.000000000000000000 ) ) ;
#4488 = CARTESIAN_POINT ( 'NONE',  ( -23.28234558483071481, 5.357218168938772784, 19.46300114487439004 ) ) ;
#4489 = VERTEX_POINT ( 'NONE', #1134 ) ;
#4490 = EDGE_CURVE ( 'NONE', #2388, #3241, #2001, .T. ) ;
#4491 = ORIENTED_EDGE ( 'NONE', *, *, #1307, .T. ) ;
#4492 = CARTESIAN_POINT ( 'NONE',  ( -25.15774690739660358, 21.37227167068414602, 7.509680738114235865 ) ) ;
#4493 = EDGE_CURVE ( 'NONE', #1051, #3902, #2607, .T. ) ;
#4494 = DIRECTION ( 'NONE',  ( 0.000000000000000000, 1.000000000000000000, 0.000000000000000000 ) ) ;
#4495 = CARTESIAN_POINT ( 'NONE',  ( -15.12353291759644769, 18.83918749198666376, 14.78344169563649757 ) ) ;
#4496 = DIRECTION ( 'NONE',  ( 0.000000000000000000, 0.000000000000000000, 1.000000000000000000 ) ) ;
#4497 = ORIENTED_EDGE ( 'NONE', *, *, #681, .F. ) ;
#4498 = CARTESIAN_POINT ( 'NONE',  ( 25.80142391516927702, -14.13347769528161280, 1.489691577368835951 ) ) ;
#4499 = CARTESIAN_POINT ( 'NONE',  ( -0.7081450921521601494, 5.357218168938795877, 1.213100827027545181 ) ) ;
#4500 = PLANE ( 'NONE',  #289 ) ;
#4501 = LINE ( 'NONE', #1276, #3802 ) ;
#4502 = CARTESIAN_POINT ( 'NONE',  ( -14.69559187097222441, 22.33780921642996731, -13.16670380287745346 ) ) ;
#4503 = CARTESIAN_POINT ( 'NONE',  ( -25.76937346340228530, 17.53737555582348406, -14.33540955265921468 ) ) ;
#4504 = CARTESIAN_POINT ( 'NONE',  ( 11.20000731774770131, 18.49957641349816839, 16.36503153263980792 ) ) ;
#4505 = FACE_OUTER_BOUND ( 'NONE', #4194, .T. ) ;
#4506 = B_SPLINE_CURVE_WITH_KNOTS ( 'NONE', 3,
 ( #749, #721, #3576, #3240, #1461, #3901, #3549, #13, #1438, #4322, #388, #2194, #3616, #410, #1838, #1511, #91, #4435, #4362, #462, #3317, #4090, #2936, #1914, #1236, #2633, #3384, #2244, #3341, #2656, #532, #511, #1213, #142, #1190, #3644, #4017, #3739, #4065, #4388, #113, #868, #1162, #1535, #2990, #1564, #1891, #3362, #3715, #1938, #2265, #894, #4413, #2288, #162, #844, #2587, #441, #3669, #2316, #819, #1585, #793, #2219, #3010, #2965 ),
 .UNSPECIFIED., .F., .F.,
 ( 4, 1, 1, 1, 1, 1, 1, 1, 2, 2, 1, 1, 1, 1, 2, 2, 1, 1, 1, 1, 1, 1, 1, 2, 2, 2, 1, 1, 1, 1, 1, 1, 1, 2, 2, 1, 1, 1, 1, 2, 2, 1, 1, 1, 1, 1, 1, 1, 2, 2, 4 ),
 ( 0.000000000000000000, 0.06250000000001854072, 0.09375000000002794986, 0.1093750000000326822, 0.1171875000000350275, 0.1210937500000362349, 0.1230468750000368178, 0.1240234375000371647, 0.1245117187500373729, 0.1250000000000375810, 0.1875000000000627831, 0.2187500000000755507, 0.2343750000000820732, 0.2421875000000853484, 0.2460937500000869305, 0.2500000000000885403, 0.3125000000001134648, 0.3437500000001257883, 0.3593750000001322276, 0.3671875000001352252, 0.3710937500001368905, 0.3730468750001377787, 0.3740234375001382228, 0.3745117187501382783, 0.3750000000001383893, 0.5000000000001563194, 0.5625000000001653122, 0.5937500000001695311, 0.6093750000001717515, 0.6171875000001729727, 0.6210937500001736389, 0.6230468750001737499, 0.6240234375001737499, 0.6245117187501737499, 0.6250000000001736389, 0.6875000000001415534, 0.7187500000001253442, 0.7343750000001173506, 0.7421875000001133538, 0.7460937500001112443, 0.7500000000001090239, 0.8125000000000766054, 0.8437500000000603961, 0.8593750000000524025, 0.8671875000000484057, 0.8710937500000464073, 0.8730468750000455191, 0.8740234375000450751, 0.8745117187500448530, 0.8750000000000445199, 1.000000000000000000 ),
 .UNSPECIFIED. ) ;
#4507 = ORIENTED_EDGE ( 'NONE', *, *, #367, .T. ) ;
#4508 = DIRECTION ( 'NONE',  ( 0.000000000000000000, 0.8660254037844384856, -0.5000000000000003331 ) ) ;
#4509 = EDGE_CURVE ( 'NONE', #3335, #1145, #2096, .T. ) ;
#4510 = CARTESIAN_POINT ( 'NONE',  ( -14.77449220483071635, 5.357218168938774561, -12.36268932592890302 ) ) ;
#4511 = LINE ( 'NONE', #2408, #1479 ) ;
#4512 = CARTESIAN_POINT ( 'NONE',  ( 25.80142391516927702, 13.73300016101966747, 17.57841006907109360 ) ) ;
#4513 = ORIENTED_EDGE ( 'NONE', *, *, #1111, .T. ) ;
#4514 = ORIENTED_EDGE ( 'NONE', *, *, #680, .F. ) ;
#4515 = CARTESIAN_POINT ( 'NONE',  ( -25.38831380286165995, 22.37344945215712144, 5.775589953193951409 ) ) ;
#4516 = EDGE_CURVE ( 'NONE', #989, #389, #2030, .T. ) ;
#4517 = DIRECTION ( 'NONE',  ( 1.000000000000000000, 0.000000000000000000, 0.000000000000000000 ) ) ;
#4518 = CARTESIAN_POINT ( 'NONE',  ( 1.809277295169274602, 5.357218168938772784, -8.591746950928905946 ) ) ;
#4519 = EDGE_CURVE ( 'NONE', #1313, #3991, #4397, .T. ) ;
#4520 = CARTESIAN_POINT ( 'NONE',  ( -19.68286915483071553, 26.19954656072355448, -0.09174695092890644554 ) ) ;
#4521 = ORIENTED_EDGE ( 'NONE', *, *, #1440, .T. ) ;
#4522 = DIRECTION ( 'NONE',  ( -1.000000000000000000, -0.000000000000000000, -0.000000000000000000 ) ) ;
#4523 = LINE ( 'NONE', #3770, #4234 ) ;
#4524 = CARTESIAN_POINT ( 'NONE',  ( -10.19334038483071758, 25.31795109893877083, -24.20823903192890825 ) ) ;
#4525 = LINE ( 'NONE', #244, #3201 ) ;
#4526 = CARTESIAN_POINT ( 'NONE',  ( 1.598164072887295725E-16, -25.00000000000000000, -1.304999999999999938 ) ) ;
#4527 = CARTESIAN_POINT ( 'NONE',  ( -23.28234558483071481, 5.357218168938774561, -17.02869400673220213 ) ) ;
#4528 = AXIS2_PLACEMENT_3D ( 'NONE', #1409, #4286, #3605 ) ;
#4529 = CARTESIAN_POINT ( 'NONE',  ( 25.34336741533782700, -8.041541255841188729, -12.22472890881766716 ) ) ;
#4530 = ORIENTED_EDGE ( 'NONE', *, *, #789, .T. ) ;
#4531 = LINE ( 'NONE', #1302, #404 ) ;
#4532 = VECTOR ( 'NONE', #4148, 1000.000000000000114 ) ;
#4533 = CARTESIAN_POINT ( 'NONE',  ( -25.24224807926589165, -11.09213982543194632, 6.757443290931721691 ) ) ;
#4534 = LINE ( 'NONE', #2706, #3276 ) ;
#4535 = EDGE_LOOP ( 'NONE', ( #1464, #946 ) ) ;
#4536 = AXIS2_PLACEMENT_3D ( 'NONE', #1274, #3838, #220 ) ;
#4537 = EDGE_CURVE ( 'NONE', #92, #1145, #4525, .T. ) ;
#4538 = CARTESIAN_POINT ( 'NONE',  ( -25.11418053060524969, 21.06133417437109401, 8.048240279706705635 ) ) ;
#4539 = CARTESIAN_POINT ( 'NONE',  ( 25.00054300605774316, 5.357218168938773672, -17.76190397092890905 ) ) ;
#4540 = AXIS2_PLACEMENT_3D ( 'NONE', #4276, #4630, #3900 ) ;
#4541 = CARTESIAN_POINT ( 'NONE',  ( 14.51215693016927766, 41.35198246893876473, -0.09174695092890727821 ) ) ;
#4542 = ADVANCED_FACE ( 'NONE', ( #1182 ), #453, .T. ) ;
#4543 = EDGE_CURVE ( 'NONE', #122, #1081, #2237, .T. ) ;
#4544 = AXIS2_PLACEMENT_3D ( 'NONE', #2859, #1348, #3916 ) ;
#4545 = DIRECTION ( 'NONE',  ( 0.000000000000000000, 0.000000000000000000, 1.000000000000000000 ) ) ;
#4546 = ORIENTED_EDGE ( 'NONE', *, *, #3477, .T. ) ;
#4547 = CARTESIAN_POINT ( 'NONE',  ( 25.67121292628500484, -13.07087600111644043, 3.330171699871660618 ) ) ;
#4548 = CARTESIAN_POINT ( 'NONE',  ( 25.17206816840004890, 7.893119824253487238, 17.57841006907109005 ) ) ;
#4549 = DIRECTION ( 'NONE',  ( 0.000000000000000000, 0.000000000000000000, 1.000000000000000000 ) ) ;
#4550 = TOROIDAL_SURFACE ( 'NONE', #3570, 19.55474809580329776, 2.617801039999999801 ) ;
#4551 = CIRCLE ( 'NONE', #2674, 17.16756609183550353 ) ;
#4552 = CARTESIAN_POINT ( 'NONE',  ( -15.26937976754248005, 23.47352272177269938, -12.49461828223326521 ) ) ;
#4553 = CARTESIAN_POINT ( 'NONE',  ( 7.966053270385218710, 16.21698422376218574, 18.31827403392672693 ) ) ;
#4554 = ADVANCED_FACE ( 'NONE', ( #2209 ), #1481, .T. ) ;
#4555 = CARTESIAN_POINT ( 'NONE',  ( -25.90014662483071817, 16.47213204107826101, -16.18046544263119912 ) ) ;
#4556 = VERTEX_POINT ( 'NONE', #6 ) ;
#4557 = DIRECTION ( 'NONE',  ( 0.000000000000000000, 0.000000000000000000, -1.000000000000000000 ) ) ;
#4558 = DIRECTION ( 'NONE',  ( 1.000000000000000000, 0.000000000000000000, 0.000000000000000000 ) ) ;
#4559 = CARTESIAN_POINT ( 'NONE',  ( 10.46942406114836821, 48.15826517293877629, -10.61053236690799118 ) ) ;
#4560 = EDGE_LOOP ( 'NONE', ( #4465, #1056, #306, #3983 ) ) ;
#4561 = CARTESIAN_POINT ( 'NONE',  ( 1.598164072887295725E-16, 0.000000000000000000, -1.304999999999999938 ) ) ;
#4562 = FACE_OUTER_BOUND ( 'NONE', #354, .T. ) ;
#4563 = CARTESIAN_POINT ( 'NONE',  ( 21.64764561535434950, 22.46420885424785396, 3.976192385510444627 ) ) ;
#4564 = CARTESIAN_POINT ( 'NONE',  ( 25.12033637505330930, 21.70050141975569957, 6.941170136166719296 ) ) ;
#4565 = EDGE_LOOP ( 'NONE', ( #1422, #1293, #210, #2444 ) ) ;
#4566 = CARTESIAN_POINT ( 'NONE',  ( -25.83676224893698858, -1.589713701051225891, 17.57841006907111137 ) ) ;
#4567 = CARTESIAN_POINT ( 'NONE',  ( -14.77449220483071635, 5.357218168938772784, -0.09174695092890516879 ) ) ;
#4568 = DIRECTION ( 'NONE',  ( 1.000000000000000000, 0.000000000000000000, 0.000000000000000000 ) ) ;
#4569 = EDGE_CURVE ( 'NONE', #3902, #1817, #976, .T. ) ;
#4570 = ORIENTED_EDGE ( 'NONE', *, *, #2092, .F. ) ;
#4571 = CARTESIAN_POINT ( 'NONE',  ( -15.57184338297758686, 24.84127901219125079, -12.11369570710946952 ) ) ;
#4572 = CARTESIAN_POINT ( 'NONE',  ( 1.685455812574000678, 14.35503886821771147, -20.09436349147773981 ) ) ;
#4573 = CARTESIAN_POINT ( 'NONE',  ( 25.80142391516928768, 16.62139789745238616, -15.92192939555594755 ) ) ;
#4574 = EDGE_CURVE ( 'NONE', #851, #3845, #1432, .T. ) ;
#4575 =( BOUNDED_CURVE ( )  B_SPLINE_CURVE ( 2, ( #1102, #3582, #1468 ),
 .UNSPECIFIED., .F., .F. ) 
 B_SPLINE_CURVE_WITH_KNOTS ( ( 3, 3 ),
 ( 0.000000000000000000, 1.751308635449589923 ),
 .UNSPECIFIED. ) 
 CURVE ( )  GEOMETRIC_REPRESENTATION_ITEM ( )  RATIONAL_B_SPLINE_CURVE ( ( 1.000000000000000000, 1.082392200292400020, 1.000000000000000000 ) ) 
 REPRESENTATION_ITEM ( '' )  );
#4576 = CARTESIAN_POINT ( 'NONE',  ( -25.65045932221790181, -7.310434433444061852, 13.30754916911192254 ) ) ;
#4577 = DIRECTION ( 'NONE',  ( -1.000000000000000000, 0.000000000000000000, 0.000000000000000000 ) ) ;
#4578 = ORIENTED_EDGE ( 'NONE', *, *, #4403, .F. ) ;
#4579 = CARTESIAN_POINT ( 'NONE',  ( 10.80646703977493317, 41.35198246893876473, -9.796838636805007994 ) ) ;
#4580 = CYLINDRICAL_SURFACE ( 'NONE', #1099, 9.000000000000000000 ) ;
#4581 = CARTESIAN_POINT ( 'NONE',  ( -8.392144277728531776, 15.79975742506772107, -18.84017442430595679 ) ) ;
#4582 = ORIENTED_EDGE ( 'NONE', *, *, #2423, .T. ) ;
#4583 = DIRECTION ( 'NONE',  ( -1.000000000000000000, 0.000000000000000000, 0.000000000000000000 ) ) ;
#4584 = ORIENTED_EDGE ( 'NONE', *, *, #4519, .T. ) ;
#4585 = CARTESIAN_POINT ( 'NONE',  ( -27.40538222283071335, 5.357218168938774561, -12.57268475531386720 ) ) ;
#4586 = CARTESIAN_POINT ( 'NONE',  ( -6.134325584439517698, 28.88365942430795030, -18.75900949641713922 ) ) ;
#4587 = FACE_OUTER_BOUND ( 'NONE', #4436, .T. ) ;
#4588 = EDGE_CURVE ( 'NONE', #1817, #3902, #4479, .T. ) ;
#4589 = EDGE_CURVE ( 'NONE', #3693, #3222, #1523, .T. ) ;
#4590 = ORIENTED_EDGE ( 'NONE', *, *, #1335, .F. ) ;
#4591 = PLANE ( 'NONE',  #2735 ) ;
#4592 = CARTESIAN_POINT ( 'NONE',  ( -17.23895392323471043, 24.21987487433279895, -10.36511691888657971 ) ) ;
#4593 = CARTESIAN_POINT ( 'NONE',  ( -10.19334038483071758, 25.31795109893877083, -23.91373641492890556 ) ) ;
#4594 = AXIS2_PLACEMENT_3D ( 'NONE', #2312, #4432, #2262 ) ;
#4595 = DIRECTION ( 'NONE',  ( 0.000000000000000000, -1.000000000000000000, 0.000000000000000000 ) ) ;
#4596 = DIRECTION ( 'NONE',  ( -1.000000000000000000, 0.000000000000000000, 0.000000000000000000 ) ) ;
#4597 = CARTESIAN_POINT ( 'NONE',  ( 27.30665951316927931, 5.357218168938772784, -0.09174695092890516879 ) ) ;
#4598 = VECTOR ( 'NONE', #3022, 1000.000000000000000 ) ;
#4599 = CARTESIAN_POINT ( 'NONE',  ( -25.21017190164223720, 3.362634867248681658, -17.76190397092890194 ) ) ;
#4600 = EDGE_LOOP ( 'NONE', ( #1863, #3826, #3840, #828 ) ) ;
#4601 = TOROIDAL_SURFACE ( 'NONE', #1246, 19.55474809580329776, 2.617801039999999801 ) ;
#4602 = DIRECTION ( 'NONE',  ( 0.000000000000000000, -1.000000000000000000, 0.000000000000000000 ) ) ;
#4603 = DIRECTION ( 'NONE',  ( 0.000000000000000000, 0.000000000000000000, -1.000000000000000000 ) ) ;
#4604 = ADVANCED_FACE ( 'NONE', ( #2512, #3979 ), #2952, .T. ) ;
#4605 = CARTESIAN_POINT ( 'NONE',  ( 14.40582689327446886, 22.14146267115774336, -13.77672051170053891 ) ) ;
#4606 = CIRCLE ( 'NONE', #2882, 5.399214644999999813 ) ;
#4607 = ORIENTED_EDGE ( 'NONE', *, *, #1908, .T. ) ;
#4608 = CARTESIAN_POINT ( 'NONE',  ( 25.11144671274406548, 19.66274328620176348, 10.47067075701887262 ) ) ;
#4609 = ORIENTED_EDGE ( 'NONE', *, *, #4493, .F. ) ;
#4610 = MECHANICAL_DESIGN_GEOMETRIC_PRESENTATION_REPRESENTATION (  '', ( #1768 ), #2745 ) ;
#4611 = FACE_OUTER_BOUND ( 'NONE', #3412, .T. ) ;
#4612 = DIRECTION ( 'NONE',  ( 0.000000000000000000, 1.000000000000000000, 0.000000000000000000 ) ) ;
#4613 = CARTESIAN_POINT ( 'NONE',  ( 25.80142391516927702, -3.018563823142123237, -17.76190397092890194 ) ) ;
#4614 = VECTOR ( 'NONE', #2883, 1000.000000000000000 ) ;
#4615 = ORIENTED_EDGE ( 'NONE', *, *, #2349, .T. ) ;
#4616 = CARTESIAN_POINT ( 'NONE',  ( 25.11983828796158846, 7.433394717840323018, -17.76190397092889839 ) ) ;
#4617 = CIRCLE ( 'NONE', #2595, 19.96073292999999893 ) ;
#4618 = CARTESIAN_POINT ( 'NONE',  ( 10.70474732710521160, 19.64394391443790866, 16.52340874484822564 ) ) ;
#4619 = CARTESIAN_POINT ( 'NONE',  ( -0.04936135483071932978, 41.35198246893876473, -0.09174695092890516879 ) ) ;
#4620 = DIRECTION ( 'NONE',  ( 0.000000000000000000, -0.000000000000000000, -1.000000000000000000 ) ) ;
#4621 = CIRCLE ( 'NONE', #3055, 19.55474809580329776 ) ;
#4622 = B_SPLINE_SURFACE_WITH_KNOTS ( 'NONE', 3, 3, ( 
 ( #4360, #2421, #1344, #2314, #1233, #1362, #3713, #4572, #3736, #2770, #4411, #530, #3409, #1583, #670, #1718, #891, #2334, #3122, #3520, #644, #1958, #4113, #3758, #2988, #2790, #1001, #4201 ),
 ( #4087, #1562, #295, #4219, #3868, #913, #266, #1021, #3382, #2654, #3842, #1696, #2446, #2102, #179, #2076, #3145, #4553, #3497, #1211, #554, #2632, #4063, #3008, #865, #1979, #2285, #509 ),
 ( #1935, #3360, #160, #4433, #1606, #3032, #4460, #1260, #2682, #1806, #357, #3912, #1108, #2529, #317, #1410, #1738, #2487, #2183, #3, #398, #2836, #4269, #3606, #2120, #689, #1827, #335 ),
 ( #2548, #3164, #1785, #3539, #3253, #3229, #3976, #1064, #3933, #49, #4246, #1447, #710, #4287, #3208, #1383, #2855, #2140, #2875, #3892, #4309, #1083, #1429, #1476, #1046, #735, #2203, #2507 ),
 ( #3561, #2163, #3957, #4592, #3585, #2811, #378, #2902, #22, #778, #758, #4331, #1128, #1758, #2469, #3185, #4618, #1948, #4350, #4053, #905, #4401, #1899, #1248, #2300, #3727, #1520, #830 ) ),
 .UNSPECIFIED., .F., .T., .F.,
 ( 4, 1, 4 ),
 ( 4, 1, 1, 1, 1, 1, 1, 1, 1, 1, 1, 1, 1, 1, 1, 1, 1, 1, 1, 1, 1, 1, 1, 1, 1, 4 ),
 ( 0.000000000000000000, 0.5714285714285709528, 1.000000000000000000 ),
 ( -22.91150897383720064, -22.09324079620009940, -21.27497261856309763, -19.63843626328899816, -18.54741202643959852, -17.45638778959019888, -16.91087567116549906, -16.36536355274080279, -15.27433931589139959, -14.18331507904199995, -13.09229084219269978, -12.00126660534329837, -10.91024236849390050, -9.819218131644499081, -8.728193894795110097, -7.637169657945719337, -7.091657539521020404, -6.546145421096330352, -5.727877243459289502, -5.318743154640770854, -4.909609065822250429, -4.091340888185209579, -3.273072710548170061, -1.636536355274080146, -0.8182681776370419602, 0.000000000000000000 ),
 .UNSPECIFIED. ) ;
#4623 = DIRECTION ( 'NONE',  ( 0.000000000000000000, 0.000000000000000000, -1.000000000000000000 ) ) ;
#4624 = CARTESIAN_POINT ( 'NONE',  ( -25.48361335432482377, -7.896847299443051860, 12.29185229098957954 ) ) ;
#4625 = AXIS2_PLACEMENT_3D ( 'NONE', #1318, #980, #600 ) ;
#4626 = DIRECTION ( 'NONE',  ( 0.000000000000000000, -0.4999999999999998890, 0.8660254037844387076 ) ) ;
#4627 = EDGE_CURVE ( 'NONE', #3583, #1745, #2464, .T. ) ;
#4628 = ORIENTED_EDGE ( 'NONE', *, *, #2748, .F. ) ;
#4629 = CARTESIAN_POINT ( 'NONE',  ( -25.90014662483071817, 16.47213204107826101, 15.99697154077339079 ) ) ;
#4630 = DIRECTION ( 'NONE',  ( -0.000000000000000000, 1.000000000000000000, -0.000000000000000000 ) ) ;
#4631 = CARTESIAN_POINT ( 'NONE',  ( 9.966967216562562015, 19.15162010829142503, -17.29047964510509061 ) ) ;
#4632 = ORIENTED_EDGE ( 'NONE', *, *, #789, .F. ) ;
#4633 = ADVANCED_FACE ( 'NONE', ( #3938 ), #517, .F. ) ;
#4634 = ORIENTED_EDGE ( 'NONE', *, *, #1568, .F. ) ;
#4635 = DIRECTION ( 'NONE',  ( 1.000000000000000000, 0.000000000000000000, 0.000000000000000000 ) ) ;
#4636 = NEXT_ASSEMBLY_USAGE_OCCURRENCE ( 'NAUO1', ' ', ' ', #2934, #3771, $ ) ;
#4637 = NEXT_ASSEMBLY_USAGE_OCCURRENCE ( 'NAUO2', ' ', ' ', #2934, #3911, $ ) ;
ENDSEC;
END-ISO-10303-21;
